file,palm,variety_code,session,variety,maturity7,split
B1.S1.B.1.JPG,B1,B,S1,Barhi,1_Immature-1,val
B1.S1.B.10.JPG,B1,B,S1,Barhi,1_Immature-1,val
B1.S1.B.11.JPG,B1,B,S1,Barhi,1_Immature-1,val
B1.S1.B.12.JPG,B1,B,S1,Barhi,1_Immature-1,val
B1.S1.B.13.JPG,B1,B,S1,Barhi,1_Immature-1,val
B1.S1.B.14.JPG,B1,B,S1,Barhi,1_Immature-1,val
B1.S1.B.15.JPG,B1,B,S1,Barhi,1_Immature-1,val
B1.S1.B.16.JPG,B1,B,S1,Barhi,1_Immature-1,val
B1.S1.B.17.JPG,B1,B,S1,Barhi,1_Immature-1,val
B1.S1.B.18.JPG,B1,B,S1,Barhi,1_Immature-1,val
B1.S1.B.19.JPG,B1,B,S1,Barhi,1_Immature-1,val
B1.S1.B.2.JPG,B1,B,S1,Barhi,1_Immature-1,val
B1.S1.B.20.JPG,B1,B,S1,Barhi,1_Immature-1,val
B1.S1.B.21.JPG,B1,B,S1,Barhi,1_Immature-1,val
B1.S1.B.22.JPG,B1,B,S1,Barhi,1_Immature-1,val
B1.S1.B.23.JPG,B1,B,S1,Barhi,1_Immature-1,val
B1.S1.B.24.JPG,B1,B,S1,Barhi,1_Immature-1,val
B1.S1.B.25.JPG,B1,B,S1,Barhi,1_Immature-1,val
B1.S1.B.26.JPG,B1,B,S1,Barhi,1_Immature-1,val
B1.S1.B.27.JPG,B1,B,S1,Barhi,1_Immature-1,val
B1.S1.B.28.JPG,B1,B,S1,Barhi,1_Immature-1,val
B1.S1.B.29.JPG,B1,B,S1,Barhi,1_Immature-1,val
B1.S1.B.3.JPG,B1,B,S1,Barhi,1_Immature-1,val
B1.S1.B.30.JPG,B1,B,S1,Barhi,1_Immature-1,val
B1.S1.B.31.JPG,B1,B,S1,Barhi,1_Immature-1,val
B1.S1.B.4.JPG,B1,B,S1,Barhi,1_Immature-1,val
B1.S1.B.5.JPG,B1,B,S1,Barhi,1_Immature-1,val
B1.S1.B.6.JPG,B1,B,S1,Barhi,1_Immature-1,val
B1.S1.B.7.JPG,B1,B,S1,Barhi,1_Immature-1,val
B1.S1.B.8.JPG,B1,B,S1,Barhi,1_Immature-1,val
B1.S1.B.9.JPG,B1,B,S1,Barhi,1_Immature-1,val
B1.S2.B.1.JPG,B1,B,S2,Barhi,1_Immature-1,val
B1.S2.B.10.JPG,B1,B,S2,Barhi,1_Immature-1,val
B1.S2.B.11.JPG,B1,B,S2,Barhi,1_Immature-1,val
B1.S2.B.12.JPG,B1,B,S2,Barhi,1_Immature-1,val
B1.S2.B.13.JPG,B1,B,S2,Barhi,1_Immature-1,val
B1.S2.B.14.JPG,B1,B,S2,Barhi,1_Immature-1,val
B1.S2.B.15.JPG,B1,B,S2,Barhi,1_Immature-1,val
B1.S2.B.16.JPG,B1,B,S2,Barhi,1_Immature-1,val
B1.S2.B.17.JPG,B1,B,S2,Barhi,1_Immature-1,val
B1.S2.B.18.JPG,B1,B,S2,Barhi,1_Immature-1,val
B1.S2.B.19.JPG,B1,B,S2,Barhi,1_Immature-1,val
B1.S2.B.2.JPG,B1,B,S2,Barhi,1_Immature-1,val
B1.S2.B.20.JPG,B1,B,S2,Barhi,1_Immature-1,val
B1.S2.B.21.JPG,B1,B,S2,Barhi,1_Immature-1,val
B1.S2.B.22.JPG,B1,B,S2,Barhi,1_Immature-1,val
B1.S2.B.23.JPG,B1,B,S2,Barhi,1_Immature-1,val
B1.S2.B.24.JPG,B1,B,S2,Barhi,1_Immature-1,val
B1.S2.B.25.JPG,B1,B,S2,Barhi,1_Immature-1,val
B1.S2.B.26.JPG,B1,B,S2,Barhi,1_Immature-1,val
B1.S2.B.27.JPG,B1,B,S2,Barhi,1_Immature-1,val
B1.S2.B.28.JPG,B1,B,S2,Barhi,1_Immature-1,val
B1.S2.B.29.JPG,B1,B,S2,Barhi,1_Immature-1,val
B1.S2.B.3.JPG,B1,B,S2,Barhi,1_Immature-1,val
B1.S2.B.4.JPG,B1,B,S2,Barhi,1_Immature-1,val
B1.S2.B.5.JPG,B1,B,S2,Barhi,1_Immature-1,val
B1.S2.B.6.JPG,B1,B,S2,Barhi,1_Immature-1,val
B1.S2.B.7.JPG,B1,B,S2,Barhi,1_Immature-1,val
B1.S2.B.8.JPG,B1,B,S2,Barhi,1_Immature-1,val
B1.S2.B.9.JPG,B1,B,S2,Barhi,1_Immature-1,val
B1.S3.B.1.JPG,B1,B,S3,Barhi,2_Immature-2,val
B1.S3.B.10.JPG,B1,B,S3,Barhi,2_Immature-2,val
B1.S3.B.11.JPG,B1,B,S3,Barhi,2_Immature-2,val
B1.S3.B.12.JPG,B1,B,S3,Barhi,2_Immature-2,val
B1.S3.B.13.JPG,B1,B,S3,Barhi,2_Immature-2,val
B1.S3.B.14.JPG,B1,B,S3,Barhi,2_Immature-2,val
B1.S3.B.15.JPG,B1,B,S3,Barhi,2_Immature-2,val
B1.S3.B.16.JPG,B1,B,S3,Barhi,2_Immature-2,val
B1.S3.B.17.JPG,B1,B,S3,Barhi,2_Immature-2,val
B1.S3.B.18.JPG,B1,B,S3,Barhi,,val
B1.S3.B.19.JPG,B1,B,S3,Barhi,,val
B1.S3.B.2.JPG,B1,B,S3,Barhi,2_Immature-2,val
B1.S3.B.20.JPG,B1,B,S3,Barhi,2_Immature-2,val
B1.S3.B.21.JPG,B1,B,S3,Barhi,,val
B1.S3.B.22.JPG,B1,B,S3,Barhi,,val
B1.S3.B.23.JPG,B1,B,S3,Barhi,,val
B1.S3.B.24.JPG,B1,B,S3,Barhi,,val
B1.S3.B.25.JPG,B1,B,S3,Barhi,2_Immature-2,val
B1.S3.B.26.JPG,B1,B,S3,Barhi,2_Immature-2,val
B1.S3.B.27.JPG,B1,B,S3,Barhi,2_Immature-2,val
B1.S3.B.28.JPG,B1,B,S3,Barhi,2_Immature-2,val
B1.S3.B.29.JPG,B1,B,S3,Barhi,2_Immature-2,val
B1.S3.B.3.JPG,B1,B,S3,Barhi,,val
B1.S3.B.30.JPG,B1,B,S3,Barhi,2_Immature-2,val
B1.S3.B.31.JPG,B1,B,S3,Barhi,2_Immature-2,val
B1.S3.B.32.JPG,B1,B,S3,Barhi,2_Immature-2,val
B1.S3.B.33.JPG,B1,B,S3,Barhi,2_Immature-2,val
B1.S3.B.34.JPG,B1,B,S3,Barhi,2_Immature-2,val
B1.S3.B.35.JPG,B1,B,S3,Barhi,2_Immature-2,val
B1.S3.B.36.JPG,B1,B,S3,Barhi,2_Immature-2,val
B1.S3.B.37.JPG,B1,B,S3,Barhi,2_Immature-2,val
B1.S3.B.4.JPG,B1,B,S3,Barhi,2_Immature-2,val
B1.S3.B.5.JPG,B1,B,S3,Barhi,2_Immature-2,val
B1.S3.B.6.JPG,B1,B,S3,Barhi,2_Immature-2,val
B1.S3.B.7.JPG,B1,B,S3,Barhi,2_Immature-2,val
B1.S3.B.8.JPG,B1,B,S3,Barhi,2_Immature-2,val
B1.S3.B.9.JPG,B1,B,S3,Barhi,2_Immature-2,val
B1.S4.B.1.JPG,B1,B,S4,Barhi,,val
B1.S4.B.10.JPG,B1,B,S4,Barhi,,val
B1.S4.B.100.JPG,B1,B,S4,Barhi,,val
B1.S4.B.101.JPG,B1,B,S4,Barhi,,val
B1.S4.B.102.JPG,B1,B,S4,Barhi,,val
B1.S4.B.103.JPG,B1,B,S4,Barhi,,val
B1.S4.B.104.JPG,B1,B,S4,Barhi,,val
B1.S4.B.11.JPG,B1,B,S4,Barhi,,val
B1.S4.B.12.JPG,B1,B,S4,Barhi,,val
B1.S4.B.13.JPG,B1,B,S4,Barhi,3_Pre-Khalal,val
B1.S4.B.14.JPG,B1,B,S4,Barhi,3_Pre-Khalal,val
B1.S4.B.15.JPG,B1,B,S4,Barhi,3_Pre-Khalal,val
B1.S4.B.16.JPG,B1,B,S4,Barhi,,val
B1.S4.B.17.JPG,B1,B,S4,Barhi,,val
B1.S4.B.18.JPG,B1,B,S4,Barhi,,val
B1.S4.B.19.JPG,B1,B,S4,Barhi,,val
B1.S4.B.2.JPG,B1,B,S4,Barhi,,val
B1.S4.B.20.JPG,B1,B,S4,Barhi,3_Pre-Khalal,val
B1.S4.B.21.JPG,B1,B,S4,Barhi,3_Pre-Khalal,val
B1.S4.B.22.JPG,B1,B,S4,Barhi,4_Khalal,val
B1.S4.B.23.JPG,B1,B,S4,Barhi,,val
B1.S4.B.24.JPG,B1,B,S4,Barhi,,val
B1.S4.B.25.JPG,B1,B,S4,Barhi,,val
B1.S4.B.26.JPG,B1,B,S4,Barhi,,val
B1.S4.B.27.JPG,B1,B,S4,Barhi,,val
B1.S4.B.28.JPG,B1,B,S4,Barhi,,val
B1.S4.B.29.JPG,B1,B,S4,Barhi,3_Pre-Khalal,val
B1.S4.B.3.JPG,B1,B,S4,Barhi,,val
B1.S4.B.30.JPG,B1,B,S4,Barhi,3_Pre-Khalal,val
B1.S4.B.31.JPG,B1,B,S4,Barhi,3_Pre-Khalal,val
B1.S4.B.32.JPG,B1,B,S4,Barhi,3_Pre-Khalal,val
B1.S4.B.33.JPG,B1,B,S4,Barhi,3_Pre-Khalal,val
B1.S4.B.34.JPG,B1,B,S4,Barhi,,val
B1.S4.B.35.JPG,B1,B,S4,Barhi,,val
B1.S4.B.36.JPG,B1,B,S4,Barhi,,val
B1.S4.B.37.JPG,B1,B,S4,Barhi,,val
B1.S4.B.38.JPG,B1,B,S4,Barhi,,val
B1.S4.B.39.JPG,B1,B,S4,Barhi,3_Pre-Khalal,val
B1.S4.B.4.JPG,B1,B,S4,Barhi,,val
B1.S4.B.40.JPG,B1,B,S4,Barhi,4_Khalal,val
B1.S4.B.41.JPG,B1,B,S4,Barhi,3_Pre-Khalal,val
B1.S4.B.42.JPG,B1,B,S4,Barhi,3_Pre-Khalal,val
B1.S4.B.43.JPG,B1,B,S4,Barhi,3_Pre-Khalal,val
B1.S4.B.44.JPG,B1,B,S4,Barhi,3_Pre-Khalal,val
B1.S4.B.45.JPG,B1,B,S4,Barhi,3_Pre-Khalal,val
B1.S4.B.46.JPG,B1,B,S4,Barhi,3_Pre-Khalal,val
B1.S4.B.47.JPG,B1,B,S4,Barhi,3_Pre-Khalal,val
B1.S4.B.48.JPG,B1,B,S4,Barhi,3_Pre-Khalal,val
B1.S4.B.49.JPG,B1,B,S4,Barhi,3_Pre-Khalal,val
B1.S4.B.5.JPG,B1,B,S4,Barhi,,val
B1.S4.B.50.JPG,B1,B,S4,Barhi,3_Pre-Khalal,val
B1.S4.B.51.JPG,B1,B,S4,Barhi,3_Pre-Khalal,val
B1.S4.B.52.JPG,B1,B,S4,Barhi,,val
B1.S4.B.53.JPG,B1,B,S4,Barhi,,val
B1.S4.B.54.JPG,B1,B,S4,Barhi,,val
B1.S4.B.55.JPG,B1,B,S4,Barhi,,val
B1.S4.B.56.JPG,B1,B,S4,Barhi,,val
B1.S4.B.57.JPG,B1,B,S4,Barhi,3_Pre-Khalal,val
B1.S4.B.58.JPG,B1,B,S4,Barhi,,val
B1.S4.B.59.JPG,B1,B,S4,Barhi,,val
B1.S4.B.6.JPG,B1,B,S4,Barhi,,val
B1.S4.B.60.JPG,B1,B,S4,Barhi,,val
B1.S4.B.61.JPG,B1,B,S4,Barhi,,val
B1.S4.B.62.JPG,B1,B,S4,Barhi,,val
B1.S4.B.63.JPG,B1,B,S4,Barhi,,val
B1.S4.B.64.JPG,B1,B,S4,Barhi,,val
B1.S4.B.65.JPG,B1,B,S4,Barhi,,val
B1.S4.B.66.JPG,B1,B,S4,Barhi,,val
B1.S4.B.67.JPG,B1,B,S4,Barhi,,val
B1.S4.B.68.JPG,B1,B,S4,Barhi,,val
B1.S4.B.69.JPG,B1,B,S4,Barhi,,val
B1.S4.B.7.JPG,B1,B,S4,Barhi,,val
B1.S4.B.70.JPG,B1,B,S4,Barhi,,val
B1.S4.B.71.JPG,B1,B,S4,Barhi,,val
B1.S4.B.72.JPG,B1,B,S4,Barhi,,val
B1.S4.B.73.JPG,B1,B,S4,Barhi,,val
B1.S4.B.74.JPG,B1,B,S4,Barhi,,val
B1.S4.B.75.JPG,B1,B,S4,Barhi,3_Pre-Khalal,val
B1.S4.B.76.JPG,B1,B,S4,Barhi,3_Pre-Khalal,val
B1.S4.B.77.JPG,B1,B,S4,Barhi,3_Pre-Khalal,val
B1.S4.B.78.JPG,B1,B,S4,Barhi,3_Pre-Khalal,val
B1.S4.B.79.JPG,B1,B,S4,Barhi,3_Pre-Khalal,val
B1.S4.B.8.JPG,B1,B,S4,Barhi,,val
B1.S4.B.80.JPG,B1,B,S4,Barhi,3_Pre-Khalal,val
B1.S4.B.81.JPG,B1,B,S4,Barhi,3_Pre-Khalal,val
B1.S4.B.82.JPG,B1,B,S4,Barhi,3_Pre-Khalal,val
B1.S4.B.83.JPG,B1,B,S4,Barhi,3_Pre-Khalal,val
B1.S4.B.84.JPG,B1,B,S4,Barhi,3_Pre-Khalal,val
B1.S4.B.85.JPG,B1,B,S4,Barhi,3_Pre-Khalal,val
B1.S4.B.86.JPG,B1,B,S4,Barhi,3_Pre-Khalal,val
B1.S4.B.87.JPG,B1,B,S4,Barhi,3_Pre-Khalal,val
B1.S4.B.88.JPG,B1,B,S4,Barhi,,val
B1.S4.B.89.JPG,B1,B,S4,Barhi,3_Pre-Khalal,val
B1.S4.B.9.JPG,B1,B,S4,Barhi,,val
B1.S4.B.90.JPG,B1,B,S4,Barhi,3_Pre-Khalal,val
B1.S4.B.91.JPG,B1,B,S4,Barhi,3_Pre-Khalal,val
B1.S4.B.92.JPG,B1,B,S4,Barhi,3_Pre-Khalal,val
B1.S4.B.93.JPG,B1,B,S4,Barhi,3_Pre-Khalal,val
B1.S4.B.94.JPG,B1,B,S4,Barhi,3_Pre-Khalal,val
B1.S4.B.95.JPG,B1,B,S4,Barhi,3_Pre-Khalal,val
B1.S4.B.96.JPG,B1,B,S4,Barhi,,val
B1.S4.B.97.JPG,B1,B,S4,Barhi,,val
B1.S4.B.98.JPG,B1,B,S4,Barhi,,val
B1.S4.B.99.JPG,B1,B,S4,Barhi,,val
B1.S5.B.1.JPG,B1,B,S5,Barhi,5_KhalalwithRutab,val
B1.S5.B.10.JPG,B1,B,S5,Barhi,5_KhalalwithRutab,val
B1.S5.B.11.JPG,B1,B,S5,Barhi,5_KhalalwithRutab,val
B1.S5.B.12.JPG,B1,B,S5,Barhi,5_KhalalwithRutab,val
B1.S5.B.13.JPG,B1,B,S5,Barhi,5_KhalalwithRutab,val
B1.S5.B.14.JPG,B1,B,S5,Barhi,5_KhalalwithRutab,val
B1.S5.B.15.JPG,B1,B,S5,Barhi,5_KhalalwithRutab,val
B1.S5.B.16.JPG,B1,B,S5,Barhi,5_KhalalwithRutab,val
B1.S5.B.17.JPG,B1,B,S5,Barhi,,val
B1.S5.B.18.JPG,B1,B,S5,Barhi,,val
B1.S5.B.19.JPG,B1,B,S5,Barhi,5_KhalalwithRutab,val
B1.S5.B.2.JPG,B1,B,S5,Barhi,5_KhalalwithRutab,val
B1.S5.B.20.JPG,B1,B,S5,Barhi,5_KhalalwithRutab,val
B1.S5.B.21.JPG,B1,B,S5,Barhi,5_KhalalwithRutab,val
B1.S5.B.22.JPG,B1,B,S5,Barhi,5_KhalalwithRutab,val
B1.S5.B.23.JPG,B1,B,S5,Barhi,5_KhalalwithRutab,val
B1.S5.B.24.JPG,B1,B,S5,Barhi,5_KhalalwithRutab,val
B1.S5.B.25.JPG,B1,B,S5,Barhi,5_KhalalwithRutab,val
B1.S5.B.26.JPG,B1,B,S5,Barhi,5_KhalalwithRutab,val
B1.S5.B.27.JPG,B1,B,S5,Barhi,5_KhalalwithRutab,val
B1.S5.B.28.JPG,B1,B,S5,Barhi,5_KhalalwithRutab,val
B1.S5.B.29.JPG,B1,B,S5,Barhi,5_KhalalwithRutab,val
B1.S5.B.3.JPG,B1,B,S5,Barhi,5_KhalalwithRutab,val
B1.S5.B.30.JPG,B1,B,S5,Barhi,5_KhalalwithRutab,val
B1.S5.B.31.JPG,B1,B,S5,Barhi,,val
B1.S5.B.32.JPG,B1,B,S5,Barhi,,val
B1.S5.B.33.JPG,B1,B,S5,Barhi,,val
B1.S5.B.34.JPG,B1,B,S5,Barhi,5_KhalalwithRutab,val
B1.S5.B.35.JPG,B1,B,S5,Barhi,5_KhalalwithRutab,val
B1.S5.B.36.JPG,B1,B,S5,Barhi,5_KhalalwithRutab,val
B1.S5.B.37.JPG,B1,B,S5,Barhi,5_KhalalwithRutab,val
B1.S5.B.38.JPG,B1,B,S5,Barhi,5_KhalalwithRutab,val
B1.S5.B.39.JPG,B1,B,S5,Barhi,5_KhalalwithRutab,val
B1.S5.B.4.JPG,B1,B,S5,Barhi,,val
B1.S5.B.40.JPG,B1,B,S5,Barhi,5_KhalalwithRutab,val
B1.S5.B.41.JPG,B1,B,S5,Barhi,5_KhalalwithRutab,val
B1.S5.B.42.JPG,B1,B,S5,Barhi,5_KhalalwithRutab,val
B1.S5.B.43.JPG,B1,B,S5,Barhi,5_KhalalwithRutab,val
B1.S5.B.44.JPG,B1,B,S5,Barhi,5_KhalalwithRutab,val
B1.S5.B.45.JPG,B1,B,S5,Barhi,,val
B1.S5.B.46.JPG,B1,B,S5,Barhi,5_KhalalwithRutab,val
B1.S5.B.47.JPG,B1,B,S5,Barhi,5_KhalalwithRutab,val
B1.S5.B.48.JPG,B1,B,S5,Barhi,5_KhalalwithRutab,val
B1.S5.B.5.JPG,B1,B,S5,Barhi,,val
B1.S5.B.6.JPG,B1,B,S5,Barhi,5_KhalalwithRutab,val
B1.S5.B.7.JPG,B1,B,S5,Barhi,5_KhalalwithRutab,val
B1.S5.B.8.JPG,B1,B,S5,Barhi,5_KhalalwithRutab,val
B1.S5.B.9.JPG,B1,B,S5,Barhi,5_KhalalwithRutab,val
B1.S6.B.1.JPG,B1,B,S6,Barhi,,val
B1.S6.B.10.JPG,B1,B,S6,Barhi,,val
B1.S6.B.11.JPG,B1,B,S6,Barhi,5_KhalalwithRutab,val
B1.S6.B.12.JPG,B1,B,S6,Barhi,5_KhalalwithRutab,val
B1.S6.B.13.JPG,B1,B,S6,Barhi,5_KhalalwithRutab,val
B1.S6.B.14.JPG,B1,B,S6,Barhi,5_KhalalwithRutab,val
B1.S6.B.15.JPG,B1,B,S6,Barhi,5_KhalalwithRutab,val
B1.S6.B.16.JPG,B1,B,S6,Barhi,5_KhalalwithRutab,val
B1.S6.B.17.JPG,B1,B,S6,Barhi,5_KhalalwithRutab,val
B1.S6.B.18.JPG,B1,B,S6,Barhi,5_KhalalwithRutab,val
B1.S6.B.2.JPG,B1,B,S6,Barhi,,val
B1.S6.B.3.JPG,B1,B,S6,Barhi,,val
B1.S6.B.4.JPG,B1,B,S6,Barhi,5_KhalalwithRutab,val
B1.S6.B.5.JPG,B1,B,S6,Barhi,5_KhalalwithRutab,val
B1.S6.B.6.JPG,B1,B,S6,Barhi,,val
B1.S6.B.7.JPG,B1,B,S6,Barhi,,val
B1.S6.B.8.JPG,B1,B,S6,Barhi,5_KhalalwithRutab,val
B1.S6.B.9.JPG,B1,B,S6,Barhi,,val
B2.S1.B.1.JPG,B2,B,S1,Barhi,1_Immature-1,test
B2.S1.B.10.JPG,B2,B,S1,Barhi,1_Immature-1,test
B2.S1.B.11.JPG,B2,B,S1,Barhi,1_Immature-1,test
B2.S1.B.12.JPG,B2,B,S1,Barhi,1_Immature-1,test
B2.S1.B.13.JPG,B2,B,S1,Barhi,1_Immature-1,test
B2.S1.B.14.JPG,B2,B,S1,Barhi,1_Immature-1,test
B2.S1.B.15.JPG,B2,B,S1,Barhi,1_Immature-1,test
B2.S1.B.16.JPG,B2,B,S1,Barhi,1_Immature-1,test
B2.S1.B.17.JPG,B2,B,S1,Barhi,1_Immature-1,test
B2.S1.B.18.JPG,B2,B,S1,Barhi,1_Immature-1,test
B2.S1.B.19.JPG,B2,B,S1,Barhi,1_Immature-1,test
B2.S1.B.2.JPG,B2,B,S1,Barhi,1_Immature-1,test
B2.S1.B.20.JPG,B2,B,S1,Barhi,1_Immature-1,test
B2.S1.B.21.JPG,B2,B,S1,Barhi,1_Immature-1,test
B2.S1.B.22.JPG,B2,B,S1,Barhi,1_Immature-1,test
B2.S1.B.23.JPG,B2,B,S1,Barhi,1_Immature-1,test
B2.S1.B.24.JPG,B2,B,S1,Barhi,1_Immature-1,test
B2.S1.B.25.JPG,B2,B,S1,Barhi,1_Immature-1,test
B2.S1.B.26.JPG,B2,B,S1,Barhi,1_Immature-1,test
B2.S1.B.27.JPG,B2,B,S1,Barhi,1_Immature-1,test
B2.S1.B.28.JPG,B2,B,S1,Barhi,1_Immature-1,test
B2.S1.B.29.JPG,B2,B,S1,Barhi,1_Immature-1,test
B2.S1.B.3.JPG,B2,B,S1,Barhi,1_Immature-1,test
B2.S1.B.30.JPG,B2,B,S1,Barhi,1_Immature-1,test
B2.S1.B.4.JPG,B2,B,S1,Barhi,1_Immature-1,test
B2.S1.B.5.JPG,B2,B,S1,Barhi,1_Immature-1,test
B2.S1.B.6.JPG,B2,B,S1,Barhi,1_Immature-1,test
B2.S1.B.7.JPG,B2,B,S1,Barhi,1_Immature-1,test
B2.S1.B.8.JPG,B2,B,S1,Barhi,1_Immature-1,test
B2.S1.B.9.JPG,B2,B,S1,Barhi,1_Immature-1,test
B2.S2.B.1.JPG,B2,B,S2,Barhi,1_Immature-1,test
B2.S2.B.10.JPG,B2,B,S2,Barhi,1_Immature-1,test
B2.S2.B.11.JPG,B2,B,S2,Barhi,1_Immature-1,test
B2.S2.B.12.JPG,B2,B,S2,Barhi,1_Immature-1,test
B2.S2.B.13.JPG,B2,B,S2,Barhi,1_Immature-1,test
B2.S2.B.14.JPG,B2,B,S2,Barhi,1_Immature-1,test
B2.S2.B.15.JPG,B2,B,S2,Barhi,1_Immature-1,test
B2.S2.B.16.JPG,B2,B,S2,Barhi,1_Immature-1,test
B2.S2.B.17.JPG,B2,B,S2,Barhi,1_Immature-1,test
B2.S2.B.18.JPG,B2,B,S2,Barhi,1_Immature-1,test
B2.S2.B.19.JPG,B2,B,S2,Barhi,1_Immature-1,test
B2.S2.B.2.JPG,B2,B,S2,Barhi,1_Immature-1,test
B2.S2.B.20.JPG,B2,B,S2,Barhi,1_Immature-1,test
B2.S2.B.21.JPG,B2,B,S2,Barhi,1_Immature-1,test
B2.S2.B.22.JPG,B2,B,S2,Barhi,1_Immature-1,test
B2.S2.B.23.JPG,B2,B,S2,Barhi,1_Immature-1,test
B2.S2.B.24.JPG,B2,B,S2,Barhi,1_Immature-1,test
B2.S2.B.25.JPG,B2,B,S2,Barhi,1_Immature-1,test
B2.S2.B.26.JPG,B2,B,S2,Barhi,1_Immature-1,test
B2.S2.B.27.JPG,B2,B,S2,Barhi,1_Immature-1,test
B2.S2.B.28.JPG,B2,B,S2,Barhi,1_Immature-1,test
B2.S2.B.29.JPG,B2,B,S2,Barhi,1_Immature-1,test
B2.S2.B.3.JPG,B2,B,S2,Barhi,1_Immature-1,test
B2.S2.B.30.JPG,B2,B,S2,Barhi,1_Immature-1,test
B2.S2.B.31.JPG,B2,B,S2,Barhi,1_Immature-1,test
B2.S2.B.32.JPG,B2,B,S2,Barhi,1_Immature-1,test
B2.S2.B.4.JPG,B2,B,S2,Barhi,1_Immature-1,test
B2.S2.B.5.JPG,B2,B,S2,Barhi,1_Immature-1,test
B2.S2.B.6.JPG,B2,B,S2,Barhi,1_Immature-1,test
B2.S2.B.7.JPG,B2,B,S2,Barhi,1_Immature-1,test
B2.S2.B.8.JPG,B2,B,S2,Barhi,1_Immature-1,test
B2.S2.B.9.JPG,B2,B,S2,Barhi,1_Immature-1,test
B2.S3.B.1.JPG,B2,B,S3,Barhi,2_Immature-2,test
B2.S3.B.10.JPG,B2,B,S3,Barhi,,test
B2.S3.B.11.JPG,B2,B,S3,Barhi,2_Immature-2,test
B2.S3.B.12.JPG,B2,B,S3,Barhi,,test
B2.S3.B.13.JPG,B2,B,S3,Barhi,,test
B2.S3.B.14.JPG,B2,B,S3,Barhi,,test
B2.S3.B.15.JPG,B2,B,S3,Barhi,2_Immature-2,test
B2.S3.B.16.JPG,B2,B,S3,Barhi,2_Immature-2,test
B2.S3.B.17.JPG,B2,B,S3,Barhi,,test
B2.S3.B.18.JPG,B2,B,S3,Barhi,,test
B2.S3.B.19.JPG,B2,B,S3,Barhi,,test
B2.S3.B.2.JPG,B2,B,S3,Barhi,2_Immature-2,test
B2.S3.B.20.JPG,B2,B,S3,Barhi,,test
B2.S3.B.21.JPG,B2,B,S3,Barhi,,test
B2.S3.B.22.JPG,B2,B,S3,Barhi,,test
B2.S3.B.23.JPG,B2,B,S3,Barhi,2_Immature-2,test
B2.S3.B.24.JPG,B2,B,S3,Barhi,,test
B2.S3.B.25.JPG,B2,B,S3,Barhi,,test
B2.S3.B.26.JPG,B2,B,S3,Barhi,,test
B2.S3.B.27.JPG,B2,B,S3,Barhi,2_Immature-2,test
B2.S3.B.28.JPG,B2,B,S3,Barhi,2_Immature-2,test
B2.S3.B.29.JPG,B2,B,S3,Barhi,2_Immature-2,test
B2.S3.B.3.JPG,B2,B,S3,Barhi,2_Immature-2,test
B2.S3.B.30.JPG,B2,B,S3,Barhi,2_Immature-2,test
B2.S3.B.31.JPG,B2,B,S3,Barhi,,test
B2.S3.B.32.JPG,B2,B,S3,Barhi,,test
B2.S3.B.33.JPG,B2,B,S3,Barhi,,test
B2.S3.B.34.JPG,B2,B,S3,Barhi,,test
B2.S3.B.35.JPG,B2,B,S3,Barhi,,test
B2.S3.B.36.JPG,B2,B,S3,Barhi,,test
B2.S3.B.37.JPG,B2,B,S3,Barhi,,test
B2.S3.B.38.JPG,B2,B,S3,Barhi,2_Immature-2,test
B2.S3.B.39.JPG,B2,B,S3,Barhi,2_Immature-2,test
B2.S3.B.4.JPG,B2,B,S3,Barhi,2_Immature-2,test
B2.S3.B.40.JPG,B2,B,S3,Barhi,2_Immature-2,test
B2.S3.B.41.JPG,B2,B,S3,Barhi,2_Immature-2,test
B2.S3.B.42.JPG,B2,B,S3,Barhi,2_Immature-2,test
B2.S3.B.43.JPG,B2,B,S3,Barhi,2_Immature-2,test
B2.S3.B.44.JPG,B2,B,S3,Barhi,2_Immature-2,test
B2.S3.B.45.JPG,B2,B,S3,Barhi,2_Immature-2,test
B2.S3.B.46.JPG,B2,B,S3,Barhi,2_Immature-2,test
B2.S3.B.47.JPG,B2,B,S3,Barhi,2_Immature-2,test
B2.S3.B.48.JPG,B2,B,S3,Barhi,2_Immature-2,test
B2.S3.B.49.JPG,B2,B,S3,Barhi,2_Immature-2,test
B2.S3.B.5.JPG,B2,B,S3,Barhi,2_Immature-2,test
B2.S3.B.50.JPG,B2,B,S3,Barhi,2_Immature-2,test
B2.S3.B.51.JPG,B2,B,S3,Barhi,2_Immature-2,test
B2.S3.B.52.JPG,B2,B,S3,Barhi,2_Immature-2,test
B2.S3.B.53.JPG,B2,B,S3,Barhi,2_Immature-2,test
B2.S3.B.54.JPG,B2,B,S3,Barhi,,test
B2.S3.B.55.JPG,B2,B,S3,Barhi,2_Immature-2,test
B2.S3.B.56.JPG,B2,B,S3,Barhi,2_Immature-2,test
B2.S3.B.57.JPG,B2,B,S3,Barhi,2_Immature-2,test
B2.S3.B.58.JPG,B2,B,S3,Barhi,2_Immature-2,test
B2.S3.B.59.JPG,B2,B,S3,Barhi,2_Immature-2,test
B2.S3.B.6.JPG,B2,B,S3,Barhi,2_Immature-2,test
B2.S3.B.60.JPG,B2,B,S3,Barhi,2_Immature-2,test
B2.S3.B.7.JPG,B2,B,S3,Barhi,,test
B2.S3.B.8.JPG,B2,B,S3,Barhi,,test
B2.S3.B.9.JPG,B2,B,S3,Barhi,,test
B2.S4.B.1.JPG,B2,B,S4,Barhi,3_Pre-Khalal,test
B2.S4.B.10.JPG,B2,B,S4,Barhi,4_Khalal,test
B2.S4.B.100.JPG,B2,B,S4,Barhi,3_Pre-Khalal,test
B2.S4.B.101.JPG,B2,B,S4,Barhi,3_Pre-Khalal,test
B2.S4.B.102.JPG,B2,B,S4,Barhi,3_Pre-Khalal,test
B2.S4.B.103.JPG,B2,B,S4,Barhi,3_Pre-Khalal,test
B2.S4.B.104.JPG,B2,B,S4,Barhi,3_Pre-Khalal,test
B2.S4.B.105.JPG,B2,B,S4,Barhi,,test
B2.S4.B.106.JPG,B2,B,S4,Barhi,,test
B2.S4.B.107.JPG,B2,B,S4,Barhi,,test
B2.S4.B.108.JPG,B2,B,S4,Barhi,,test
B2.S4.B.109.JPG,B2,B,S4,Barhi,4_Khalal,test
B2.S4.B.11.JPG,B2,B,S4,Barhi,4_Khalal,test
B2.S4.B.110.JPG,B2,B,S4,Barhi,4_Khalal,test
B2.S4.B.111.JPG,B2,B,S4,Barhi,4_Khalal,test
B2.S4.B.112.JPG,B2,B,S4,Barhi,3_Pre-Khalal,test
B2.S4.B.113.JPG,B2,B,S4,Barhi,3_Pre-Khalal,test
B2.S4.B.114.JPG,B2,B,S4,Barhi,3_Pre-Khalal,test
B2.S4.B.115.JPG,B2,B,S4,Barhi,3_Pre-Khalal,test
B2.S4.B.116.JPG,B2,B,S4,Barhi,3_Pre-Khalal,test
B2.S4.B.117.JPG,B2,B,S4,Barhi,3_Pre-Khalal,test
B2.S4.B.118.JPG,B2,B,S4,Barhi,3_Pre-Khalal,test
B2.S4.B.119.JPG,B2,B,S4,Barhi,3_Pre-Khalal,test
B2.S4.B.12.JPG,B2,B,S4,Barhi,4_Khalal,test
B2.S4.B.120.JPG,B2,B,S4,Barhi,3_Pre-Khalal,test
B2.S4.B.121.JPG,B2,B,S4,Barhi,3_Pre-Khalal,test
B2.S4.B.122.JPG,B2,B,S4,Barhi,3_Pre-Khalal,test
B2.S4.B.123.JPG,B2,B,S4,Barhi,3_Pre-Khalal,test
B2.S4.B.13.JPG,B2,B,S4,Barhi,3_Pre-Khalal,test
B2.S4.B.14.JPG,B2,B,S4,Barhi,3_Pre-Khalal,test
B2.S4.B.15.JPG,B2,B,S4,Barhi,4_Khalal,test
B2.S4.B.16.JPG,B2,B,S4,Barhi,4_Khalal,test
B2.S4.B.17.JPG,B2,B,S4,Barhi,4_Khalal,test
B2.S4.B.18.JPG,B2,B,S4,Barhi,4_Khalal,test
B2.S4.B.19.JPG,B2,B,S4,Barhi,3_Pre-Khalal,test
B2.S4.B.2.JPG,B2,B,S4,Barhi,3_Pre-Khalal,test
B2.S4.B.20.JPG,B2,B,S4,Barhi,3_Pre-Khalal,test
B2.S4.B.21.JPG,B2,B,S4,Barhi,4_Khalal,test
B2.S4.B.22.JPG,B2,B,S4,Barhi,4_Khalal,test
B2.S4.B.23.JPG,B2,B,S4,Barhi,4_Khalal,test
B2.S4.B.24.JPG,B2,B,S4,Barhi,4_Khalal,test
B2.S4.B.25.JPG,B2,B,S4,Barhi,3_Pre-Khalal,test
B2.S4.B.26.JPG,B2,B,S4,Barhi,3_Pre-Khalal,test
B2.S4.B.27.JPG,B2,B,S4,Barhi,3_Pre-Khalal,test
B2.S4.B.28.JPG,B2,B,S4,Barhi,4_Khalal,test
B2.S4.B.29.JPG,B2,B,S4,Barhi,4_Khalal,test
B2.S4.B.3.JPG,B2,B,S4,Barhi,4_Khalal,test
B2.S4.B.30.JPG,B2,B,S4,Barhi,4_Khalal,test
B2.S4.B.31.JPG,B2,B,S4,Barhi,4_Khalal,test
B2.S4.B.32.JPG,B2,B,S4,Barhi,4_Khalal,test
B2.S4.B.33.JPG,B2,B,S4,Barhi,4_Khalal,test
B2.S4.B.34.JPG,B2,B,S4,Barhi,4_Khalal,test
B2.S4.B.35.JPG,B2,B,S4,Barhi,4_Khalal,test
B2.S4.B.36.JPG,B2,B,S4,Barhi,4_Khalal,test
B2.S4.B.37.JPG,B2,B,S4,Barhi,4_Khalal,test
B2.S4.B.38.JPG,B2,B,S4,Barhi,4_Khalal,test
B2.S4.B.39.JPG,B2,B,S4,Barhi,4_Khalal,test
B2.S4.B.4.JPG,B2,B,S4,Barhi,4_Khalal,test
B2.S4.B.40.JPG,B2,B,S4,Barhi,4_Khalal,test
B2.S4.B.41.JPG,B2,B,S4,Barhi,4_Khalal,test
B2.S4.B.42.JPG,B2,B,S4,Barhi,4_Khalal,test
B2.S4.B.43.JPG,B2,B,S4,Barhi,3_Pre-Khalal,test
B2.S4.B.44.JPG,B2,B,S4,Barhi,3_Pre-Khalal,test
B2.S4.B.45.JPG,B2,B,S4,Barhi,3_Pre-Khalal,test
B2.S4.B.46.JPG,B2,B,S4,Barhi,3_Pre-Khalal,test
B2.S4.B.47.JPG,B2,B,S4,Barhi,3_Pre-Khalal,test
B2.S4.B.48.JPG,B2,B,S4,Barhi,3_Pre-Khalal,test
B2.S4.B.49.JPG,B2,B,S4,Barhi,3_Pre-Khalal,test
B2.S4.B.5.JPG,B2,B,S4,Barhi,4_Khalal,test
B2.S4.B.50.JPG,B2,B,S4,Barhi,3_Pre-Khalal,test
B2.S4.B.51.JPG,B2,B,S4,Barhi,3_Pre-Khalal,test
B2.S4.B.52.JPG,B2,B,S4,Barhi,3_Pre-Khalal,test
B2.S4.B.53.JPG,B2,B,S4,Barhi,3_Pre-Khalal,test
B2.S4.B.54.JPG,B2,B,S4,Barhi,3_Pre-Khalal,test
B2.S4.B.55.JPG,B2,B,S4,Barhi,3_Pre-Khalal,test
B2.S4.B.56.JPG,B2,B,S4,Barhi,3_Pre-Khalal,test
B2.S4.B.57.JPG,B2,B,S4,Barhi,3_Pre-Khalal,test
B2.S4.B.58.JPG,B2,B,S4,Barhi,3_Pre-Khalal,test
B2.S4.B.59.JPG,B2,B,S4,Barhi,3_Pre-Khalal,test
B2.S4.B.6.JPG,B2,B,S4,Barhi,4_Khalal,test
B2.S4.B.60.JPG,B2,B,S4,Barhi,3_Pre-Khalal,test
B2.S4.B.61.JPG,B2,B,S4,Barhi,3_Pre-Khalal,test
B2.S4.B.62.JPG,B2,B,S4,Barhi,3_Pre-Khalal,test
B2.S4.B.63.JPG,B2,B,S4,Barhi,3_Pre-Khalal,test
B2.S4.B.64.JPG,B2,B,S4,Barhi,3_Pre-Khalal,test
B2.S4.B.65.JPG,B2,B,S4,Barhi,3_Pre-Khalal,test
B2.S4.B.66.JPG,B2,B,S4,Barhi,3_Pre-Khalal,test
B2.S4.B.67.JPG,B2,B,S4,Barhi,3_Pre-Khalal,test
B2.S4.B.68.JPG,B2,B,S4,Barhi,3_Pre-Khalal,test
B2.S4.B.69.JPG,B2,B,S4,Barhi,3_Pre-Khalal,test
B2.S4.B.7.JPG,B2,B,S4,Barhi,,test
B2.S4.B.70.JPG,B2,B,S4,Barhi,3_Pre-Khalal,test
B2.S4.B.71.JPG,B2,B,S4,Barhi,3_Pre-Khalal,test
B2.S4.B.72.JPG,B2,B,S4,Barhi,3_Pre-Khalal,test
B2.S4.B.73.JPG,B2,B,S4,Barhi,3_Pre-Khalal,test
B2.S4.B.74.JPG,B2,B,S4,Barhi,3_Pre-Khalal,test
B2.S4.B.75.JPG,B2,B,S4,Barhi,3_Pre-Khalal,test
B2.S4.B.76.JPG,B2,B,S4,Barhi,3_Pre-Khalal,test
B2.S4.B.77.JPG,B2,B,S4,Barhi,3_Pre-Khalal,test
B2.S4.B.78.JPG,B2,B,S4,Barhi,3_Pre-Khalal,test
B2.S4.B.79.JPG,B2,B,S4,Barhi,3_Pre-Khalal,test
B2.S4.B.8.JPG,B2,B,S4,Barhi,3_Pre-Khalal,test
B2.S4.B.80.JPG,B2,B,S4,Barhi,3_Pre-Khalal,test
B2.S4.B.81.JPG,B2,B,S4,Barhi,3_Pre-Khalal,test
B2.S4.B.82.JPG,B2,B,S4,Barhi,3_Pre-Khalal,test
B2.S4.B.83.JPG,B2,B,S4,Barhi,3_Pre-Khalal,test
B2.S4.B.84.JPG,B2,B,S4,Barhi,3_Pre-Khalal,test
B2.S4.B.85.JPG,B2,B,S4,Barhi,3_Pre-Khalal,test
B2.S4.B.86.JPG,B2,B,S4,Barhi,4_Khalal,test
B2.S4.B.87.JPG,B2,B,S4,Barhi,4_Khalal,test
B2.S4.B.88.JPG,B2,B,S4,Barhi,4_Khalal,test
B2.S4.B.89.JPG,B2,B,S4,Barhi,3_Pre-Khalal,test
B2.S4.B.9.JPG,B2,B,S4,Barhi,3_Pre-Khalal,test
B2.S4.B.90.JPG,B2,B,S4,Barhi,3_Pre-Khalal,test
B2.S4.B.91.JPG,B2,B,S4,Barhi,3_Pre-Khalal,test
B2.S4.B.92.JPG,B2,B,S4,Barhi,3_Pre-Khalal,test
B2.S4.B.93.JPG,B2,B,S4,Barhi,3_Pre-Khalal,test
B2.S4.B.94.JPG,B2,B,S4,Barhi,3_Pre-Khalal,test
B2.S4.B.95.JPG,B2,B,S4,Barhi,3_Pre-Khalal,test
B2.S4.B.96.JPG,B2,B,S4,Barhi,3_Pre-Khalal,test
B2.S4.B.97.JPG,B2,B,S4,Barhi,3_Pre-Khalal,test
B2.S4.B.98.JPG,B2,B,S4,Barhi,3_Pre-Khalal,test
B2.S4.B.99.JPG,B2,B,S4,Barhi,3_Pre-Khalal,test
B2.S5.B.1.JPG,B2,B,S5,Barhi,,test
B2.S5.B.10.JPG,B2,B,S5,Barhi,5_KhalalwithRutab,test
B2.S5.B.11.JPG,B2,B,S5,Barhi,5_KhalalwithRutab,test
B2.S5.B.12.JPG,B2,B,S5,Barhi,,test
B2.S5.B.13.JPG,B2,B,S5,Barhi,,test
B2.S5.B.14.JPG,B2,B,S5,Barhi,,test
B2.S5.B.15.JPG,B2,B,S5,Barhi,5_KhalalwithRutab,test
B2.S5.B.16.JPG,B2,B,S5,Barhi,5_KhalalwithRutab,test
B2.S5.B.17.JPG,B2,B,S5,Barhi,5_KhalalwithRutab,test
B2.S5.B.18.JPG,B2,B,S5,Barhi,,test
B2.S5.B.19.JPG,B2,B,S5,Barhi,,test
B2.S5.B.2.JPG,B2,B,S5,Barhi,,test
B2.S5.B.20.JPG,B2,B,S5,Barhi,4_Khalal,test
B2.S5.B.21.JPG,B2,B,S5,Barhi,4_Khalal,test
B2.S5.B.22.JPG,B2,B,S5,Barhi,4_Khalal,test
B2.S5.B.23.JPG,B2,B,S5,Barhi,4_Khalal,test
B2.S5.B.24.JPG,B2,B,S5,Barhi,4_Khalal,test
B2.S5.B.25.JPG,B2,B,S5,Barhi,4_Khalal,test
B2.S5.B.26.JPG,B2,B,S5,Barhi,5_KhalalwithRutab,test
B2.S5.B.27.JPG,B2,B,S5,Barhi,5_KhalalwithRutab,test
B2.S5.B.28.JPG,B2,B,S5,Barhi,5_KhalalwithRutab,test
B2.S5.B.29.JPG,B2,B,S5,Barhi,5_KhalalwithRutab,test
B2.S5.B.3.JPG,B2,B,S5,Barhi,4_Khalal,test
B2.S5.B.30.JPG,B2,B,S5,Barhi,5_KhalalwithRutab,test
B2.S5.B.4.JPG,B2,B,S5,Barhi,4_Khalal,test
B2.S5.B.5.JPG,B2,B,S5,Barhi,,test
B2.S5.B.6.JPG,B2,B,S5,Barhi,,test
B2.S5.B.7.JPG,B2,B,S5,Barhi,5_KhalalwithRutab,test
B2.S5.B.8.JPG,B2,B,S5,Barhi,,test
B2.S5.B.9.JPG,B2,B,S5,Barhi,,test
B2.S6.B.1.JPG,B2,B,S6,Barhi,,test
B2.S6.B.2.JPG,B2,B,S6,Barhi,6_Pre-Tamar,test
B2.S6.B.3.JPG,B2,B,S6,Barhi,6_Pre-Tamar,test
B2.S6.B.4.JPG,B2,B,S6,Barhi,6_Pre-Tamar,test
B2.S6.B.5.JPG,B2,B,S6,Barhi,6_Pre-Tamar,test
B2.S6.B.6.JPG,B2,B,S6,Barhi,6_Pre-Tamar,test
B3.S1.B.1.JPG,B3,B,S1,Barhi,1_Immature-1,train
B3.S1.B.10.JPG,B3,B,S1,Barhi,1_Immature-1,train
B3.S1.B.11.JPG,B3,B,S1,Barhi,1_Immature-1,train
B3.S1.B.12.JPG,B3,B,S1,Barhi,1_Immature-1,train
B3.S1.B.13.JPG,B3,B,S1,Barhi,1_Immature-1,train
B3.S1.B.14.JPG,B3,B,S1,Barhi,1_Immature-1,train
B3.S1.B.15.JPG,B3,B,S1,Barhi,1_Immature-1,train
B3.S1.B.16.JPG,B3,B,S1,Barhi,1_Immature-1,train
B3.S1.B.17.JPG,B3,B,S1,Barhi,1_Immature-1,train
B3.S1.B.18.JPG,B3,B,S1,Barhi,1_Immature-1,train
B3.S1.B.19.JPG,B3,B,S1,Barhi,1_Immature-1,train
B3.S1.B.2.JPG,B3,B,S1,Barhi,1_Immature-1,train
B3.S1.B.20.JPG,B3,B,S1,Barhi,1_Immature-1,train
B3.S1.B.21.JPG,B3,B,S1,Barhi,1_Immature-1,train
B3.S1.B.22.JPG,B3,B,S1,Barhi,1_Immature-1,train
B3.S1.B.23.JPG,B3,B,S1,Barhi,1_Immature-1,train
B3.S1.B.24.JPG,B3,B,S1,Barhi,1_Immature-1,train
B3.S1.B.25.JPG,B3,B,S1,Barhi,1_Immature-1,train
B3.S1.B.26.JPG,B3,B,S1,Barhi,1_Immature-1,train
B3.S1.B.27.JPG,B3,B,S1,Barhi,1_Immature-1,train
B3.S1.B.28.JPG,B3,B,S1,Barhi,1_Immature-1,train
B3.S1.B.29.JPG,B3,B,S1,Barhi,1_Immature-1,train
B3.S1.B.3.JPG,B3,B,S1,Barhi,1_Immature-1,train
B3.S1.B.30.JPG,B3,B,S1,Barhi,1_Immature-1,train
B3.S1.B.31.JPG,B3,B,S1,Barhi,1_Immature-1,train
B3.S1.B.32.JPG,B3,B,S1,Barhi,1_Immature-1,train
B3.S1.B.33.JPG,B3,B,S1,Barhi,1_Immature-1,train
B3.S1.B.34.JPG,B3,B,S1,Barhi,1_Immature-1,train
B3.S1.B.35.JPG,B3,B,S1,Barhi,1_Immature-1,train
B3.S1.B.36.JPG,B3,B,S1,Barhi,1_Immature-1,train
B3.S1.B.37.JPG,B3,B,S1,Barhi,1_Immature-1,train
B3.S1.B.38.JPG,B3,B,S1,Barhi,1_Immature-1,train
B3.S1.B.39.JPG,B3,B,S1,Barhi,1_Immature-1,train
B3.S1.B.4.JPG,B3,B,S1,Barhi,1_Immature-1,train
B3.S1.B.40.JPG,B3,B,S1,Barhi,1_Immature-1,train
B3.S1.B.41.JPG,B3,B,S1,Barhi,1_Immature-1,train
B3.S1.B.42.JPG,B3,B,S1,Barhi,1_Immature-1,train
B3.S1.B.43.JPG,B3,B,S1,Barhi,1_Immature-1,train
B3.S1.B.44.JPG,B3,B,S1,Barhi,1_Immature-1,train
B3.S1.B.45.JPG,B3,B,S1,Barhi,1_Immature-1,train
B3.S1.B.46.JPG,B3,B,S1,Barhi,1_Immature-1,train
B3.S1.B.47.JPG,B3,B,S1,Barhi,1_Immature-1,train
B3.S1.B.48.JPG,B3,B,S1,Barhi,1_Immature-1,train
B3.S1.B.5.JPG,B3,B,S1,Barhi,1_Immature-1,train
B3.S1.B.6.JPG,B3,B,S1,Barhi,1_Immature-1,train
B3.S1.B.7.JPG,B3,B,S1,Barhi,1_Immature-1,train
B3.S1.B.8.JPG,B3,B,S1,Barhi,1_Immature-1,train
B3.S1.B.9.JPG,B3,B,S1,Barhi,1_Immature-1,train
B3.S2.B.1.JPG,B3,B,S2,Barhi,1_Immature-1,train
B3.S2.B.10.JPG,B3,B,S2,Barhi,1_Immature-1,train
B3.S2.B.11.JPG,B3,B,S2,Barhi,1_Immature-1,train
B3.S2.B.12.JPG,B3,B,S2,Barhi,1_Immature-1,train
B3.S2.B.13.JPG,B3,B,S2,Barhi,1_Immature-1,train
B3.S2.B.14.JPG,B3,B,S2,Barhi,1_Immature-1,train
B3.S2.B.15.JPG,B3,B,S2,Barhi,1_Immature-1,train
B3.S2.B.16.JPG,B3,B,S2,Barhi,1_Immature-1,train
B3.S2.B.17.JPG,B3,B,S2,Barhi,1_Immature-1,train
B3.S2.B.18.JPG,B3,B,S2,Barhi,1_Immature-1,train
B3.S2.B.19.JPG,B3,B,S2,Barhi,1_Immature-1,train
B3.S2.B.2.JPG,B3,B,S2,Barhi,1_Immature-1,train
B3.S2.B.20.JPG,B3,B,S2,Barhi,1_Immature-1,train
B3.S2.B.21.JPG,B3,B,S2,Barhi,1_Immature-1,train
B3.S2.B.22.JPG,B3,B,S2,Barhi,1_Immature-1,train
B3.S2.B.23.JPG,B3,B,S2,Barhi,1_Immature-1,train
B3.S2.B.24.JPG,B3,B,S2,Barhi,1_Immature-1,train
B3.S2.B.25.JPG,B3,B,S2,Barhi,1_Immature-1,train
B3.S2.B.26.JPG,B3,B,S2,Barhi,1_Immature-1,train
B3.S2.B.27.JPG,B3,B,S2,Barhi,1_Immature-1,train
B3.S2.B.28.JPG,B3,B,S2,Barhi,1_Immature-1,train
B3.S2.B.29.JPG,B3,B,S2,Barhi,1_Immature-1,train
B3.S2.B.3.JPG,B3,B,S2,Barhi,1_Immature-1,train
B3.S2.B.30.JPG,B3,B,S2,Barhi,1_Immature-1,train
B3.S2.B.31.JPG,B3,B,S2,Barhi,1_Immature-1,train
B3.S2.B.32.JPG,B3,B,S2,Barhi,1_Immature-1,train
B3.S2.B.33.JPG,B3,B,S2,Barhi,1_Immature-1,train
B3.S2.B.34.JPG,B3,B,S2,Barhi,1_Immature-1,train
B3.S2.B.35.JPG,B3,B,S2,Barhi,1_Immature-1,train
B3.S2.B.36.JPG,B3,B,S2,Barhi,1_Immature-1,train
B3.S2.B.37.JPG,B3,B,S2,Barhi,1_Immature-1,train
B3.S2.B.38.JPG,B3,B,S2,Barhi,1_Immature-1,train
B3.S2.B.39.JPG,B3,B,S2,Barhi,1_Immature-1,train
B3.S2.B.4.JPG,B3,B,S2,Barhi,1_Immature-1,train
B3.S2.B.40.JPG,B3,B,S2,Barhi,1_Immature-1,train
B3.S2.B.41.JPG,B3,B,S2,Barhi,1_Immature-1,train
B3.S2.B.42.JPG,B3,B,S2,Barhi,1_Immature-1,train
B3.S2.B.43.JPG,B3,B,S2,Barhi,1_Immature-1,train
B3.S2.B.44.JPG,B3,B,S2,Barhi,1_Immature-1,train
B3.S2.B.45.JPG,B3,B,S2,Barhi,1_Immature-1,train
B3.S2.B.46.JPG,B3,B,S2,Barhi,1_Immature-1,train
B3.S2.B.47.JPG,B3,B,S2,Barhi,1_Immature-1,train
B3.S2.B.48.JPG,B3,B,S2,Barhi,1_Immature-1,train
B3.S2.B.49.JPG,B3,B,S2,Barhi,1_Immature-1,train
B3.S2.B.5.JPG,B3,B,S2,Barhi,1_Immature-1,train
B3.S2.B.6.JPG,B3,B,S2,Barhi,1_Immature-1,train
B3.S2.B.7.JPG,B3,B,S2,Barhi,1_Immature-1,train
B3.S2.B.8.JPG,B3,B,S2,Barhi,1_Immature-1,train
B3.S2.B.9.JPG,B3,B,S2,Barhi,1_Immature-1,train
B3.S3.B.1.JPG,B3,B,S3,Barhi,2_Immature-2,train
B3.S3.B.10.JPG,B3,B,S3,Barhi,2_Immature-2,train
B3.S3.B.11.JPG,B3,B,S3,Barhi,,train
B3.S3.B.12.JPG,B3,B,S3,Barhi,2_Immature-2,train
B3.S3.B.13.JPG,B3,B,S3,Barhi,,train
B3.S3.B.14.JPG,B3,B,S3,Barhi,2_Immature-2,train
B3.S3.B.15.JPG,B3,B,S3,Barhi,2_Immature-2,train
B3.S3.B.16.JPG,B3,B,S3,Barhi,2_Immature-2,train
B3.S3.B.17.JPG,B3,B,S3,Barhi,2_Immature-2,train
B3.S3.B.18.JPG,B3,B,S3,Barhi,2_Immature-2,train
B3.S3.B.19.JPG,B3,B,S3,Barhi,2_Immature-2,train
B3.S3.B.2.JPG,B3,B,S3,Barhi,2_Immature-2,train
B3.S3.B.20.JPG,B3,B,S3,Barhi,2_Immature-2,train
B3.S3.B.21.JPG,B3,B,S3,Barhi,2_Immature-2,train
B3.S3.B.22.JPG,B3,B,S3,Barhi,2_Immature-2,train
B3.S3.B.23.JPG,B3,B,S3,Barhi,2_Immature-2,train
B3.S3.B.24.JPG,B3,B,S3,Barhi,2_Immature-2,train
B3.S3.B.25.JPG,B3,B,S3,Barhi,,train
B3.S3.B.26.JPG,B3,B,S3,Barhi,2_Immature-2,train
B3.S3.B.27.JPG,B3,B,S3,Barhi,2_Immature-2,train
B3.S3.B.28.JPG,B3,B,S3,Barhi,2_Immature-2,train
B3.S3.B.29.JPG,B3,B,S3,Barhi,2_Immature-2,train
B3.S3.B.3.JPG,B3,B,S3,Barhi,2_Immature-2,train
B3.S3.B.30.JPG,B3,B,S3,Barhi,2_Immature-2,train
B3.S3.B.31.JPG,B3,B,S3,Barhi,2_Immature-2,train
B3.S3.B.32.JPG,B3,B,S3,Barhi,,train
B3.S3.B.33.JPG,B3,B,S3,Barhi,,train
B3.S3.B.34.JPG,B3,B,S3,Barhi,2_Immature-2,train
B3.S3.B.35.JPG,B3,B,S3,Barhi,2_Immature-2,train
B3.S3.B.36.JPG,B3,B,S3,Barhi,2_Immature-2,train
B3.S3.B.37.JPG,B3,B,S3,Barhi,2_Immature-2,train
B3.S3.B.38.JPG,B3,B,S3,Barhi,2_Immature-2,train
B3.S3.B.39.JPG,B3,B,S3,Barhi,,train
B3.S3.B.4.JPG,B3,B,S3,Barhi,2_Immature-2,train
B3.S3.B.40.JPG,B3,B,S3,Barhi,2_Immature-2,train
B3.S3.B.41.JPG,B3,B,S3,Barhi,,train
B3.S3.B.42.JPG,B3,B,S3,Barhi,2_Immature-2,train
B3.S3.B.43.JPG,B3,B,S3,Barhi,2_Immature-2,train
B3.S3.B.44.JPG,B3,B,S3,Barhi,2_Immature-2,train
B3.S3.B.45.JPG,B3,B,S3,Barhi,,train
B3.S3.B.46.JPG,B3,B,S3,Barhi,,train
B3.S3.B.47.JPG,B3,B,S3,Barhi,,train
B3.S3.B.48.JPG,B3,B,S3,Barhi,2_Immature-2,train
B3.S3.B.49.JPG,B3,B,S3,Barhi,2_Immature-2,train
B3.S3.B.5.JPG,B3,B,S3,Barhi,2_Immature-2,train
B3.S3.B.50.JPG,B3,B,S3,Barhi,2_Immature-2,train
B3.S3.B.51.JPG,B3,B,S3,Barhi,2_Immature-2,train
B3.S3.B.52.JPG,B3,B,S3,Barhi,2_Immature-2,train
B3.S3.B.53.JPG,B3,B,S3,Barhi,2_Immature-2,train
B3.S3.B.54.JPG,B3,B,S3,Barhi,2_Immature-2,train
B3.S3.B.55.JPG,B3,B,S3,Barhi,2_Immature-2,train
B3.S3.B.56.JPG,B3,B,S3,Barhi,2_Immature-2,train
B3.S3.B.57.JPG,B3,B,S3,Barhi,2_Immature-2,train
B3.S3.B.58.JPG,B3,B,S3,Barhi,2_Immature-2,train
B3.S3.B.59.JPG,B3,B,S3,Barhi,2_Immature-2,train
B3.S3.B.6.JPG,B3,B,S3,Barhi,2_Immature-2,train
B3.S3.B.60.JPG,B3,B,S3,Barhi,2_Immature-2,train
B3.S3.B.61.JPG,B3,B,S3,Barhi,2_Immature-2,train
B3.S3.B.62.JPG,B3,B,S3,Barhi,2_Immature-2,train
B3.S3.B.63.JPG,B3,B,S3,Barhi,2_Immature-2,train
B3.S3.B.64.JPG,B3,B,S3,Barhi,2_Immature-2,train
B3.S3.B.65.JPG,B3,B,S3,Barhi,2_Immature-2,train
B3.S3.B.66.JPG,B3,B,S3,Barhi,2_Immature-2,train
B3.S3.B.67.JPG,B3,B,S3,Barhi,2_Immature-2,train
B3.S3.B.68.JPG,B3,B,S3,Barhi,2_Immature-2,train
B3.S3.B.69.JPG,B3,B,S3,Barhi,2_Immature-2,train
B3.S3.B.7.JPG,B3,B,S3,Barhi,2_Immature-2,train
B3.S3.B.70.JPG,B3,B,S3,Barhi,2_Immature-2,train
B3.S3.B.71.JPG,B3,B,S3,Barhi,2_Immature-2,train
B3.S3.B.72.JPG,B3,B,S3,Barhi,2_Immature-2,train
B3.S3.B.73.JPG,B3,B,S3,Barhi,2_Immature-2,train
B3.S3.B.74.JPG,B3,B,S3,Barhi,2_Immature-2,train
B3.S3.B.75.JPG,B3,B,S3,Barhi,2_Immature-2,train
B3.S3.B.76.JPG,B3,B,S3,Barhi,2_Immature-2,train
B3.S3.B.77.JPG,B3,B,S3,Barhi,2_Immature-2,train
B3.S3.B.78.JPG,B3,B,S3,Barhi,2_Immature-2,train
B3.S3.B.79.JPG,B3,B,S3,Barhi,2_Immature-2,train
B3.S3.B.8.JPG,B3,B,S3,Barhi,2_Immature-2,train
B3.S3.B.80.JPG,B3,B,S3,Barhi,2_Immature-2,train
B3.S3.B.81.JPG,B3,B,S3,Barhi,2_Immature-2,train
B3.S3.B.9.JPG,B3,B,S3,Barhi,2_Immature-2,train
B3.S4.B.1.JPG,B3,B,S4,Barhi,3_Pre-Khalal,train
B3.S4.B.10.JPG,B3,B,S4,Barhi,4_Khalal,train
B3.S4.B.100.JPG,B3,B,S4,Barhi,3_Pre-Khalal,train
B3.S4.B.101.JPG,B3,B,S4,Barhi,3_Pre-Khalal,train
B3.S4.B.102.JPG,B3,B,S4,Barhi,3_Pre-Khalal,train
B3.S4.B.103.JPG,B3,B,S4,Barhi,3_Pre-Khalal,train
B3.S4.B.104.JPG,B3,B,S4,Barhi,3_Pre-Khalal,train
B3.S4.B.105.JPG,B3,B,S4,Barhi,3_Pre-Khalal,train
B3.S4.B.106.JPG,B3,B,S4,Barhi,3_Pre-Khalal,train
B3.S4.B.107.JPG,B3,B,S4,Barhi,3_Pre-Khalal,train
B3.S4.B.108.JPG,B3,B,S4,Barhi,3_Pre-Khalal,train
B3.S4.B.109.JPG,B3,B,S4,Barhi,,train
B3.S4.B.11.JPG,B3,B,S4,Barhi,4_Khalal,train
B3.S4.B.110.JPG,B3,B,S4,Barhi,,train
B3.S4.B.111.JPG,B3,B,S4,Barhi,,train
B3.S4.B.112.JPG,B3,B,S4,Barhi,,train
B3.S4.B.113.JPG,B3,B,S4,Barhi,3_Pre-Khalal,train
B3.S4.B.114.JPG,B3,B,S4,Barhi,4_Khalal,train
B3.S4.B.115.JPG,B3,B,S4,Barhi,4_Khalal,train
B3.S4.B.116.JPG,B3,B,S4,Barhi,4_Khalal,train
B3.S4.B.117.JPG,B3,B,S4,Barhi,4_Khalal,train
B3.S4.B.118.JPG,B3,B,S4,Barhi,3_Pre-Khalal,train
B3.S4.B.119.JPG,B3,B,S4,Barhi,3_Pre-Khalal,train
B3.S4.B.12.JPG,B3,B,S4,Barhi,4_Khalal,train
B3.S4.B.120.JPG,B3,B,S4,Barhi,3_Pre-Khalal,train
B3.S4.B.121.JPG,B3,B,S4,Barhi,,train
B3.S4.B.122.JPG,B3,B,S4,Barhi,,train
B3.S4.B.123.JPG,B3,B,S4,Barhi,,train
B3.S4.B.124.JPG,B3,B,S4,Barhi,,train
B3.S4.B.125.JPG,B3,B,S4,Barhi,3_Pre-Khalal,train
B3.S4.B.126.JPG,B3,B,S4,Barhi,3_Pre-Khalal,train
B3.S4.B.127.JPG,B3,B,S4,Barhi,3_Pre-Khalal,train
B3.S4.B.128.JPG,B3,B,S4,Barhi,3_Pre-Khalal,train
B3.S4.B.129.JPG,B3,B,S4,Barhi,3_Pre-Khalal,train
B3.S4.B.13.JPG,B3,B,S4,Barhi,,train
B3.S4.B.130.JPG,B3,B,S4,Barhi,,train
B3.S4.B.131.JPG,B3,B,S4,Barhi,,train
B3.S4.B.132.JPG,B3,B,S4,Barhi,,train
B3.S4.B.133.JPG,B3,B,S4,Barhi,,train
B3.S4.B.134.JPG,B3,B,S4,Barhi,,train
B3.S4.B.135.JPG,B3,B,S4,Barhi,,train
B3.S4.B.136.JPG,B3,B,S4,Barhi,,train
B3.S4.B.137.JPG,B3,B,S4,Barhi,,train
B3.S4.B.138.JPG,B3,B,S4,Barhi,,train
B3.S4.B.139.JPG,B3,B,S4,Barhi,,train
B3.S4.B.14.JPG,B3,B,S4,Barhi,,train
B3.S4.B.140.JPG,B3,B,S4,Barhi,,train
B3.S4.B.141.JPG,B3,B,S4,Barhi,,train
B3.S4.B.142.JPG,B3,B,S4,Barhi,,train
B3.S4.B.143.JPG,B3,B,S4,Barhi,,train
B3.S4.B.144.JPG,B3,B,S4,Barhi,,train
B3.S4.B.145.JPG,B3,B,S4,Barhi,,train
B3.S4.B.146.JPG,B3,B,S4,Barhi,,train
B3.S4.B.147.JPG,B3,B,S4,Barhi,,train
B3.S4.B.148.JPG,B3,B,S4,Barhi,,train
B3.S4.B.149.JPG,B3,B,S4,Barhi,,train
B3.S4.B.15.JPG,B3,B,S4,Barhi,,train
B3.S4.B.150.JPG,B3,B,S4,Barhi,,train
B3.S4.B.151.JPG,B3,B,S4,Barhi,,train
B3.S4.B.152.JPG,B3,B,S4,Barhi,3_Pre-Khalal,train
B3.S4.B.153.JPG,B3,B,S4,Barhi,3_Pre-Khalal,train
B3.S4.B.154.JPG,B3,B,S4,Barhi,3_Pre-Khalal,train
B3.S4.B.155.JPG,B3,B,S4,Barhi,3_Pre-Khalal,train
B3.S4.B.156.JPG,B3,B,S4,Barhi,3_Pre-Khalal,train
B3.S4.B.157.JPG,B3,B,S4,Barhi,3_Pre-Khalal,train
B3.S4.B.158.JPG,B3,B,S4,Barhi,3_Pre-Khalal,train
B3.S4.B.159.JPG,B3,B,S4,Barhi,3_Pre-Khalal,train
B3.S4.B.16.JPG,B3,B,S4,Barhi,,train
B3.S4.B.160.JPG,B3,B,S4,Barhi,3_Pre-Khalal,train
B3.S4.B.161.JPG,B3,B,S4,Barhi,3_Pre-Khalal,train
B3.S4.B.162.JPG,B3,B,S4,Barhi,3_Pre-Khalal,train
B3.S4.B.163.JPG,B3,B,S4,Barhi,,train
B3.S4.B.164.JPG,B3,B,S4,Barhi,,train
B3.S4.B.165.JPG,B3,B,S4,Barhi,,train
B3.S4.B.166.JPG,B3,B,S4,Barhi,,train
B3.S4.B.167.JPG,B3,B,S4,Barhi,,train
B3.S4.B.168.JPG,B3,B,S4,Barhi,4_Khalal,train
B3.S4.B.169.JPG,B3,B,S4,Barhi,4_Khalal,train
B3.S4.B.17.JPG,B3,B,S4,Barhi,,train
B3.S4.B.170.JPG,B3,B,S4,Barhi,,train
B3.S4.B.171.JPG,B3,B,S4,Barhi,,train
B3.S4.B.172.JPG,B3,B,S4,Barhi,,train
B3.S4.B.173.JPG,B3,B,S4,Barhi,,train
B3.S4.B.174.JPG,B3,B,S4,Barhi,,train
B3.S4.B.175.JPG,B3,B,S4,Barhi,,train
B3.S4.B.176.JPG,B3,B,S4,Barhi,,train
B3.S4.B.177.JPG,B3,B,S4,Barhi,,train
B3.S4.B.178.JPG,B3,B,S4,Barhi,,train
B3.S4.B.179.JPG,B3,B,S4,Barhi,,train
B3.S4.B.18.JPG,B3,B,S4,Barhi,3_Pre-Khalal,train
B3.S4.B.180.JPG,B3,B,S4,Barhi,,train
B3.S4.B.181.JPG,B3,B,S4,Barhi,,train
B3.S4.B.182.JPG,B3,B,S4,Barhi,,train
B3.S4.B.183.JPG,B3,B,S4,Barhi,,train
B3.S4.B.184.JPG,B3,B,S4,Barhi,,train
B3.S4.B.185.JPG,B3,B,S4,Barhi,,train
B3.S4.B.186.JPG,B3,B,S4,Barhi,,train
B3.S4.B.187.JPG,B3,B,S4,Barhi,,train
B3.S4.B.188.JPG,B3,B,S4,Barhi,,train
B3.S4.B.189.JPG,B3,B,S4,Barhi,4_Khalal,train
B3.S4.B.19.JPG,B3,B,S4,Barhi,4_Khalal,train
B3.S4.B.190.JPG,B3,B,S4,Barhi,4_Khalal,train
B3.S4.B.191.JPG,B3,B,S4,Barhi,4_Khalal,train
B3.S4.B.192.JPG,B3,B,S4,Barhi,4_Khalal,train
B3.S4.B.193.JPG,B3,B,S4,Barhi,4_Khalal,train
B3.S4.B.194.JPG,B3,B,S4,Barhi,4_Khalal,train
B3.S4.B.195.JPG,B3,B,S4,Barhi,3_Pre-Khalal,train
B3.S4.B.196.JPG,B3,B,S4,Barhi,4_Khalal,train
B3.S4.B.197.JPG,B3,B,S4,Barhi,4_Khalal,train
B3.S4.B.198.JPG,B3,B,S4,Barhi,4_Khalal,train
B3.S4.B.199.JPG,B3,B,S4,Barhi,3_Pre-Khalal,train
B3.S4.B.2.JPG,B3,B,S4,Barhi,4_Khalal,train
B3.S4.B.20.JPG,B3,B,S4,Barhi,4_Khalal,train
B3.S4.B.200.JPG,B3,B,S4,Barhi,,train
B3.S4.B.201.JPG,B3,B,S4,Barhi,,train
B3.S4.B.202.JPG,B3,B,S4,Barhi,,train
B3.S4.B.203.JPG,B3,B,S4,Barhi,,train
B3.S4.B.204.JPG,B3,B,S4,Barhi,,train
B3.S4.B.205.JPG,B3,B,S4,Barhi,,train
B3.S4.B.206.JPG,B3,B,S4,Barhi,,train
B3.S4.B.207.JPG,B3,B,S4,Barhi,,train
B3.S4.B.208.JPG,B3,B,S4,Barhi,,train
B3.S4.B.209.JPG,B3,B,S4,Barhi,,train
B3.S4.B.21.JPG,B3,B,S4,Barhi,4_Khalal,train
B3.S4.B.22.JPG,B3,B,S4,Barhi,4_Khalal,train
B3.S4.B.23.JPG,B3,B,S4,Barhi,3_Pre-Khalal,train
B3.S4.B.24.JPG,B3,B,S4,Barhi,3_Pre-Khalal,train
B3.S4.B.25.JPG,B3,B,S4,Barhi,4_Khalal,train
B3.S4.B.26.JPG,B3,B,S4,Barhi,4_Khalal,train
B3.S4.B.27.JPG,B3,B,S4,Barhi,3_Pre-Khalal,train
B3.S4.B.28.JPG,B3,B,S4,Barhi,3_Pre-Khalal,train
B3.S4.B.29.JPG,B3,B,S4,Barhi,3_Pre-Khalal,train
B3.S4.B.3.JPG,B3,B,S4,Barhi,4_Khalal,train
B3.S4.B.30.JPG,B3,B,S4,Barhi,,train
B3.S4.B.31.JPG,B3,B,S4,Barhi,3_Pre-Khalal,train
B3.S4.B.32.JPG,B3,B,S4,Barhi,3_Pre-Khalal,train
B3.S4.B.33.JPG,B3,B,S4,Barhi,3_Pre-Khalal,train
B3.S4.B.34.JPG,B3,B,S4,Barhi,3_Pre-Khalal,train
B3.S4.B.35.JPG,B3,B,S4,Barhi,4_Khalal,train
B3.S4.B.36.JPG,B3,B,S4,Barhi,4_Khalal,train
B3.S4.B.37.JPG,B3,B,S4,Barhi,4_Khalal,train
B3.S4.B.38.JPG,B3,B,S4,Barhi,4_Khalal,train
B3.S4.B.39.JPG,B3,B,S4,Barhi,4_Khalal,train
B3.S4.B.4.JPG,B3,B,S4,Barhi,4_Khalal,train
B3.S4.B.40.JPG,B3,B,S4,Barhi,4_Khalal,train
B3.S4.B.41.JPG,B3,B,S4,Barhi,,train
B3.S4.B.42.JPG,B3,B,S4,Barhi,,train
B3.S4.B.43.JPG,B3,B,S4,Barhi,,train
B3.S4.B.44.JPG,B3,B,S4,Barhi,,train
B3.S4.B.45.JPG,B3,B,S4,Barhi,,train
B3.S4.B.46.JPG,B3,B,S4,Barhi,,train
B3.S4.B.47.JPG,B3,B,S4,Barhi,3_Pre-Khalal,train
B3.S4.B.48.JPG,B3,B,S4,Barhi,3_Pre-Khalal,train
B3.S4.B.49.JPG,B3,B,S4,Barhi,3_Pre-Khalal,train
B3.S4.B.5.JPG,B3,B,S4,Barhi,4_Khalal,train
B3.S4.B.50.JPG,B3,B,S4,Barhi,3_Pre-Khalal,train
B3.S4.B.51.JPG,B3,B,S4,Barhi,3_Pre-Khalal,train
B3.S4.B.52.JPG,B3,B,S4,Barhi,3_Pre-Khalal,train
B3.S4.B.53.JPG,B3,B,S4,Barhi,3_Pre-Khalal,train
B3.S4.B.54.JPG,B3,B,S4,Barhi,3_Pre-Khalal,train
B3.S4.B.55.JPG,B3,B,S4,Barhi,3_Pre-Khalal,train
B3.S4.B.56.JPG,B3,B,S4,Barhi,3_Pre-Khalal,train
B3.S4.B.57.JPG,B3,B,S4,Barhi,3_Pre-Khalal,train
B3.S4.B.58.JPG,B3,B,S4,Barhi,,train
B3.S4.B.59.JPG,B3,B,S4,Barhi,,train
B3.S4.B.6.JPG,B3,B,S4,Barhi,4_Khalal,train
B3.S4.B.60.JPG,B3,B,S4,Barhi,,train
B3.S4.B.61.JPG,B3,B,S4,Barhi,,train
B3.S4.B.62.JPG,B3,B,S4,Barhi,,train
B3.S4.B.63.JPG,B3,B,S4,Barhi,3_Pre-Khalal,train
B3.S4.B.64.JPG,B3,B,S4,Barhi,3_Pre-Khalal,train
B3.S4.B.65.JPG,B3,B,S4,Barhi,3_Pre-Khalal,train
B3.S4.B.66.JPG,B3,B,S4,Barhi,3_Pre-Khalal,train
B3.S4.B.67.JPG,B3,B,S4,Barhi,3_Pre-Khalal,train
B3.S4.B.68.JPG,B3,B,S4,Barhi,3_Pre-Khalal,train
B3.S4.B.69.JPG,B3,B,S4,Barhi,3_Pre-Khalal,train
B3.S4.B.7.JPG,B3,B,S4,Barhi,3_Pre-Khalal,train
B3.S4.B.70.JPG,B3,B,S4,Barhi,,train
B3.S4.B.71.JPG,B3,B,S4,Barhi,,train
B3.S4.B.72.JPG,B3,B,S4,Barhi,,train
B3.S4.B.73.JPG,B3,B,S4,Barhi,,train
B3.S4.B.74.JPG,B3,B,S4,Barhi,,train
B3.S4.B.75.JPG,B3,B,S4,Barhi,,train
B3.S4.B.76.JPG,B3,B,S4,Barhi,,train
B3.S4.B.77.JPG,B3,B,S4,Barhi,,train
B3.S4.B.78.JPG,B3,B,S4,Barhi,,train
B3.S4.B.79.JPG,B3,B,S4,Barhi,,train
B3.S4.B.8.JPG,B3,B,S4,Barhi,4_Khalal,train
B3.S4.B.80.JPG,B3,B,S4,Barhi,3_Pre-Khalal,train
B3.S4.B.81.JPG,B3,B,S4,Barhi,3_Pre-Khalal,train
B3.S4.B.82.JPG,B3,B,S4,Barhi,3_Pre-Khalal,train
B3.S4.B.83.JPG,B3,B,S4,Barhi,3_Pre-Khalal,train
B3.S4.B.84.JPG,B3,B,S4,Barhi,3_Pre-Khalal,train
B3.S4.B.85.JPG,B3,B,S4,Barhi,3_Pre-Khalal,train
B3.S4.B.86.JPG,B3,B,S4,Barhi,3_Pre-Khalal,train
B3.S4.B.87.JPG,B3,B,S4,Barhi,3_Pre-Khalal,train
B3.S4.B.88.JPG,B3,B,S4,Barhi,3_Pre-Khalal,train
B3.S4.B.89.JPG,B3,B,S4,Barhi,3_Pre-Khalal,train
B3.S4.B.9.JPG,B3,B,S4,Barhi,4_Khalal,train
B3.S4.B.90.JPG,B3,B,S4,Barhi,3_Pre-Khalal,train
B3.S4.B.91.JPG,B3,B,S4,Barhi,3_Pre-Khalal,train
B3.S4.B.92.JPG,B3,B,S4,Barhi,3_Pre-Khalal,train
B3.S4.B.93.JPG,B3,B,S4,Barhi,3_Pre-Khalal,train
B3.S4.B.94.JPG,B3,B,S4,Barhi,3_Pre-Khalal,train
B3.S4.B.95.JPG,B3,B,S4,Barhi,3_Pre-Khalal,train
B3.S4.B.96.JPG,B3,B,S4,Barhi,3_Pre-Khalal,train
B3.S4.B.97.JPG,B3,B,S4,Barhi,,train
B3.S4.B.98.JPG,B3,B,S4,Barhi,3_Pre-Khalal,train
B3.S4.B.99.JPG,B3,B,S4,Barhi,3_Pre-Khalal,train
B3.S5.B.1.JPG,B3,B,S5,Barhi,5_KhalalwithRutab,train
B3.S5.B.10.JPG,B3,B,S5,Barhi,5_KhalalwithRutab,train
B3.S5.B.11.JPG,B3,B,S5,Barhi,5_KhalalwithRutab,train
B3.S5.B.12.JPG,B3,B,S5,Barhi,5_KhalalwithRutab,train
B3.S5.B.13.JPG,B3,B,S5,Barhi,5_KhalalwithRutab,train
B3.S5.B.14.JPG,B3,B,S5,Barhi,5_KhalalwithRutab,train
B3.S5.B.15.JPG,B3,B,S5,Barhi,5_KhalalwithRutab,train
B3.S5.B.16.JPG,B3,B,S5,Barhi,5_KhalalwithRutab,train
B3.S5.B.17.JPG,B3,B,S5,Barhi,5_KhalalwithRutab,train
B3.S5.B.18.JPG,B3,B,S5,Barhi,5_KhalalwithRutab,train
B3.S5.B.19.JPG,B3,B,S5,Barhi,5_KhalalwithRutab,train
B3.S5.B.2.JPG,B3,B,S5,Barhi,5_KhalalwithRutab,train
B3.S5.B.20.JPG,B3,B,S5,Barhi,5_KhalalwithRutab,train
B3.S5.B.21.JPG,B3,B,S5,Barhi,5_KhalalwithRutab,train
B3.S5.B.22.JPG,B3,B,S5,Barhi,5_KhalalwithRutab,train
B3.S5.B.23.JPG,B3,B,S5,Barhi,5_KhalalwithRutab,train
B3.S5.B.24.JPG,B3,B,S5,Barhi,5_KhalalwithRutab,train
B3.S5.B.25.JPG,B3,B,S5,Barhi,5_KhalalwithRutab,train
B3.S5.B.26.JPG,B3,B,S5,Barhi,5_KhalalwithRutab,train
B3.S5.B.27.JPG,B3,B,S5,Barhi,5_KhalalwithRutab,train
B3.S5.B.28.JPG,B3,B,S5,Barhi,5_KhalalwithRutab,train
B3.S5.B.29.JPG,B3,B,S5,Barhi,5_KhalalwithRutab,train
B3.S5.B.3.JPG,B3,B,S5,Barhi,5_KhalalwithRutab,train
B3.S5.B.30.JPG,B3,B,S5,Barhi,5_KhalalwithRutab,train
B3.S5.B.31.JPG,B3,B,S5,Barhi,5_KhalalwithRutab,train
B3.S5.B.32.JPG,B3,B,S5,Barhi,5_KhalalwithRutab,train
B3.S5.B.33.JPG,B3,B,S5,Barhi,5_KhalalwithRutab,train
B3.S5.B.34.JPG,B3,B,S5,Barhi,5_KhalalwithRutab,train
B3.S5.B.35.JPG,B3,B,S5,Barhi,5_KhalalwithRutab,train
B3.S5.B.36.JPG,B3,B,S5,Barhi,5_KhalalwithRutab,train
B3.S5.B.37.JPG,B3,B,S5,Barhi,5_KhalalwithRutab,train
B3.S5.B.38.JPG,B3,B,S5,Barhi,5_KhalalwithRutab,train
B3.S5.B.39.JPG,B3,B,S5,Barhi,5_KhalalwithRutab,train
B3.S5.B.4.JPG,B3,B,S5,Barhi,5_KhalalwithRutab,train
B3.S5.B.40.JPG,B3,B,S5,Barhi,5_KhalalwithRutab,train
B3.S5.B.41.JPG,B3,B,S5,Barhi,5_KhalalwithRutab,train
B3.S5.B.42.JPG,B3,B,S5,Barhi,5_KhalalwithRutab,train
B3.S5.B.43.JPG,B3,B,S5,Barhi,5_KhalalwithRutab,train
B3.S5.B.44.JPG,B3,B,S5,Barhi,5_KhalalwithRutab,train
B3.S5.B.45.JPG,B3,B,S5,Barhi,5_KhalalwithRutab,train
B3.S5.B.46.JPG,B3,B,S5,Barhi,5_KhalalwithRutab,train
B3.S5.B.47.JPG,B3,B,S5,Barhi,5_KhalalwithRutab,train
B3.S5.B.48.JPG,B3,B,S5,Barhi,5_KhalalwithRutab,train
B3.S5.B.49.JPG,B3,B,S5,Barhi,5_KhalalwithRutab,train
B3.S5.B.5.JPG,B3,B,S5,Barhi,5_KhalalwithRutab,train
B3.S5.B.50.JPG,B3,B,S5,Barhi,5_KhalalwithRutab,train
B3.S5.B.51.JPG,B3,B,S5,Barhi,5_KhalalwithRutab,train
B3.S5.B.52.JPG,B3,B,S5,Barhi,5_KhalalwithRutab,train
B3.S5.B.53.JPG,B3,B,S5,Barhi,5_KhalalwithRutab,train
B3.S5.B.54.JPG,B3,B,S5,Barhi,5_KhalalwithRutab,train
B3.S5.B.55.JPG,B3,B,S5,Barhi,5_KhalalwithRutab,train
B3.S5.B.56.JPG,B3,B,S5,Barhi,5_KhalalwithRutab,train
B3.S5.B.57.JPG,B3,B,S5,Barhi,5_KhalalwithRutab,train
B3.S5.B.58.JPG,B3,B,S5,Barhi,5_KhalalwithRutab,train
B3.S5.B.59.JPG,B3,B,S5,Barhi,5_KhalalwithRutab,train
B3.S5.B.6.JPG,B3,B,S5,Barhi,5_KhalalwithRutab,train
B3.S5.B.60.JPG,B3,B,S5,Barhi,5_KhalalwithRutab,train
B3.S5.B.61.JPG,B3,B,S5,Barhi,5_KhalalwithRutab,train
B3.S5.B.62.JPG,B3,B,S5,Barhi,5_KhalalwithRutab,train
B3.S5.B.63.JPG,B3,B,S5,Barhi,5_KhalalwithRutab,train
B3.S5.B.64.JPG,B3,B,S5,Barhi,5_KhalalwithRutab,train
B3.S5.B.65.JPG,B3,B,S5,Barhi,5_KhalalwithRutab,train
B3.S5.B.66.JPG,B3,B,S5,Barhi,5_KhalalwithRutab,train
B3.S5.B.67.JPG,B3,B,S5,Barhi,5_KhalalwithRutab,train
B3.S5.B.68.JPG,B3,B,S5,Barhi,5_KhalalwithRutab,train
B3.S5.B.69.JPG,B3,B,S5,Barhi,5_KhalalwithRutab,train
B3.S5.B.7.JPG,B3,B,S5,Barhi,5_KhalalwithRutab,train
B3.S5.B.70.JPG,B3,B,S5,Barhi,5_KhalalwithRutab,train
B3.S5.B.71.JPG,B3,B,S5,Barhi,5_KhalalwithRutab,train
B3.S5.B.72.JPG,B3,B,S5,Barhi,5_KhalalwithRutab,train
B3.S5.B.73.JPG,B3,B,S5,Barhi,5_KhalalwithRutab,train
B3.S5.B.74.JPG,B3,B,S5,Barhi,5_KhalalwithRutab,train
B3.S5.B.75.JPG,B3,B,S5,Barhi,5_KhalalwithRutab,train
B3.S5.B.76.JPG,B3,B,S5,Barhi,5_KhalalwithRutab,train
B3.S5.B.77.JPG,B3,B,S5,Barhi,5_KhalalwithRutab,train
B3.S5.B.78.JPG,B3,B,S5,Barhi,5_KhalalwithRutab,train
B3.S5.B.79.JPG,B3,B,S5,Barhi,5_KhalalwithRutab,train
B3.S5.B.8.JPG,B3,B,S5,Barhi,5_KhalalwithRutab,train
B3.S5.B.80.JPG,B3,B,S5,Barhi,5_KhalalwithRutab,train
B3.S5.B.81.JPG,B3,B,S5,Barhi,5_KhalalwithRutab,train
B3.S5.B.82.JPG,B3,B,S5,Barhi,5_KhalalwithRutab,train
B3.S5.B.83.JPG,B3,B,S5,Barhi,5_KhalalwithRutab,train
B3.S5.B.84.JPG,B3,B,S5,Barhi,5_KhalalwithRutab,train
B3.S5.B.85.JPG,B3,B,S5,Barhi,5_KhalalwithRutab,train
B3.S5.B.86.JPG,B3,B,S5,Barhi,,train
B3.S5.B.87.JPG,B3,B,S5,Barhi,5_KhalalwithRutab,train
B3.S5.B.88.JPG,B3,B,S5,Barhi,5_KhalalwithRutab,train
B3.S5.B.89.JPG,B3,B,S5,Barhi,5_KhalalwithRutab,train
B3.S5.B.9.JPG,B3,B,S5,Barhi,5_KhalalwithRutab,train
B3.S5.B.90.JPG,B3,B,S5,Barhi,5_KhalalwithRutab,train
B3.S5.B.91.JPG,B3,B,S5,Barhi,5_KhalalwithRutab,train
B3.S5.B.92.JPG,B3,B,S5,Barhi,5_KhalalwithRutab,train
B3.S5.B.93.JPG,B3,B,S5,Barhi,5_KhalalwithRutab,train
B3.S5.B.94.JPG,B3,B,S5,Barhi,5_KhalalwithRutab,train
B3.S5.B.95.JPG,B3,B,S5,Barhi,5_KhalalwithRutab,train
B3.S5.B.96.JPG,B3,B,S5,Barhi,5_KhalalwithRutab,train
B3.S5.B.97.JPG,B3,B,S5,Barhi,5_KhalalwithRutab,train
B3.S5.B.98.JPG,B3,B,S5,Barhi,5_KhalalwithRutab,train
B3.S6.B.1.JPG,B3,B,S6,,,train
B4.S1.B.1.JPG,B4,B,S1,Barhi,1_Immature-1,train
B4.S1.B.10.JPG,B4,B,S1,Barhi,1_Immature-1,train
B4.S1.B.11.JPG,B4,B,S1,Barhi,1_Immature-1,train
B4.S1.B.12.JPG,B4,B,S1,Barhi,1_Immature-1,train
B4.S1.B.13.JPG,B4,B,S1,Barhi,1_Immature-1,train
B4.S1.B.14.JPG,B4,B,S1,Barhi,1_Immature-1,train
B4.S1.B.15.JPG,B4,B,S1,Barhi,1_Immature-1,train
B4.S1.B.16.JPG,B4,B,S1,Barhi,1_Immature-1,train
B4.S1.B.17.JPG,B4,B,S1,Barhi,1_Immature-1,train
B4.S1.B.18.JPG,B4,B,S1,Barhi,1_Immature-1,train
B4.S1.B.19.JPG,B4,B,S1,Barhi,1_Immature-1,train
B4.S1.B.2.JPG,B4,B,S1,Barhi,1_Immature-1,train
B4.S1.B.20.JPG,B4,B,S1,Barhi,1_Immature-1,train
B4.S1.B.21.JPG,B4,B,S1,Barhi,1_Immature-1,train
B4.S1.B.22.JPG,B4,B,S1,Barhi,1_Immature-1,train
B4.S1.B.23.JPG,B4,B,S1,Barhi,1_Immature-1,train
B4.S1.B.24.JPG,B4,B,S1,Barhi,1_Immature-1,train
B4.S1.B.25.JPG,B4,B,S1,Barhi,1_Immature-1,train
B4.S1.B.26.JPG,B4,B,S1,Barhi,1_Immature-1,train
B4.S1.B.27.JPG,B4,B,S1,Barhi,1_Immature-1,train
B4.S1.B.28.JPG,B4,B,S1,Barhi,1_Immature-1,train
B4.S1.B.29.JPG,B4,B,S1,Barhi,1_Immature-1,train
B4.S1.B.3.JPG,B4,B,S1,Barhi,1_Immature-1,train
B4.S1.B.30.JPG,B4,B,S1,Barhi,1_Immature-1,train
B4.S1.B.31.JPG,B4,B,S1,Barhi,1_Immature-1,train
B4.S1.B.32.JPG,B4,B,S1,Barhi,1_Immature-1,train
B4.S1.B.33.JPG,B4,B,S1,Barhi,1_Immature-1,train
B4.S1.B.34.JPG,B4,B,S1,Barhi,1_Immature-1,train
B4.S1.B.35.JPG,B4,B,S1,Barhi,1_Immature-1,train
B4.S1.B.36.JPG,B4,B,S1,Barhi,1_Immature-1,train
B4.S1.B.37.JPG,B4,B,S1,Barhi,1_Immature-1,train
B4.S1.B.38.JPG,B4,B,S1,Barhi,1_Immature-1,train
B4.S1.B.39.JPG,B4,B,S1,Barhi,1_Immature-1,train
B4.S1.B.4.JPG,B4,B,S1,Barhi,1_Immature-1,train
B4.S1.B.40.JPG,B4,B,S1,Barhi,1_Immature-1,train
B4.S1.B.41.JPG,B4,B,S1,Barhi,1_Immature-1,train
B4.S1.B.42.JPG,B4,B,S1,Barhi,1_Immature-1,train
B4.S1.B.43.JPG,B4,B,S1,Barhi,1_Immature-1,train
B4.S1.B.44.JPG,B4,B,S1,Barhi,1_Immature-1,train
B4.S1.B.45.JPG,B4,B,S1,Barhi,1_Immature-1,train
B4.S1.B.46.JPG,B4,B,S1,Barhi,1_Immature-1,train
B4.S1.B.47.JPG,B4,B,S1,Barhi,1_Immature-1,train
B4.S1.B.48.JPG,B4,B,S1,Barhi,1_Immature-1,train
B4.S1.B.49.JPG,B4,B,S1,Barhi,1_Immature-1,train
B4.S1.B.5.JPG,B4,B,S1,Barhi,1_Immature-1,train
B4.S1.B.50.JPG,B4,B,S1,Barhi,1_Immature-1,train
B4.S1.B.51.JPG,B4,B,S1,Barhi,1_Immature-1,train
B4.S1.B.52.JPG,B4,B,S1,Barhi,1_Immature-1,train
B4.S1.B.53.JPG,B4,B,S1,Barhi,1_Immature-1,train
B4.S1.B.54.JPG,B4,B,S1,Barhi,1_Immature-1,train
B4.S1.B.55.JPG,B4,B,S1,Barhi,1_Immature-1,train
B4.S1.B.56.JPG,B4,B,S1,Barhi,1_Immature-1,train
B4.S1.B.57.JPG,B4,B,S1,Barhi,1_Immature-1,train
B4.S1.B.58.JPG,B4,B,S1,Barhi,1_Immature-1,train
B4.S1.B.59.JPG,B4,B,S1,Barhi,1_Immature-1,train
B4.S1.B.6.JPG,B4,B,S1,Barhi,1_Immature-1,train
B4.S1.B.7.JPG,B4,B,S1,Barhi,1_Immature-1,train
B4.S1.B.8.JPG,B4,B,S1,Barhi,1_Immature-1,train
B4.S1.B.9.JPG,B4,B,S1,Barhi,1_Immature-1,train
B4.S2.B.1.JPG,B4,B,S2,Barhi,1_Immature-1,train
B4.S2.B.10.JPG,B4,B,S2,Barhi,1_Immature-1,train
B4.S2.B.11.JPG,B4,B,S2,Barhi,1_Immature-1,train
B4.S2.B.12.JPG,B4,B,S2,Barhi,1_Immature-1,train
B4.S2.B.13.JPG,B4,B,S2,Barhi,1_Immature-1,train
B4.S2.B.14.JPG,B4,B,S2,Barhi,1_Immature-1,train
B4.S2.B.15.JPG,B4,B,S2,Barhi,1_Immature-1,train
B4.S2.B.16.JPG,B4,B,S2,Barhi,1_Immature-1,train
B4.S2.B.17.JPG,B4,B,S2,Barhi,1_Immature-1,train
B4.S2.B.18.JPG,B4,B,S2,Barhi,1_Immature-1,train
B4.S2.B.19.JPG,B4,B,S2,Barhi,1_Immature-1,train
B4.S2.B.2.JPG,B4,B,S2,Barhi,1_Immature-1,train
B4.S2.B.20.JPG,B4,B,S2,Barhi,1_Immature-1,train
B4.S2.B.21.JPG,B4,B,S2,Barhi,1_Immature-1,train
B4.S2.B.22.JPG,B4,B,S2,Barhi,1_Immature-1,train
B4.S2.B.23.JPG,B4,B,S2,Barhi,1_Immature-1,train
B4.S2.B.24.JPG,B4,B,S2,Barhi,1_Immature-1,train
B4.S2.B.25.JPG,B4,B,S2,Barhi,1_Immature-1,train
B4.S2.B.26.JPG,B4,B,S2,Barhi,1_Immature-1,train
B4.S2.B.27.JPG,B4,B,S2,Barhi,1_Immature-1,train
B4.S2.B.28.JPG,B4,B,S2,Barhi,1_Immature-1,train
B4.S2.B.29.JPG,B4,B,S2,Barhi,1_Immature-1,train
B4.S2.B.3.JPG,B4,B,S2,Barhi,1_Immature-1,train
B4.S2.B.30.JPG,B4,B,S2,Barhi,1_Immature-1,train
B4.S2.B.31.JPG,B4,B,S2,Barhi,1_Immature-1,train
B4.S2.B.32.JPG,B4,B,S2,Barhi,1_Immature-1,train
B4.S2.B.33.JPG,B4,B,S2,Barhi,1_Immature-1,train
B4.S2.B.34.JPG,B4,B,S2,Barhi,1_Immature-1,train
B4.S2.B.35.JPG,B4,B,S2,Barhi,1_Immature-1,train
B4.S2.B.36.JPG,B4,B,S2,Barhi,1_Immature-1,train
B4.S2.B.37.JPG,B4,B,S2,Barhi,1_Immature-1,train
B4.S2.B.38.JPG,B4,B,S2,Barhi,1_Immature-1,train
B4.S2.B.39.JPG,B4,B,S2,Barhi,1_Immature-1,train
B4.S2.B.4.JPG,B4,B,S2,Barhi,1_Immature-1,train
B4.S2.B.5.JPG,B4,B,S2,Barhi,1_Immature-1,train
B4.S2.B.6.JPG,B4,B,S2,Barhi,1_Immature-1,train
B4.S2.B.7.JPG,B4,B,S2,Barhi,1_Immature-1,train
B4.S2.B.8.JPG,B4,B,S2,Barhi,1_Immature-1,train
B4.S2.B.9.JPG,B4,B,S2,Barhi,1_Immature-1,train
B4.S3.B.1.JPG,B4,B,S3,Barhi,2_Immature-2,train
B4.S3.B.10.JPG,B4,B,S3,Barhi,2_Immature-2,train
B4.S3.B.11.JPG,B4,B,S3,Barhi,2_Immature-2,train
B4.S3.B.12.JPG,B4,B,S3,Barhi,2_Immature-2,train
B4.S3.B.13.JPG,B4,B,S3,Barhi,2_Immature-2,train
B4.S3.B.14.JPG,B4,B,S3,Barhi,2_Immature-2,train
B4.S3.B.15.JPG,B4,B,S3,Barhi,2_Immature-2,train
B4.S3.B.16.JPG,B4,B,S3,Barhi,2_Immature-2,train
B4.S3.B.17.JPG,B4,B,S3,Barhi,2_Immature-2,train
B4.S3.B.18.JPG,B4,B,S3,Barhi,2_Immature-2,train
B4.S3.B.19.JPG,B4,B,S3,Barhi,,train
B4.S3.B.2.JPG,B4,B,S3,Barhi,,train
B4.S3.B.20.JPG,B4,B,S3,Barhi,2_Immature-2,train
B4.S3.B.21.JPG,B4,B,S3,Barhi,,train
B4.S3.B.22.JPG,B4,B,S3,Barhi,,train
B4.S3.B.23.JPG,B4,B,S3,Barhi,,train
B4.S3.B.24.JPG,B4,B,S3,Barhi,,train
B4.S3.B.25.JPG,B4,B,S3,Barhi,2_Immature-2,train
B4.S3.B.26.JPG,B4,B,S3,Barhi,2_Immature-2,train
B4.S3.B.27.JPG,B4,B,S3,Barhi,2_Immature-2,train
B4.S3.B.28.JPG,B4,B,S3,Barhi,2_Immature-2,train
B4.S3.B.29.JPG,B4,B,S3,Barhi,2_Immature-2,train
B4.S3.B.3.JPG,B4,B,S3,Barhi,2_Immature-2,train
B4.S3.B.30.JPG,B4,B,S3,Barhi,2_Immature-2,train
B4.S3.B.31.JPG,B4,B,S3,Barhi,,train
B4.S3.B.32.JPG,B4,B,S3,Barhi,2_Immature-2,train
B4.S3.B.33.JPG,B4,B,S3,Barhi,,train
B4.S3.B.34.JPG,B4,B,S3,Barhi,2_Immature-2,train
B4.S3.B.35.JPG,B4,B,S3,Barhi,,train
B4.S3.B.36.JPG,B4,B,S3,Barhi,,train
B4.S3.B.37.JPG,B4,B,S3,Barhi,2_Immature-2,train
B4.S3.B.38.JPG,B4,B,S3,Barhi,2_Immature-2,train
B4.S3.B.39.JPG,B4,B,S3,Barhi,2_Immature-2,train
B4.S3.B.4.JPG,B4,B,S3,Barhi,2_Immature-2,train
B4.S3.B.40.JPG,B4,B,S3,Barhi,2_Immature-2,train
B4.S3.B.41.JPG,B4,B,S3,Barhi,2_Immature-2,train
B4.S3.B.42.JPG,B4,B,S3,Barhi,,train
B4.S3.B.43.JPG,B4,B,S3,Barhi,,train
B4.S3.B.44.JPG,B4,B,S3,Barhi,3_Pre-Khalal,train
B4.S3.B.45.JPG,B4,B,S3,Barhi,,train
B4.S3.B.46.JPG,B4,B,S3,Barhi,2_Immature-2,train
B4.S3.B.47.JPG,B4,B,S3,Barhi,2_Immature-2,train
B4.S3.B.48.JPG,B4,B,S3,Barhi,,train
B4.S3.B.49.JPG,B4,B,S3,Barhi,2_Immature-2,train
B4.S3.B.5.JPG,B4,B,S3,Barhi,2_Immature-2,train
B4.S3.B.50.JPG,B4,B,S3,Barhi,2_Immature-2,train
B4.S3.B.51.JPG,B4,B,S3,Barhi,2_Immature-2,train
B4.S3.B.52.JPG,B4,B,S3,Barhi,2_Immature-2,train
B4.S3.B.53.JPG,B4,B,S3,Barhi,2_Immature-2,train
B4.S3.B.54.JPG,B4,B,S3,Barhi,2_Immature-2,train
B4.S3.B.55.JPG,B4,B,S3,Barhi,2_Immature-2,train
B4.S3.B.56.JPG,B4,B,S3,Barhi,2_Immature-2,train
B4.S3.B.57.JPG,B4,B,S3,Barhi,2_Immature-2,train
B4.S3.B.58.JPG,B4,B,S3,Barhi,2_Immature-2,train
B4.S3.B.59.JPG,B4,B,S3,Barhi,2_Immature-2,train
B4.S3.B.6.JPG,B4,B,S3,Barhi,2_Immature-2,train
B4.S3.B.60.JPG,B4,B,S3,Barhi,2_Immature-2,train
B4.S3.B.61.JPG,B4,B,S3,Barhi,2_Immature-2,train
B4.S3.B.62.JPG,B4,B,S3,Barhi,2_Immature-2,train
B4.S3.B.63.JPG,B4,B,S3,Barhi,2_Immature-2,train
B4.S3.B.64.JPG,B4,B,S3,Barhi,2_Immature-2,train
B4.S3.B.65.JPG,B4,B,S3,Barhi,2_Immature-2,train
B4.S3.B.66.JPG,B4,B,S3,Barhi,2_Immature-2,train
B4.S3.B.67.JPG,B4,B,S3,Barhi,2_Immature-2,train
B4.S3.B.68.JPG,B4,B,S3,Barhi,2_Immature-2,train
B4.S3.B.69.JPG,B4,B,S3,Barhi,2_Immature-2,train
B4.S3.B.7.JPG,B4,B,S3,Barhi,2_Immature-2,train
B4.S3.B.70.JPG,B4,B,S3,Barhi,2_Immature-2,train
B4.S3.B.71.JPG,B4,B,S3,Barhi,2_Immature-2,train
B4.S3.B.72.JPG,B4,B,S3,Barhi,2_Immature-2,train
B4.S3.B.73.JPG,B4,B,S3,Barhi,2_Immature-2,train
B4.S3.B.74.JPG,B4,B,S3,Barhi,2_Immature-2,train
B4.S3.B.8.JPG,B4,B,S3,Barhi,2_Immature-2,train
B4.S3.B.9.JPG,B4,B,S3,Barhi,2_Immature-2,train
B4.S4.B.1.JPG,B4,B,S4,Barhi,4_Khalal,train
B4.S4.B.10.JPG,B4,B,S4,Barhi,4_Khalal,train
B4.S4.B.100.JPG,B4,B,S4,Barhi,4_Khalal,train
B4.S4.B.101.JPG,B4,B,S4,Barhi,4_Khalal,train
B4.S4.B.102.JPG,B4,B,S4,Barhi,4_Khalal,train
B4.S4.B.103.JPG,B4,B,S4,Barhi,4_Khalal,train
B4.S4.B.104.JPG,B4,B,S4,Barhi,4_Khalal,train
B4.S4.B.105.JPG,B4,B,S4,Barhi,4_Khalal,train
B4.S4.B.106.JPG,B4,B,S4,Barhi,4_Khalal,train
B4.S4.B.107.JPG,B4,B,S4,Barhi,4_Khalal,train
B4.S4.B.108.JPG,B4,B,S4,Barhi,4_Khalal,train
B4.S4.B.109.JPG,B4,B,S4,Barhi,4_Khalal,train
B4.S4.B.11.JPG,B4,B,S4,Barhi,4_Khalal,train
B4.S4.B.110.JPG,B4,B,S4,Barhi,4_Khalal,train
B4.S4.B.111.JPG,B4,B,S4,Barhi,4_Khalal,train
B4.S4.B.112.JPG,B4,B,S4,Barhi,4_Khalal,train
B4.S4.B.113.JPG,B4,B,S4,Barhi,4_Khalal,train
B4.S4.B.114.JPG,B4,B,S4,Barhi,3_Pre-Khalal,train
B4.S4.B.115.JPG,B4,B,S4,Barhi,3_Pre-Khalal,train
B4.S4.B.116.JPG,B4,B,S4,Barhi,3_Pre-Khalal,train
B4.S4.B.117.JPG,B4,B,S4,Barhi,3_Pre-Khalal,train
B4.S4.B.118.JPG,B4,B,S4,Barhi,3_Pre-Khalal,train
B4.S4.B.119.JPG,B4,B,S4,Barhi,3_Pre-Khalal,train
B4.S4.B.12.JPG,B4,B,S4,Barhi,4_Khalal,train
B4.S4.B.120.JPG,B4,B,S4,Barhi,3_Pre-Khalal,train
B4.S4.B.121.JPG,B4,B,S4,Barhi,3_Pre-Khalal,train
B4.S4.B.122.JPG,B4,B,S4,Barhi,3_Pre-Khalal,train
B4.S4.B.123.JPG,B4,B,S4,Barhi,3_Pre-Khalal,train
B4.S4.B.124.JPG,B4,B,S4,Barhi,3_Pre-Khalal,train
B4.S4.B.125.JPG,B4,B,S4,Barhi,3_Pre-Khalal,train
B4.S4.B.126.JPG,B4,B,S4,Barhi,3_Pre-Khalal,train
B4.S4.B.127.JPG,B4,B,S4,Barhi,3_Pre-Khalal,train
B4.S4.B.128.JPG,B4,B,S4,Barhi,3_Pre-Khalal,train
B4.S4.B.129.JPG,B4,B,S4,Barhi,3_Pre-Khalal,train
B4.S4.B.13.JPG,B4,B,S4,Barhi,4_Khalal,train
B4.S4.B.130.JPG,B4,B,S4,Barhi,3_Pre-Khalal,train
B4.S4.B.131.JPG,B4,B,S4,Barhi,4_Khalal,train
B4.S4.B.132.JPG,B4,B,S4,Barhi,4_Khalal,train
B4.S4.B.133.JPG,B4,B,S4,Barhi,4_Khalal,train
B4.S4.B.134.JPG,B4,B,S4,Barhi,4_Khalal,train
B4.S4.B.135.JPG,B4,B,S4,Barhi,4_Khalal,train
B4.S4.B.136.JPG,B4,B,S4,Barhi,4_Khalal,train
B4.S4.B.137.JPG,B4,B,S4,Barhi,,train
B4.S4.B.138.JPG,B4,B,S4,Barhi,,train
B4.S4.B.139.JPG,B4,B,S4,Barhi,,train
B4.S4.B.14.JPG,B4,B,S4,Barhi,,train
B4.S4.B.140.JPG,B4,B,S4,Barhi,,train
B4.S4.B.141.JPG,B4,B,S4,Barhi,,train
B4.S4.B.142.JPG,B4,B,S4,Barhi,,train
B4.S4.B.143.JPG,B4,B,S4,Barhi,,train
B4.S4.B.144.JPG,B4,B,S4,Barhi,4_Khalal,train
B4.S4.B.145.JPG,B4,B,S4,Barhi,,train
B4.S4.B.146.JPG,B4,B,S4,Barhi,,train
B4.S4.B.147.JPG,B4,B,S4,Barhi,,train
B4.S4.B.148.JPG,B4,B,S4,Barhi,,train
B4.S4.B.149.JPG,B4,B,S4,Barhi,,train
B4.S4.B.15.JPG,B4,B,S4,Barhi,,train
B4.S4.B.150.JPG,B4,B,S4,Barhi,,train
B4.S4.B.151.JPG,B4,B,S4,Barhi,3_Pre-Khalal,train
B4.S4.B.152.JPG,B4,B,S4,Barhi,3_Pre-Khalal,train
B4.S4.B.153.JPG,B4,B,S4,Barhi,4_Khalal,train
B4.S4.B.154.JPG,B4,B,S4,Barhi,4_Khalal,train
B4.S4.B.155.JPG,B4,B,S4,Barhi,4_Khalal,train
B4.S4.B.156.JPG,B4,B,S4,Barhi,4_Khalal,train
B4.S4.B.157.JPG,B4,B,S4,Barhi,4_Khalal,train
B4.S4.B.158.JPG,B4,B,S4,Barhi,4_Khalal,train
B4.S4.B.159.JPG,B4,B,S4,Barhi,4_Khalal,train
B4.S4.B.16.JPG,B4,B,S4,Barhi,,train
B4.S4.B.160.JPG,B4,B,S4,Barhi,4_Khalal,train
B4.S4.B.161.JPG,B4,B,S4,Barhi,4_Khalal,train
B4.S4.B.162.JPG,B4,B,S4,Barhi,4_Khalal,train
B4.S4.B.163.JPG,B4,B,S4,Barhi,4_Khalal,train
B4.S4.B.164.JPG,B4,B,S4,Barhi,4_Khalal,train
B4.S4.B.165.JPG,B4,B,S4,Barhi,4_Khalal,train
B4.S4.B.166.JPG,B4,B,S4,Barhi,4_Khalal,train
B4.S4.B.167.JPG,B4,B,S4,Barhi,4_Khalal,train
B4.S4.B.168.JPG,B4,B,S4,Barhi,4_Khalal,train
B4.S4.B.169.JPG,B4,B,S4,Barhi,4_Khalal,train
B4.S4.B.17.JPG,B4,B,S4,Barhi,,train
B4.S4.B.18.JPG,B4,B,S4,Barhi,4_Khalal,train
B4.S4.B.19.JPG,B4,B,S4,Barhi,4_Khalal,train
B4.S4.B.2.JPG,B4,B,S4,Barhi,4_Khalal,train
B4.S4.B.20.JPG,B4,B,S4,Barhi,4_Khalal,train
B4.S4.B.21.JPG,B4,B,S4,Barhi,4_Khalal,train
B4.S4.B.22.JPG,B4,B,S4,Barhi,4_Khalal,train
B4.S4.B.23.JPG,B4,B,S4,Barhi,4_Khalal,train
B4.S4.B.24.JPG,B4,B,S4,Barhi,4_Khalal,train
B4.S4.B.25.JPG,B4,B,S4,Barhi,4_Khalal,train
B4.S4.B.26.JPG,B4,B,S4,Barhi,4_Khalal,train
B4.S4.B.27.JPG,B4,B,S4,Barhi,4_Khalal,train
B4.S4.B.28.JPG,B4,B,S4,Barhi,4_Khalal,train
B4.S4.B.29.JPG,B4,B,S4,Barhi,4_Khalal,train
B4.S4.B.3.JPG,B4,B,S4,Barhi,4_Khalal,train
B4.S4.B.30.JPG,B4,B,S4,Barhi,4_Khalal,train
B4.S4.B.31.JPG,B4,B,S4,Barhi,4_Khalal,train
B4.S4.B.32.JPG,B4,B,S4,Barhi,4_Khalal,train
B4.S4.B.33.JPG,B4,B,S4,Barhi,4_Khalal,train
B4.S4.B.34.JPG,B4,B,S4,Barhi,4_Khalal,train
B4.S4.B.35.JPG,B4,B,S4,Barhi,4_Khalal,train
B4.S4.B.36.JPG,B4,B,S4,Barhi,4_Khalal,train
B4.S4.B.37.JPG,B4,B,S4,Barhi,4_Khalal,train
B4.S4.B.38.JPG,B4,B,S4,Barhi,4_Khalal,train
B4.S4.B.39.JPG,B4,B,S4,Barhi,4_Khalal,train
B4.S4.B.4.JPG,B4,B,S4,Barhi,4_Khalal,train
B4.S4.B.40.JPG,B4,B,S4,Barhi,4_Khalal,train
B4.S4.B.41.JPG,B4,B,S4,Barhi,4_Khalal,train
B4.S4.B.42.JPG,B4,B,S4,Barhi,4_Khalal,train
B4.S4.B.43.JPG,B4,B,S4,Barhi,4_Khalal,train
B4.S4.B.44.JPG,B4,B,S4,Barhi,3_Pre-Khalal,train
B4.S4.B.45.JPG,B4,B,S4,Barhi,3_Pre-Khalal,train
B4.S4.B.46.JPG,B4,B,S4,Barhi,3_Pre-Khalal,train
B4.S4.B.47.JPG,B4,B,S4,Barhi,3_Pre-Khalal,train
B4.S4.B.48.JPG,B4,B,S4,Barhi,3_Pre-Khalal,train
B4.S4.B.49.JPG,B4,B,S4,Barhi,3_Pre-Khalal,train
B4.S4.B.5.JPG,B4,B,S4,Barhi,4_Khalal,train
B4.S4.B.50.JPG,B4,B,S4,Barhi,3_Pre-Khalal,train
B4.S4.B.51.JPG,B4,B,S4,Barhi,3_Pre-Khalal,train
B4.S4.B.52.JPG,B4,B,S4,Barhi,3_Pre-Khalal,train
B4.S4.B.53.JPG,B4,B,S4,Barhi,3_Pre-Khalal,train
B4.S4.B.54.JPG,B4,B,S4,Barhi,3_Pre-Khalal,train
B4.S4.B.55.JPG,B4,B,S4,Barhi,,train
B4.S4.B.56.JPG,B4,B,S4,Barhi,,train
B4.S4.B.57.JPG,B4,B,S4,Barhi,,train
B4.S4.B.58.JPG,B4,B,S4,Barhi,,train
B4.S4.B.59.JPG,B4,B,S4,Barhi,,train
B4.S4.B.6.JPG,B4,B,S4,Barhi,3_Pre-Khalal,train
B4.S4.B.60.JPG,B4,B,S4,Barhi,,train
B4.S4.B.61.JPG,B4,B,S4,Barhi,3_Pre-Khalal,train
B4.S4.B.62.JPG,B4,B,S4,Barhi,4_Khalal,train
B4.S4.B.63.JPG,B4,B,S4,Barhi,4_Khalal,train
B4.S4.B.64.JPG,B4,B,S4,Barhi,4_Khalal,train
B4.S4.B.65.JPG,B4,B,S4,Barhi,4_Khalal,train
B4.S4.B.66.JPG,B4,B,S4,Barhi,4_Khalal,train
B4.S4.B.67.JPG,B4,B,S4,Barhi,4_Khalal,train
B4.S4.B.68.JPG,B4,B,S4,Barhi,4_Khalal,train
B4.S4.B.69.JPG,B4,B,S4,Barhi,4_Khalal,train
B4.S4.B.7.JPG,B4,B,S4,Barhi,3_Pre-Khalal,train
B4.S4.B.70.JPG,B4,B,S4,Barhi,4_Khalal,train
B4.S4.B.71.JPG,B4,B,S4,Barhi,4_Khalal,train
B4.S4.B.72.JPG,B4,B,S4,Barhi,4_Khalal,train
B4.S4.B.73.JPG,B4,B,S4,Barhi,4_Khalal,train
B4.S4.B.74.JPG,B4,B,S4,Barhi,4_Khalal,train
B4.S4.B.75.JPG,B4,B,S4,Barhi,4_Khalal,train
B4.S4.B.76.JPG,B4,B,S4,Barhi,3_Pre-Khalal,train
B4.S4.B.77.JPG,B4,B,S4,Barhi,3_Pre-Khalal,train
B4.S4.B.78.JPG,B4,B,S4,Barhi,3_Pre-Khalal,train
B4.S4.B.79.JPG,B4,B,S4,Barhi,3_Pre-Khalal,train
B4.S4.B.8.JPG,B4,B,S4,Barhi,3_Pre-Khalal,train
B4.S4.B.80.JPG,B4,B,S4,Barhi,3_Pre-Khalal,train
B4.S4.B.81.JPG,B4,B,S4,Barhi,3_Pre-Khalal,train
B4.S4.B.82.JPG,B4,B,S4,Barhi,3_Pre-Khalal,train
B4.S4.B.83.JPG,B4,B,S4,Barhi,3_Pre-Khalal,train
B4.S4.B.84.JPG,B4,B,S4,Barhi,3_Pre-Khalal,train
B4.S4.B.85.JPG,B4,B,S4,Barhi,3_Pre-Khalal,train
B4.S4.B.86.JPG,B4,B,S4,Barhi,3_Pre-Khalal,train
B4.S4.B.87.JPG,B4,B,S4,Barhi,3_Pre-Khalal,train
B4.S4.B.88.JPG,B4,B,S4,Barhi,3_Pre-Khalal,train
B4.S4.B.89.JPG,B4,B,S4,Barhi,3_Pre-Khalal,train
B4.S4.B.9.JPG,B4,B,S4,Barhi,,train
B4.S4.B.90.JPG,B4,B,S4,Barhi,3_Pre-Khalal,train
B4.S4.B.91.JPG,B4,B,S4,Barhi,3_Pre-Khalal,train
B4.S4.B.92.JPG,B4,B,S4,Barhi,3_Pre-Khalal,train
B4.S4.B.93.JPG,B4,B,S4,Barhi,3_Pre-Khalal,train
B4.S4.B.94.JPG,B4,B,S4,Barhi,3_Pre-Khalal,train
B4.S4.B.95.JPG,B4,B,S4,Barhi,3_Pre-Khalal,train
B4.S4.B.96.JPG,B4,B,S4,Barhi,3_Pre-Khalal,train
B4.S4.B.97.JPG,B4,B,S4,Barhi,3_Pre-Khalal,train
B4.S4.B.98.JPG,B4,B,S4,Barhi,3_Pre-Khalal,train
B4.S4.B.99.JPG,B4,B,S4,Barhi,3_Pre-Khalal,train
B4.S5.B.1.JPG,B4,B,S5,Barhi,5_KhalalwithRutab,train
B4.S5.B.10.JPG,B4,B,S5,Barhi,5_KhalalwithRutab,train
B4.S5.B.100.JPG,B4,B,S5,Barhi,5_KhalalwithRutab,train
B4.S5.B.101.JPG,B4,B,S5,Barhi,5_KhalalwithRutab,train
B4.S5.B.102.JPG,B4,B,S5,Barhi,5_KhalalwithRutab,train
B4.S5.B.103.JPG,B4,B,S5,Barhi,5_KhalalwithRutab,train
B4.S5.B.104.JPG,B4,B,S5,Barhi,5_KhalalwithRutab,train
B4.S5.B.105.JPG,B4,B,S5,Barhi,5_KhalalwithRutab,train
B4.S5.B.106.JPG,B4,B,S5,Barhi,5_KhalalwithRutab,train
B4.S5.B.107.JPG,B4,B,S5,Barhi,5_KhalalwithRutab,train
B4.S5.B.11.JPG,B4,B,S5,Barhi,5_KhalalwithRutab,train
B4.S5.B.12.JPG,B4,B,S5,Barhi,5_KhalalwithRutab,train
B4.S5.B.13.JPG,B4,B,S5,Barhi,5_KhalalwithRutab,train
B4.S5.B.14.JPG,B4,B,S5,Barhi,5_KhalalwithRutab,train
B4.S5.B.15.JPG,B4,B,S5,Barhi,5_KhalalwithRutab,train
B4.S5.B.16.JPG,B4,B,S5,Barhi,5_KhalalwithRutab,train
B4.S5.B.17.JPG,B4,B,S5,Barhi,5_KhalalwithRutab,train
B4.S5.B.18.JPG,B4,B,S5,Barhi,5_KhalalwithRutab,train
B4.S5.B.19.JPG,B4,B,S5,Barhi,5_KhalalwithRutab,train
B4.S5.B.2.JPG,B4,B,S5,Barhi,5_KhalalwithRutab,train
B4.S5.B.20.JPG,B4,B,S5,Barhi,5_KhalalwithRutab,train
B4.S5.B.21.JPG,B4,B,S5,Barhi,5_KhalalwithRutab,train
B4.S5.B.22.JPG,B4,B,S5,Barhi,5_KhalalwithRutab,train
B4.S5.B.23.JPG,B4,B,S5,Barhi,5_KhalalwithRutab,train
B4.S5.B.24.JPG,B4,B,S5,Barhi,5_KhalalwithRutab,train
B4.S5.B.25.JPG,B4,B,S5,Barhi,5_KhalalwithRutab,train
B4.S5.B.26.JPG,B4,B,S5,Barhi,5_KhalalwithRutab,train
B4.S5.B.27.JPG,B4,B,S5,Barhi,5_KhalalwithRutab,train
B4.S5.B.28.JPG,B4,B,S5,Barhi,5_KhalalwithRutab,train
B4.S5.B.29.JPG,B4,B,S5,Barhi,5_KhalalwithRutab,train
B4.S5.B.3.JPG,B4,B,S5,Barhi,5_KhalalwithRutab,train
B4.S5.B.30.JPG,B4,B,S5,Barhi,5_KhalalwithRutab,train
B4.S5.B.31.JPG,B4,B,S5,Barhi,5_KhalalwithRutab,train
B4.S5.B.32.JPG,B4,B,S5,Barhi,5_KhalalwithRutab,train
B4.S5.B.33.JPG,B4,B,S5,Barhi,5_KhalalwithRutab,train
B4.S5.B.34.JPG,B4,B,S5,Barhi,5_KhalalwithRutab,train
B4.S5.B.35.JPG,B4,B,S5,Barhi,5_KhalalwithRutab,train
B4.S5.B.36.JPG,B4,B,S5,Barhi,5_KhalalwithRutab,train
B4.S5.B.37.JPG,B4,B,S5,Barhi,5_KhalalwithRutab,train
B4.S5.B.38.JPG,B4,B,S5,Barhi,5_KhalalwithRutab,train
B4.S5.B.39.JPG,B4,B,S5,Barhi,5_KhalalwithRutab,train
B4.S5.B.4.JPG,B4,B,S5,Barhi,5_KhalalwithRutab,train
B4.S5.B.40.JPG,B4,B,S5,Barhi,5_KhalalwithRutab,train
B4.S5.B.41.JPG,B4,B,S5,Barhi,5_KhalalwithRutab,train
B4.S5.B.42.JPG,B4,B,S5,Barhi,5_KhalalwithRutab,train
B4.S5.B.43.JPG,B4,B,S5,Barhi,5_KhalalwithRutab,train
B4.S5.B.44.JPG,B4,B,S5,Barhi,5_KhalalwithRutab,train
B4.S5.B.45.JPG,B4,B,S5,Barhi,5_KhalalwithRutab,train
B4.S5.B.46.JPG,B4,B,S5,Barhi,5_KhalalwithRutab,train
B4.S5.B.47.JPG,B4,B,S5,Barhi,5_KhalalwithRutab,train
B4.S5.B.48.JPG,B4,B,S5,Barhi,5_KhalalwithRutab,train
B4.S5.B.49.JPG,B4,B,S5,Barhi,5_KhalalwithRutab,train
B4.S5.B.5.JPG,B4,B,S5,Barhi,5_KhalalwithRutab,train
B4.S5.B.50.JPG,B4,B,S5,Barhi,5_KhalalwithRutab,train
B4.S5.B.51.JPG,B4,B,S5,Barhi,5_KhalalwithRutab,train
B4.S5.B.52.JPG,B4,B,S5,Barhi,5_KhalalwithRutab,train
B4.S5.B.53.JPG,B4,B,S5,Barhi,5_KhalalwithRutab,train
B4.S5.B.54.JPG,B4,B,S5,Barhi,5_KhalalwithRutab,train
B4.S5.B.55.JPG,B4,B,S5,Barhi,5_KhalalwithRutab,train
B4.S5.B.56.JPG,B4,B,S5,Barhi,5_KhalalwithRutab,train
B4.S5.B.57.JPG,B4,B,S5,Barhi,5_KhalalwithRutab,train
B4.S5.B.58.JPG,B4,B,S5,Barhi,5_KhalalwithRutab,train
B4.S5.B.59.JPG,B4,B,S5,Barhi,5_KhalalwithRutab,train
B4.S5.B.6.JPG,B4,B,S5,Barhi,5_KhalalwithRutab,train
B4.S5.B.60.JPG,B4,B,S5,Barhi,5_KhalalwithRutab,train
B4.S5.B.61.JPG,B4,B,S5,Barhi,5_KhalalwithRutab,train
B4.S5.B.62.JPG,B4,B,S5,Barhi,5_KhalalwithRutab,train
B4.S5.B.63.JPG,B4,B,S5,Barhi,5_KhalalwithRutab,train
B4.S5.B.64.JPG,B4,B,S5,Barhi,5_KhalalwithRutab,train
B4.S5.B.65.JPG,B4,B,S5,Barhi,5_KhalalwithRutab,train
B4.S5.B.66.JPG,B4,B,S5,Barhi,5_KhalalwithRutab,train
B4.S5.B.67.JPG,B4,B,S5,Barhi,5_KhalalwithRutab,train
B4.S5.B.68.JPG,B4,B,S5,Barhi,5_KhalalwithRutab,train
B4.S5.B.69.JPG,B4,B,S5,Barhi,5_KhalalwithRutab,train
B4.S5.B.7.JPG,B4,B,S5,Barhi,5_KhalalwithRutab,train
B4.S5.B.70.JPG,B4,B,S5,Barhi,5_KhalalwithRutab,train
B4.S5.B.71.JPG,B4,B,S5,Barhi,5_KhalalwithRutab,train
B4.S5.B.72.JPG,B4,B,S5,Barhi,5_KhalalwithRutab,train
B4.S5.B.73.JPG,B4,B,S5,Barhi,5_KhalalwithRutab,train
B4.S5.B.74.JPG,B4,B,S5,Barhi,5_KhalalwithRutab,train
B4.S5.B.75.JPG,B4,B,S5,Barhi,5_KhalalwithRutab,train
B4.S5.B.76.JPG,B4,B,S5,Barhi,5_KhalalwithRutab,train
B4.S5.B.77.JPG,B4,B,S5,Barhi,5_KhalalwithRutab,train
B4.S5.B.78.JPG,B4,B,S5,Barhi,5_KhalalwithRutab,train
B4.S5.B.79.JPG,B4,B,S5,Barhi,5_KhalalwithRutab,train
B4.S5.B.8.JPG,B4,B,S5,Barhi,5_KhalalwithRutab,train
B4.S5.B.80.JPG,B4,B,S5,Barhi,5_KhalalwithRutab,train
B4.S5.B.81.JPG,B4,B,S5,Barhi,5_KhalalwithRutab,train
B4.S5.B.82.JPG,B4,B,S5,Barhi,5_KhalalwithRutab,train
B4.S5.B.83.JPG,B4,B,S5,Barhi,5_KhalalwithRutab,train
B4.S5.B.84.JPG,B4,B,S5,Barhi,5_KhalalwithRutab,train
B4.S5.B.85.JPG,B4,B,S5,Barhi,5_KhalalwithRutab,train
B4.S5.B.86.JPG,B4,B,S5,Barhi,5_KhalalwithRutab,train
B4.S5.B.87.JPG,B4,B,S5,Barhi,5_KhalalwithRutab,train
B4.S5.B.88.JPG,B4,B,S5,Barhi,5_KhalalwithRutab,train
B4.S5.B.89.JPG,B4,B,S5,Barhi,5_KhalalwithRutab,train
B4.S5.B.9.JPG,B4,B,S5,Barhi,5_KhalalwithRutab,train
B4.S5.B.90.JPG,B4,B,S5,Barhi,5_KhalalwithRutab,train
B4.S5.B.91.JPG,B4,B,S5,Barhi,5_KhalalwithRutab,train
B4.S5.B.92.JPG,B4,B,S5,Barhi,5_KhalalwithRutab,train
B4.S5.B.93.JPG,B4,B,S5,Barhi,5_KhalalwithRutab,train
B4.S5.B.94.JPG,B4,B,S5,Barhi,5_KhalalwithRutab,train
B4.S5.B.95.JPG,B4,B,S5,Barhi,5_KhalalwithRutab,train
B4.S5.B.96.JPG,B4,B,S5,Barhi,5_KhalalwithRutab,train
B4.S5.B.97.JPG,B4,B,S5,Barhi,5_KhalalwithRutab,train
B4.S5.B.98.JPG,B4,B,S5,Barhi,5_KhalalwithRutab,train
B4.S5.B.99.JPG,B4,B,S5,Barhi,5_KhalalwithRutab,train
B4.S6.B.1.JPG,B4,B,S6,Barhi,6_Pre-Tamar,train
B4.S6.B.10.JPG,B4,B,S6,Barhi,6_Pre-Tamar,train
B4.S6.B.11.JPG,B4,B,S6,Barhi,6_Pre-Tamar,train
B4.S6.B.12.JPG,B4,B,S6,Barhi,6_Pre-Tamar,train
B4.S6.B.13.JPG,B4,B,S6,Barhi,6_Pre-Tamar,train
B4.S6.B.14.JPG,B4,B,S6,Barhi,6_Pre-Tamar,train
B4.S6.B.15.JPG,B4,B,S6,Barhi,6_Pre-Tamar,train
B4.S6.B.16.JPG,B4,B,S6,Barhi,6_Pre-Tamar,train
B4.S6.B.17.JPG,B4,B,S6,Barhi,6_Pre-Tamar,train
B4.S6.B.18.JPG,B4,B,S6,Barhi,6_Pre-Tamar,train
B4.S6.B.19.JPG,B4,B,S6,Barhi,6_Pre-Tamar,train
B4.S6.B.2.JPG,B4,B,S6,Barhi,6_Pre-Tamar,train
B4.S6.B.20.JPG,B4,B,S6,Barhi,6_Pre-Tamar,train
B4.S6.B.21.JPG,B4,B,S6,Barhi,6_Pre-Tamar,train
B4.S6.B.22.JPG,B4,B,S6,Barhi,7_Tamar,train
B4.S6.B.23.JPG,B4,B,S6,Barhi,7_Tamar,train
B4.S6.B.24.JPG,B4,B,S6,Barhi,7_Tamar,train
B4.S6.B.25.JPG,B4,B,S6,Barhi,6_Pre-Tamar,train
B4.S6.B.26.JPG,B4,B,S6,Barhi,6_Pre-Tamar,train
B4.S6.B.27.JPG,B4,B,S6,Barhi,6_Pre-Tamar,train
B4.S6.B.28.JPG,B4,B,S6,Barhi,7_Tamar,train
B4.S6.B.29.JPG,B4,B,S6,Barhi,7_Tamar,train
B4.S6.B.3.JPG,B4,B,S6,Barhi,6_Pre-Tamar,train
B4.S6.B.30.JPG,B4,B,S6,Barhi,7_Tamar,train
B4.S6.B.31.JPG,B4,B,S6,Barhi,6_Pre-Tamar,train
B4.S6.B.32.JPG,B4,B,S6,Barhi,6_Pre-Tamar,train
B4.S6.B.33.JPG,B4,B,S6,Barhi,6_Pre-Tamar,train
B4.S6.B.34.JPG,B4,B,S6,Barhi,6_Pre-Tamar,train
B4.S6.B.35.JPG,B4,B,S6,Barhi,6_Pre-Tamar,train
B4.S6.B.36.JPG,B4,B,S6,Barhi,6_Pre-Tamar,train
B4.S6.B.37.JPG,B4,B,S6,Barhi,6_Pre-Tamar,train
B4.S6.B.38.JPG,B4,B,S6,Barhi,6_Pre-Tamar,train
B4.S6.B.39.JPG,B4,B,S6,Barhi,6_Pre-Tamar,train
B4.S6.B.4.JPG,B4,B,S6,Barhi,6_Pre-Tamar,train
B4.S6.B.40.JPG,B4,B,S6,Barhi,6_Pre-Tamar,train
B4.S6.B.41.JPG,B4,B,S6,Barhi,6_Pre-Tamar,train
B4.S6.B.42.JPG,B4,B,S6,Barhi,6_Pre-Tamar,train
B4.S6.B.43.JPG,B4,B,S6,Barhi,6_Pre-Tamar,train
B4.S6.B.5.JPG,B4,B,S6,Barhi,6_Pre-Tamar,train
B4.S6.B.6.JPG,B4,B,S6,Barhi,6_Pre-Tamar,train
B4.S6.B.7.JPG,B4,B,S6,Barhi,6_Pre-Tamar,train
B4.S6.B.8.JPG,B4,B,S6,Barhi,6_Pre-Tamar,train
B4.S6.B.9.JPG,B4,B,S6,Barhi,6_Pre-Tamar,train
B5.S1.B.1.JPG,B5,B,S1,Barhi,1_Immature-1,train
B5.S1.B.10.JPG,B5,B,S1,Barhi,1_Immature-1,train
B5.S1.B.11.JPG,B5,B,S1,Barhi,1_Immature-1,train
B5.S1.B.12.JPG,B5,B,S1,Barhi,1_Immature-1,train
B5.S1.B.13.JPG,B5,B,S1,Barhi,1_Immature-1,train
B5.S1.B.14.JPG,B5,B,S1,Barhi,1_Immature-1,train
B5.S1.B.15.JPG,B5,B,S1,Barhi,1_Immature-1,train
B5.S1.B.16.JPG,B5,B,S1,Barhi,1_Immature-1,train
B5.S1.B.17.JPG,B5,B,S1,Barhi,1_Immature-1,train
B5.S1.B.18.JPG,B5,B,S1,Barhi,1_Immature-1,train
B5.S1.B.19.JPG,B5,B,S1,Barhi,1_Immature-1,train
B5.S1.B.2.JPG,B5,B,S1,Barhi,1_Immature-1,train
B5.S1.B.20.JPG,B5,B,S1,Barhi,1_Immature-1,train
B5.S1.B.21.JPG,B5,B,S1,Barhi,1_Immature-1,train
B5.S1.B.22.JPG,B5,B,S1,Barhi,1_Immature-1,train
B5.S1.B.23.JPG,B5,B,S1,Barhi,1_Immature-1,train
B5.S1.B.24.JPG,B5,B,S1,Barhi,1_Immature-1,train
B5.S1.B.25.JPG,B5,B,S1,Barhi,1_Immature-1,train
B5.S1.B.26.JPG,B5,B,S1,Barhi,1_Immature-1,train
B5.S1.B.27.JPG,B5,B,S1,Barhi,1_Immature-1,train
B5.S1.B.28.JPG,B5,B,S1,Barhi,1_Immature-1,train
B5.S1.B.29.JPG,B5,B,S1,Barhi,1_Immature-1,train
B5.S1.B.3.JPG,B5,B,S1,Barhi,1_Immature-1,train
B5.S1.B.30.JPG,B5,B,S1,Barhi,1_Immature-1,train
B5.S1.B.31.JPG,B5,B,S1,Barhi,1_Immature-1,train
B5.S1.B.32.JPG,B5,B,S1,Barhi,1_Immature-1,train
B5.S1.B.33.JPG,B5,B,S1,Barhi,1_Immature-1,train
B5.S1.B.34.JPG,B5,B,S1,Barhi,1_Immature-1,train
B5.S1.B.35.JPG,B5,B,S1,Barhi,1_Immature-1,train
B5.S1.B.36.JPG,B5,B,S1,Barhi,1_Immature-1,train
B5.S1.B.37.JPG,B5,B,S1,Barhi,1_Immature-1,train
B5.S1.B.38.JPG,B5,B,S1,Barhi,1_Immature-1,train
B5.S1.B.39.JPG,B5,B,S1,Barhi,1_Immature-1,train
B5.S1.B.4.JPG,B5,B,S1,Barhi,1_Immature-1,train
B5.S1.B.40.JPG,B5,B,S1,Barhi,1_Immature-1,train
B5.S1.B.41.JPG,B5,B,S1,Barhi,1_Immature-1,train
B5.S1.B.42.JPG,B5,B,S1,Barhi,1_Immature-1,train
B5.S1.B.43.JPG,B5,B,S1,Barhi,1_Immature-1,train
B5.S1.B.44.JPG,B5,B,S1,Barhi,1_Immature-1,train
B5.S1.B.45.JPG,B5,B,S1,Barhi,1_Immature-1,train
B5.S1.B.46.JPG,B5,B,S1,Barhi,1_Immature-1,train
B5.S1.B.47.JPG,B5,B,S1,Barhi,1_Immature-1,train
B5.S1.B.48.JPG,B5,B,S1,Barhi,1_Immature-1,train
B5.S1.B.49.JPG,B5,B,S1,Barhi,1_Immature-1,train
B5.S1.B.5.JPG,B5,B,S1,Barhi,1_Immature-1,train
B5.S1.B.50.JPG,B5,B,S1,Barhi,1_Immature-1,train
B5.S1.B.51.JPG,B5,B,S1,Barhi,1_Immature-1,train
B5.S1.B.6.JPG,B5,B,S1,Barhi,1_Immature-1,train
B5.S1.B.7.JPG,B5,B,S1,Barhi,1_Immature-1,train
B5.S1.B.8.JPG,B5,B,S1,Barhi,1_Immature-1,train
B5.S1.B.9.JPG,B5,B,S1,Barhi,1_Immature-1,train
B5.S2.B.1.JPG,B5,B,S2,Barhi,1_Immature-1,train
B5.S2.B.10.JPG,B5,B,S2,Barhi,1_Immature-1,train
B5.S2.B.11.JPG,B5,B,S2,Barhi,1_Immature-1,train
B5.S2.B.12.JPG,B5,B,S2,Barhi,1_Immature-1,train
B5.S2.B.13.JPG,B5,B,S2,Barhi,1_Immature-1,train
B5.S2.B.14.JPG,B5,B,S2,Barhi,1_Immature-1,train
B5.S2.B.15.JPG,B5,B,S2,Barhi,1_Immature-1,train
B5.S2.B.16.JPG,B5,B,S2,Barhi,1_Immature-1,train
B5.S2.B.17.JPG,B5,B,S2,Barhi,1_Immature-1,train
B5.S2.B.18.JPG,B5,B,S2,Barhi,1_Immature-1,train
B5.S2.B.19.JPG,B5,B,S2,Barhi,1_Immature-1,train
B5.S2.B.2.JPG,B5,B,S2,Barhi,1_Immature-1,train
B5.S2.B.20.JPG,B5,B,S2,Barhi,1_Immature-1,train
B5.S2.B.21.JPG,B5,B,S2,Barhi,1_Immature-1,train
B5.S2.B.22.JPG,B5,B,S2,Barhi,1_Immature-1,train
B5.S2.B.23.JPG,B5,B,S2,Barhi,1_Immature-1,train
B5.S2.B.24.JPG,B5,B,S2,Barhi,1_Immature-1,train
B5.S2.B.25.JPG,B5,B,S2,Barhi,1_Immature-1,train
B5.S2.B.26.JPG,B5,B,S2,Barhi,1_Immature-1,train
B5.S2.B.27.JPG,B5,B,S2,Barhi,1_Immature-1,train
B5.S2.B.28.JPG,B5,B,S2,Barhi,1_Immature-1,train
B5.S2.B.29.JPG,B5,B,S2,Barhi,1_Immature-1,train
B5.S2.B.3.JPG,B5,B,S2,Barhi,1_Immature-1,train
B5.S2.B.30.JPG,B5,B,S2,Barhi,1_Immature-1,train
B5.S2.B.31.JPG,B5,B,S2,Barhi,1_Immature-1,train
B5.S2.B.32.JPG,B5,B,S2,Barhi,1_Immature-1,train
B5.S2.B.33.JPG,B5,B,S2,Barhi,1_Immature-1,train
B5.S2.B.34.JPG,B5,B,S2,Barhi,1_Immature-1,train
B5.S2.B.35.JPG,B5,B,S2,Barhi,1_Immature-1,train
B5.S2.B.36.JPG,B5,B,S2,Barhi,1_Immature-1,train
B5.S2.B.37.JPG,B5,B,S2,Barhi,1_Immature-1,train
B5.S2.B.38.JPG,B5,B,S2,Barhi,1_Immature-1,train
B5.S2.B.39.JPG,B5,B,S2,Barhi,1_Immature-1,train
B5.S2.B.4.JPG,B5,B,S2,Barhi,1_Immature-1,train
B5.S2.B.40.JPG,B5,B,S2,Barhi,1_Immature-1,train
B5.S2.B.41.JPG,B5,B,S2,Barhi,1_Immature-1,train
B5.S2.B.42.JPG,B5,B,S2,Barhi,1_Immature-1,train
B5.S2.B.43.JPG,B5,B,S2,Barhi,1_Immature-1,train
B5.S2.B.44.JPG,B5,B,S2,Barhi,1_Immature-1,train
B5.S2.B.5.JPG,B5,B,S2,Barhi,1_Immature-1,train
B5.S2.B.6.JPG,B5,B,S2,Barhi,1_Immature-1,train
B5.S2.B.7.JPG,B5,B,S2,Barhi,1_Immature-1,train
B5.S2.B.8.JPG,B5,B,S2,Barhi,1_Immature-1,train
B5.S2.B.9.JPG,B5,B,S2,Barhi,1_Immature-1,train
B5.S3.B.1.JPG,B5,B,S3,Barhi,,train
B5.S3.B.10.JPG,B5,B,S3,Barhi,2_Immature-2,train
B5.S3.B.11.JPG,B5,B,S3,Barhi,2_Immature-2,train
B5.S3.B.12.JPG,B5,B,S3,Barhi,2_Immature-2,train
B5.S3.B.13.JPG,B5,B,S3,Barhi,2_Immature-2,train
B5.S3.B.14.JPG,B5,B,S3,Barhi,2_Immature-2,train
B5.S3.B.15.JPG,B5,B,S3,Barhi,2_Immature-2,train
B5.S3.B.16.JPG,B5,B,S3,Barhi,2_Immature-2,train
B5.S3.B.17.JPG,B5,B,S3,Barhi,2_Immature-2,train
B5.S3.B.18.JPG,B5,B,S3,Barhi,2_Immature-2,train
B5.S3.B.19.JPG,B5,B,S3,Barhi,2_Immature-2,train
B5.S3.B.2.JPG,B5,B,S3,Barhi,,train
B5.S3.B.20.JPG,B5,B,S3,Barhi,2_Immature-2,train
B5.S3.B.21.JPG,B5,B,S3,Barhi,2_Immature-2,train
B5.S3.B.22.JPG,B5,B,S3,Barhi,2_Immature-2,train
B5.S3.B.23.JPG,B5,B,S3,Barhi,2_Immature-2,train
B5.S3.B.24.JPG,B5,B,S3,Barhi,2_Immature-2,train
B5.S3.B.25.JPG,B5,B,S3,Barhi,2_Immature-2,train
B5.S3.B.26.JPG,B5,B,S3,Barhi,2_Immature-2,train
B5.S3.B.27.JPG,B5,B,S3,Barhi,2_Immature-2,train
B5.S3.B.28.JPG,B5,B,S3,Barhi,2_Immature-2,train
B5.S3.B.29.JPG,B5,B,S3,Barhi,2_Immature-2,train
B5.S3.B.3.JPG,B5,B,S3,Barhi,,train
B5.S3.B.30.JPG,B5,B,S3,Barhi,2_Immature-2,train
B5.S3.B.31.JPG,B5,B,S3,Barhi,2_Immature-2,train
B5.S3.B.32.JPG,B5,B,S3,Barhi,2_Immature-2,train
B5.S3.B.33.JPG,B5,B,S3,Barhi,2_Immature-2,train
B5.S3.B.34.JPG,B5,B,S3,Barhi,2_Immature-2,train
B5.S3.B.35.JPG,B5,B,S3,Barhi,2_Immature-2,train
B5.S3.B.36.JPG,B5,B,S3,Barhi,2_Immature-2,train
B5.S3.B.37.JPG,B5,B,S3,Barhi,2_Immature-2,train
B5.S3.B.38.JPG,B5,B,S3,Barhi,2_Immature-2,train
B5.S3.B.39.JPG,B5,B,S3,Barhi,2_Immature-2,train
B5.S3.B.4.JPG,B5,B,S3,Barhi,4_Khalal,train
B5.S3.B.40.JPG,B5,B,S3,Barhi,2_Immature-2,train
B5.S3.B.41.JPG,B5,B,S3,Barhi,2_Immature-2,train
B5.S3.B.42.JPG,B5,B,S3,Barhi,2_Immature-2,train
B5.S3.B.43.JPG,B5,B,S3,Barhi,2_Immature-2,train
B5.S3.B.44.JPG,B5,B,S3,Barhi,2_Immature-2,train
B5.S3.B.45.JPG,B5,B,S3,Barhi,2_Immature-2,train
B5.S3.B.46.JPG,B5,B,S3,Barhi,,train
B5.S3.B.47.JPG,B5,B,S3,Barhi,,train
B5.S3.B.48.JPG,B5,B,S3,Barhi,,train
B5.S3.B.49.JPG,B5,B,S3,Barhi,,train
B5.S3.B.5.JPG,B5,B,S3,Barhi,,train
B5.S3.B.50.JPG,B5,B,S3,Barhi,,train
B5.S3.B.51.JPG,B5,B,S3,Barhi,,train
B5.S3.B.52.JPG,B5,B,S3,Barhi,2_Immature-2,train
B5.S3.B.53.JPG,B5,B,S3,Barhi,2_Immature-2,train
B5.S3.B.54.JPG,B5,B,S3,Barhi,2_Immature-2,train
B5.S3.B.55.JPG,B5,B,S3,Barhi,2_Immature-2,train
B5.S3.B.56.JPG,B5,B,S3,Barhi,2_Immature-2,train
B5.S3.B.57.JPG,B5,B,S3,Barhi,2_Immature-2,train
B5.S3.B.58.JPG,B5,B,S3,Barhi,2_Immature-2,train
B5.S3.B.59.JPG,B5,B,S3,Barhi,2_Immature-2,train
B5.S3.B.6.JPG,B5,B,S3,Barhi,4_Khalal,train
B5.S3.B.60.JPG,B5,B,S3,Barhi,2_Immature-2,train
B5.S3.B.61.JPG,B5,B,S3,Barhi,2_Immature-2,train
B5.S3.B.62.JPG,B5,B,S3,Barhi,2_Immature-2,train
B5.S3.B.63.JPG,B5,B,S3,Barhi,2_Immature-2,train
B5.S3.B.64.JPG,B5,B,S3,Barhi,2_Immature-2,train
B5.S3.B.65.JPG,B5,B,S3,Barhi,2_Immature-2,train
B5.S3.B.66.JPG,B5,B,S3,Barhi,2_Immature-2,train
B5.S3.B.67.JPG,B5,B,S3,Barhi,2_Immature-2,train
B5.S3.B.68.JPG,B5,B,S3,Barhi,2_Immature-2,train
B5.S3.B.69.JPG,B5,B,S3,Barhi,2_Immature-2,train
B5.S3.B.7.JPG,B5,B,S3,Barhi,4_Khalal,train
B5.S3.B.70.JPG,B5,B,S3,Barhi,2_Immature-2,train
B5.S3.B.71.JPG,B5,B,S3,Barhi,2_Immature-2,train
B5.S3.B.72.JPG,B5,B,S3,Barhi,2_Immature-2,train
B5.S3.B.73.JPG,B5,B,S3,Barhi,2_Immature-2,train
B5.S3.B.74.JPG,B5,B,S3,Barhi,2_Immature-2,train
B5.S3.B.75.JPG,B5,B,S3,Barhi,2_Immature-2,train
B5.S3.B.76.JPG,B5,B,S3,Barhi,2_Immature-2,train
B5.S3.B.77.JPG,B5,B,S3,Barhi,2_Immature-2,train
B5.S3.B.78.JPG,B5,B,S3,Barhi,2_Immature-2,train
B5.S3.B.8.JPG,B5,B,S3,Barhi,2_Immature-2,train
B5.S3.B.9.JPG,B5,B,S3,Barhi,2_Immature-2,train
B5.S4.B.1.JPG,B5,B,S4,Barhi,,train
B5.S4.B.10.JPG,B5,B,S4,Barhi,,train
B5.S4.B.100.JPG,B5,B,S4,Barhi,3_Pre-Khalal,train
B5.S4.B.101.JPG,B5,B,S4,Barhi,3_Pre-Khalal,train
B5.S4.B.102.JPG,B5,B,S4,Barhi,,train
B5.S4.B.103.JPG,B5,B,S4,Barhi,,train
B5.S4.B.104.JPG,B5,B,S4,Barhi,,train
B5.S4.B.105.JPG,B5,B,S4,Barhi,,train
B5.S4.B.106.JPG,B5,B,S4,Barhi,,train
B5.S4.B.107.JPG,B5,B,S4,Barhi,,train
B5.S4.B.108.JPG,B5,B,S4,Barhi,,train
B5.S4.B.109.JPG,B5,B,S4,Barhi,,train
B5.S4.B.11.JPG,B5,B,S4,Barhi,,train
B5.S4.B.110.JPG,B5,B,S4,Barhi,,train
B5.S4.B.111.JPG,B5,B,S4,Barhi,,train
B5.S4.B.112.JPG,B5,B,S4,Barhi,3_Pre-Khalal,train
B5.S4.B.113.JPG,B5,B,S4,Barhi,3_Pre-Khalal,train
B5.S4.B.114.JPG,B5,B,S4,Barhi,3_Pre-Khalal,train
B5.S4.B.12.JPG,B5,B,S4,Barhi,3_Pre-Khalal,train
B5.S4.B.13.JPG,B5,B,S4,Barhi,3_Pre-Khalal,train
B5.S4.B.14.JPG,B5,B,S4,Barhi,4_Khalal,train
B5.S4.B.15.JPG,B5,B,S4,Barhi,4_Khalal,train
B5.S4.B.16.JPG,B5,B,S4,Barhi,4_Khalal,train
B5.S4.B.17.JPG,B5,B,S4,Barhi,4_Khalal,train
B5.S4.B.18.JPG,B5,B,S4,Barhi,4_Khalal,train
B5.S4.B.19.JPG,B5,B,S4,Barhi,4_Khalal,train
B5.S4.B.2.JPG,B5,B,S4,Barhi,,train
B5.S4.B.20.JPG,B5,B,S4,Barhi,4_Khalal,train
B5.S4.B.21.JPG,B5,B,S4,Barhi,,train
B5.S4.B.22.JPG,B5,B,S4,Barhi,4_Khalal,train
B5.S4.B.23.JPG,B5,B,S4,Barhi,4_Khalal,train
B5.S4.B.24.JPG,B5,B,S4,Barhi,4_Khalal,train
B5.S4.B.25.JPG,B5,B,S4,Barhi,4_Khalal,train
B5.S4.B.26.JPG,B5,B,S4,Barhi,4_Khalal,train
B5.S4.B.27.JPG,B5,B,S4,Barhi,3_Pre-Khalal,train
B5.S4.B.28.JPG,B5,B,S4,Barhi,3_Pre-Khalal,train
B5.S4.B.29.JPG,B5,B,S4,Barhi,3_Pre-Khalal,train
B5.S4.B.3.JPG,B5,B,S4,Barhi,3_Pre-Khalal,train
B5.S4.B.30.JPG,B5,B,S4,Barhi,3_Pre-Khalal,train
B5.S4.B.31.JPG,B5,B,S4,Barhi,4_Khalal,train
B5.S4.B.32.JPG,B5,B,S4,Barhi,4_Khalal,train
B5.S4.B.33.JPG,B5,B,S4,Barhi,,train
B5.S4.B.34.JPG,B5,B,S4,Barhi,3_Pre-Khalal,train
B5.S4.B.35.JPG,B5,B,S4,Barhi,3_Pre-Khalal,train
B5.S4.B.36.JPG,B5,B,S4,Barhi,,train
B5.S4.B.37.JPG,B5,B,S4,Barhi,,train
B5.S4.B.38.JPG,B5,B,S4,Barhi,,train
B5.S4.B.39.JPG,B5,B,S4,Barhi,,train
B5.S4.B.4.JPG,B5,B,S4,Barhi,3_Pre-Khalal,train
B5.S4.B.40.JPG,B5,B,S4,Barhi,,train
B5.S4.B.41.JPG,B5,B,S4,Barhi,,train
B5.S4.B.42.JPG,B5,B,S4,Barhi,,train
B5.S4.B.43.JPG,B5,B,S4,Barhi,,train
B5.S4.B.44.JPG,B5,B,S4,Barhi,,train
B5.S4.B.45.JPG,B5,B,S4,Barhi,,train
B5.S4.B.46.JPG,B5,B,S4,Barhi,,train
B5.S4.B.47.JPG,B5,B,S4,Barhi,,train
B5.S4.B.48.JPG,B5,B,S4,Barhi,,train
B5.S4.B.49.JPG,B5,B,S4,Barhi,,train
B5.S4.B.5.JPG,B5,B,S4,Barhi,3_Pre-Khalal,train
B5.S4.B.50.JPG,B5,B,S4,Barhi,,train
B5.S4.B.51.JPG,B5,B,S4,Barhi,,train
B5.S4.B.52.JPG,B5,B,S4,Barhi,,train
B5.S4.B.53.JPG,B5,B,S4,Barhi,,train
B5.S4.B.54.JPG,B5,B,S4,Barhi,,train
B5.S4.B.55.JPG,B5,B,S4,Barhi,,train
B5.S4.B.56.JPG,B5,B,S4,Barhi,,train
B5.S4.B.57.JPG,B5,B,S4,Barhi,,train
B5.S4.B.58.JPG,B5,B,S4,Barhi,,train
B5.S4.B.59.JPG,B5,B,S4,Barhi,,train
B5.S4.B.6.JPG,B5,B,S4,Barhi,,train
B5.S4.B.60.JPG,B5,B,S4,Barhi,,train
B5.S4.B.61.JPG,B5,B,S4,Barhi,,train
B5.S4.B.62.JPG,B5,B,S4,Barhi,,train
B5.S4.B.63.JPG,B5,B,S4,Barhi,,train
B5.S4.B.64.JPG,B5,B,S4,Barhi,,train
B5.S4.B.65.JPG,B5,B,S4,Barhi,,train
B5.S4.B.66.JPG,B5,B,S4,Barhi,,train
B5.S4.B.67.JPG,B5,B,S4,Barhi,,train
B5.S4.B.68.JPG,B5,B,S4,Barhi,,train
B5.S4.B.69.JPG,B5,B,S4,Barhi,,train
B5.S4.B.7.JPG,B5,B,S4,Barhi,,train
B5.S4.B.70.JPG,B5,B,S4,Barhi,,train
B5.S4.B.71.JPG,B5,B,S4,Barhi,,train
B5.S4.B.72.JPG,B5,B,S4,Barhi,,train
B5.S4.B.73.JPG,B5,B,S4,Barhi,,train
B5.S4.B.74.JPG,B5,B,S4,Barhi,,train
B5.S4.B.75.JPG,B5,B,S4,Barhi,,train
B5.S4.B.76.JPG,B5,B,S4,Barhi,,train
B5.S4.B.77.JPG,B5,B,S4,Barhi,,train
B5.S4.B.78.JPG,B5,B,S4,Barhi,,train
B5.S4.B.79.JPG,B5,B,S4,Barhi,,train
B5.S4.B.8.JPG,B5,B,S4,Barhi,,train
B5.S4.B.80.JPG,B5,B,S4,Barhi,,train
B5.S4.B.81.JPG,B5,B,S4,Barhi,,train
B5.S4.B.82.JPG,B5,B,S4,Barhi,,train
B5.S4.B.83.JPG,B5,B,S4,Barhi,,train
B5.S4.B.84.JPG,B5,B,S4,Barhi,,train
B5.S4.B.85.JPG,B5,B,S4,Barhi,,train
B5.S4.B.86.JPG,B5,B,S4,Barhi,,train
B5.S4.B.87.JPG,B5,B,S4,Barhi,,train
B5.S4.B.88.JPG,B5,B,S4,Barhi,,train
B5.S4.B.89.JPG,B5,B,S4,Barhi,,train
B5.S4.B.9.JPG,B5,B,S4,Barhi,,train
B5.S4.B.90.JPG,B5,B,S4,Barhi,,train
B5.S4.B.91.JPG,B5,B,S4,Barhi,,train
B5.S4.B.92.JPG,B5,B,S4,Barhi,,train
B5.S4.B.93.JPG,B5,B,S4,Barhi,,train
B5.S4.B.94.JPG,B5,B,S4,Barhi,,train
B5.S4.B.95.JPG,B5,B,S4,Barhi,,train
B5.S4.B.96.JPG,B5,B,S4,Barhi,,train
B5.S4.B.97.JPG,B5,B,S4,Barhi,,train
B5.S4.B.98.JPG,B5,B,S4,Barhi,,train
B5.S4.B.99.JPG,B5,B,S4,Barhi,,train
B5.S5.B.1.JPG,B5,B,S5,,,train
K1.S1.B.1.JPG,K1,K,S1,Khalas,1_Immature-1,val
K1.S1.B.10.JPG,K1,K,S1,Khalas,1_Immature-1,val
K1.S1.B.11.JPG,K1,K,S1,Khalas,1_Immature-1,val
K1.S1.B.12.JPG,K1,K,S1,Khalas,1_Immature-1,val
K1.S1.B.13.JPG,K1,K,S1,Khalas,1_Immature-1,val
K1.S1.B.14.JPG,K1,K,S1,Khalas,1_Immature-1,val
K1.S1.B.15.JPG,K1,K,S1,Khalas,1_Immature-1,val
K1.S1.B.16.JPG,K1,K,S1,Khalas,1_Immature-1,val
K1.S1.B.17.JPG,K1,K,S1,Khalas,1_Immature-1,val
K1.S1.B.18.JPG,K1,K,S1,Khalas,1_Immature-1,val
K1.S1.B.19.JPG,K1,K,S1,Khalas,1_Immature-1,val
K1.S1.B.2.JPG,K1,K,S1,Khalas,1_Immature-1,val
K1.S1.B.20.JPG,K1,K,S1,Khalas,1_Immature-1,val
K1.S1.B.21.JPG,K1,K,S1,Khalas,1_Immature-1,val
K1.S1.B.22.JPG,K1,K,S1,Khalas,1_Immature-1,val
K1.S1.B.23.JPG,K1,K,S1,Khalas,1_Immature-1,val
K1.S1.B.24.JPG,K1,K,S1,Khalas,1_Immature-1,val
K1.S1.B.3.JPG,K1,K,S1,Khalas,1_Immature-1,val
K1.S1.B.4.JPG,K1,K,S1,Khalas,1_Immature-1,val
K1.S1.B.5.JPG,K1,K,S1,Khalas,1_Immature-1,val
K1.S1.B.6.JPG,K1,K,S1,Khalas,1_Immature-1,val
K1.S1.B.7.JPG,K1,K,S1,Khalas,1_Immature-1,val
K1.S1.B.8.JPG,K1,K,S1,Khalas,1_Immature-1,val
K1.S1.B.9.JPG,K1,K,S1,Khalas,1_Immature-1,val
K1.S2.B.1.JPG,K1,K,S2,Khalas,1_Immature-1,val
K1.S2.B.10.JPG,K1,K,S2,Khalas,1_Immature-1,val
K1.S2.B.11.JPG,K1,K,S2,Khalas,1_Immature-1,val
K1.S2.B.12.JPG,K1,K,S2,Khalas,1_Immature-1,val
K1.S2.B.13.JPG,K1,K,S2,Khalas,1_Immature-1,val
K1.S2.B.14.JPG,K1,K,S2,Khalas,2_Immature-2,val
K1.S2.B.15.JPG,K1,K,S2,Khalas,2_Immature-2,val
K1.S2.B.16.JPG,K1,K,S2,Khalas,2_Immature-2,val
K1.S2.B.17.JPG,K1,K,S2,Khalas,2_Immature-2,val
K1.S2.B.18.JPG,K1,K,S2,Khalas,2_Immature-2,val
K1.S2.B.19.JPG,K1,K,S2,Khalas,2_Immature-2,val
K1.S2.B.2.JPG,K1,K,S2,Khalas,1_Immature-1,val
K1.S2.B.20.JPG,K1,K,S2,Khalas,2_Immature-2,val
K1.S2.B.21.JPG,K1,K,S2,Khalas,2_Immature-2,val
K1.S2.B.22.JPG,K1,K,S2,Khalas,2_Immature-2,val
K1.S2.B.23.JPG,K1,K,S2,Khalas,2_Immature-2,val
K1.S2.B.24.JPG,K1,K,S2,Khalas,1_Immature-1,val
K1.S2.B.25.JPG,K1,K,S2,Khalas,1_Immature-1,val
K1.S2.B.26.JPG,K1,K,S2,Khalas,1_Immature-1,val
K1.S2.B.27.JPG,K1,K,S2,Khalas,1_Immature-1,val
K1.S2.B.28.JPG,K1,K,S2,Khalas,1_Immature-1,val
K1.S2.B.29.JPG,K1,K,S2,Khalas,1_Immature-1,val
K1.S2.B.3.JPG,K1,K,S2,Khalas,2_Immature-2,val
K1.S2.B.30.JPG,K1,K,S2,Khalas,1_Immature-1,val
K1.S2.B.31.JPG,K1,K,S2,Khalas,1_Immature-1,val
K1.S2.B.4.JPG,K1,K,S2,Khalas,2_Immature-2,val
K1.S2.B.5.JPG,K1,K,S2,Khalas,2_Immature-2,val
K1.S2.B.6.JPG,K1,K,S2,Khalas,2_Immature-2,val
K1.S2.B.7.JPG,K1,K,S2,Khalas,2_Immature-2,val
K1.S2.B.8.JPG,K1,K,S2,Khalas,2_Immature-2,val
K1.S2.B.9.JPG,K1,K,S2,Khalas,2_Immature-2,val
K1.S3.B.1.JPG,K1,K,S3,Khalas,3_Pre-Khalal,val
K1.S3.B.10.JPG,K1,K,S3,Khalas,4_Khalal,val
K1.S3.B.11.JPG,K1,K,S3,Khalas,,val
K1.S3.B.12.JPG,K1,K,S3,Khalas,4_Khalal,val
K1.S3.B.13.JPG,K1,K,S3,Khalas,,val
K1.S3.B.14.JPG,K1,K,S3,Khalas,,val
K1.S3.B.15.JPG,K1,K,S3,Khalas,,val
K1.S3.B.16.JPG,K1,K,S3,Khalas,3_Pre-Khalal,val
K1.S3.B.17.JPG,K1,K,S3,Khalas,,val
K1.S3.B.18.JPG,K1,K,S3,Khalas,,val
K1.S3.B.19.JPG,K1,K,S3,Khalas,,val
K1.S3.B.2.JPG,K1,K,S3,Khalas,,val
K1.S3.B.20.JPG,K1,K,S3,Khalas,,val
K1.S3.B.21.JPG,K1,K,S3,Khalas,,val
K1.S3.B.22.JPG,K1,K,S3,Khalas,,val
K1.S3.B.23.JPG,K1,K,S3,Khalas,,val
K1.S3.B.3.JPG,K1,K,S3,Khalas,,val
K1.S3.B.4.JPG,K1,K,S3,Khalas,3_Pre-Khalal,val
K1.S3.B.5.JPG,K1,K,S3,Khalas,,val
K1.S3.B.6.JPG,K1,K,S3,Khalas,4_Khalal,val
K1.S3.B.7.JPG,K1,K,S3,Khalas,4_Khalal,val
K1.S3.B.8.JPG,K1,K,S3,Khalas,,val
K1.S3.B.9.JPG,K1,K,S3,Khalas,,val
K1.S4.B.1.JPG,K1,K,S4,Khalas,5_KhalalwithRutab,val
K1.S4.B.10.JPG,K1,K,S4,Khalas,5_KhalalwithRutab,val
K1.S4.B.11.JPG,K1,K,S4,Khalas,5_KhalalwithRutab,val
K1.S4.B.12.JPG,K1,K,S4,Khalas,5_KhalalwithRutab,val
K1.S4.B.13.JPG,K1,K,S4,Khalas,5_KhalalwithRutab,val
K1.S4.B.14.JPG,K1,K,S4,Khalas,5_KhalalwithRutab,val
K1.S4.B.15.JPG,K1,K,S4,Khalas,5_KhalalwithRutab,val
K1.S4.B.16.JPG,K1,K,S4,Khalas,5_KhalalwithRutab,val
K1.S4.B.17.JPG,K1,K,S4,Khalas,5_KhalalwithRutab,val
K1.S4.B.18.JPG,K1,K,S4,Khalas,5_KhalalwithRutab,val
K1.S4.B.19.JPG,K1,K,S4,Khalas,5_KhalalwithRutab,val
K1.S4.B.2.JPG,K1,K,S4,Khalas,5_KhalalwithRutab,val
K1.S4.B.20.JPG,K1,K,S4,Khalas,5_KhalalwithRutab,val
K1.S4.B.21.JPG,K1,K,S4,Khalas,5_KhalalwithRutab,val
K1.S4.B.22.JPG,K1,K,S4,Khalas,5_KhalalwithRutab,val
K1.S4.B.23.JPG,K1,K,S4,Khalas,5_KhalalwithRutab,val
K1.S4.B.24.JPG,K1,K,S4,Khalas,5_KhalalwithRutab,val
K1.S4.B.25.JPG,K1,K,S4,Khalas,5_KhalalwithRutab,val
K1.S4.B.26.JPG,K1,K,S4,Khalas,5_KhalalwithRutab,val
K1.S4.B.27.JPG,K1,K,S4,Khalas,5_KhalalwithRutab,val
K1.S4.B.28.JPG,K1,K,S4,Khalas,5_KhalalwithRutab,val
K1.S4.B.29.JPG,K1,K,S4,Khalas,5_KhalalwithRutab,val
K1.S4.B.3.JPG,K1,K,S4,Khalas,5_KhalalwithRutab,val
K1.S4.B.30.JPG,K1,K,S4,Khalas,5_KhalalwithRutab,val
K1.S4.B.31.JPG,K1,K,S4,Khalas,5_KhalalwithRutab,val
K1.S4.B.32.JPG,K1,K,S4,Khalas,5_KhalalwithRutab,val
K1.S4.B.33.JPG,K1,K,S4,Khalas,5_KhalalwithRutab,val
K1.S4.B.34.JPG,K1,K,S4,Khalas,3_Pre-Khalal,val
K1.S4.B.35.JPG,K1,K,S4,Khalas,3_Pre-Khalal,val
K1.S4.B.36.JPG,K1,K,S4,Khalas,3_Pre-Khalal,val
K1.S4.B.37.JPG,K1,K,S4,Khalas,3_Pre-Khalal,val
K1.S4.B.38.JPG,K1,K,S4,Khalas,5_KhalalwithRutab,val
K1.S4.B.39.JPG,K1,K,S4,Khalas,5_KhalalwithRutab,val
K1.S4.B.4.JPG,K1,K,S4,Khalas,5_KhalalwithRutab,val
K1.S4.B.40.JPG,K1,K,S4,Khalas,5_KhalalwithRutab,val
K1.S4.B.41.JPG,K1,K,S4,Khalas,5_KhalalwithRutab,val
K1.S4.B.42.JPG,K1,K,S4,Khalas,5_KhalalwithRutab,val
K1.S4.B.43.JPG,K1,K,S4,Khalas,5_KhalalwithRutab,val
K1.S4.B.44.JPG,K1,K,S4,Khalas,5_KhalalwithRutab,val
K1.S4.B.45.JPG,K1,K,S4,Khalas,5_KhalalwithRutab,val
K1.S4.B.46.JPG,K1,K,S4,Khalas,5_KhalalwithRutab,val
K1.S4.B.47.JPG,K1,K,S4,Khalas,3_Pre-Khalal,val
K1.S4.B.48.JPG,K1,K,S4,Khalas,3_Pre-Khalal,val
K1.S4.B.49.JPG,K1,K,S4,Khalas,5_KhalalwithRutab,val
K1.S4.B.5.JPG,K1,K,S4,Khalas,5_KhalalwithRutab,val
K1.S4.B.50.JPG,K1,K,S4,Khalas,5_KhalalwithRutab,val
K1.S4.B.51.JPG,K1,K,S4,Khalas,5_KhalalwithRutab,val
K1.S4.B.52.JPG,K1,K,S4,Khalas,5_KhalalwithRutab,val
K1.S4.B.53.JPG,K1,K,S4,Khalas,5_KhalalwithRutab,val
K1.S4.B.54.JPG,K1,K,S4,Khalas,5_KhalalwithRutab,val
K1.S4.B.55.JPG,K1,K,S4,Khalas,5_KhalalwithRutab,val
K1.S4.B.56.JPG,K1,K,S4,Khalas,5_KhalalwithRutab,val
K1.S4.B.57.JPG,K1,K,S4,Khalas,3_Pre-Khalal,val
K1.S4.B.58.JPG,K1,K,S4,Khalas,5_KhalalwithRutab,val
K1.S4.B.6.JPG,K1,K,S4,Khalas,5_KhalalwithRutab,val
K1.S4.B.7.JPG,K1,K,S4,Khalas,5_KhalalwithRutab,val
K1.S4.B.8.JPG,K1,K,S4,Khalas,5_KhalalwithRutab,val
K1.S4.B.9.JPG,K1,K,S4,Khalas,5_KhalalwithRutab,val
K1.S5.B.1.JPG,K1,K,S5,Khalas,6_Pre-Tamar,val
K1.S5.B.10.JPG,K1,K,S5,Khalas,6_Pre-Tamar,val
K1.S5.B.11.JPG,K1,K,S5,Khalas,6_Pre-Tamar,val
K1.S5.B.12.JPG,K1,K,S5,Khalas,6_Pre-Tamar,val
K1.S5.B.13.JPG,K1,K,S5,Khalas,6_Pre-Tamar,val
K1.S5.B.14.JPG,K1,K,S5,Khalas,6_Pre-Tamar,val
K1.S5.B.15.JPG,K1,K,S5,Khalas,6_Pre-Tamar,val
K1.S5.B.16.JPG,K1,K,S5,Khalas,6_Pre-Tamar,val
K1.S5.B.17.JPG,K1,K,S5,Khalas,6_Pre-Tamar,val
K1.S5.B.18.JPG,K1,K,S5,Khalas,6_Pre-Tamar,val
K1.S5.B.19.JPG,K1,K,S5,Khalas,6_Pre-Tamar,val
K1.S5.B.2.JPG,K1,K,S5,Khalas,6_Pre-Tamar,val
K1.S5.B.20.JPG,K1,K,S5,Khalas,6_Pre-Tamar,val
K1.S5.B.21.JPG,K1,K,S5,Khalas,6_Pre-Tamar,val
K1.S5.B.22.JPG,K1,K,S5,Khalas,6_Pre-Tamar,val
K1.S5.B.23.JPG,K1,K,S5,Khalas,6_Pre-Tamar,val
K1.S5.B.24.JPG,K1,K,S5,Khalas,6_Pre-Tamar,val
K1.S5.B.25.JPG,K1,K,S5,Khalas,6_Pre-Tamar,val
K1.S5.B.26.JPG,K1,K,S5,Khalas,6_Pre-Tamar,val
K1.S5.B.27.JPG,K1,K,S5,Khalas,6_Pre-Tamar,val
K1.S5.B.28.JPG,K1,K,S5,Khalas,6_Pre-Tamar,val
K1.S5.B.29.JPG,K1,K,S5,Khalas,6_Pre-Tamar,val
K1.S5.B.3.JPG,K1,K,S5,Khalas,6_Pre-Tamar,val
K1.S5.B.30.JPG,K1,K,S5,Khalas,6_Pre-Tamar,val
K1.S5.B.31.JPG,K1,K,S5,Khalas,6_Pre-Tamar,val
K1.S5.B.32.JPG,K1,K,S5,Khalas,6_Pre-Tamar,val
K1.S5.B.33.JPG,K1,K,S5,Khalas,6_Pre-Tamar,val
K1.S5.B.34.JPG,K1,K,S5,Khalas,6_Pre-Tamar,val
K1.S5.B.35.JPG,K1,K,S5,Khalas,6_Pre-Tamar,val
K1.S5.B.36.JPG,K1,K,S5,Khalas,6_Pre-Tamar,val
K1.S5.B.37.JPG,K1,K,S5,Khalas,6_Pre-Tamar,val
K1.S5.B.38.JPG,K1,K,S5,Khalas,6_Pre-Tamar,val
K1.S5.B.39.JPG,K1,K,S5,Khalas,6_Pre-Tamar,val
K1.S5.B.4.JPG,K1,K,S5,Khalas,6_Pre-Tamar,val
K1.S5.B.40.JPG,K1,K,S5,Khalas,6_Pre-Tamar,val
K1.S5.B.41.JPG,K1,K,S5,Khalas,6_Pre-Tamar,val
K1.S5.B.42.JPG,K1,K,S5,Khalas,6_Pre-Tamar,val
K1.S5.B.43.JPG,K1,K,S5,Khalas,6_Pre-Tamar,val
K1.S5.B.44.JPG,K1,K,S5,Khalas,6_Pre-Tamar,val
K1.S5.B.45.JPG,K1,K,S5,Khalas,6_Pre-Tamar,val
K1.S5.B.46.JPG,K1,K,S5,Khalas,6_Pre-Tamar,val
K1.S5.B.47.JPG,K1,K,S5,Khalas,6_Pre-Tamar,val
K1.S5.B.48.JPG,K1,K,S5,Khalas,6_Pre-Tamar,val
K1.S5.B.49.JPG,K1,K,S5,Khalas,6_Pre-Tamar,val
K1.S5.B.5.JPG,K1,K,S5,Khalas,6_Pre-Tamar,val
K1.S5.B.50.JPG,K1,K,S5,Khalas,6_Pre-Tamar,val
K1.S5.B.51.JPG,K1,K,S5,Khalas,6_Pre-Tamar,val
K1.S5.B.52.JPG,K1,K,S5,Khalas,6_Pre-Tamar,val
K1.S5.B.53.JPG,K1,K,S5,Khalas,6_Pre-Tamar,val
K1.S5.B.54.JPG,K1,K,S5,Khalas,6_Pre-Tamar,val
K1.S5.B.55.JPG,K1,K,S5,Khalas,6_Pre-Tamar,val
K1.S5.B.56.JPG,K1,K,S5,Khalas,6_Pre-Tamar,val
K1.S5.B.57.JPG,K1,K,S5,Khalas,6_Pre-Tamar,val
K1.S5.B.58.JPG,K1,K,S5,Khalas,6_Pre-Tamar,val
K1.S5.B.59.JPG,K1,K,S5,Khalas,6_Pre-Tamar,val
K1.S5.B.6.JPG,K1,K,S5,Khalas,6_Pre-Tamar,val
K1.S5.B.60.JPG,K1,K,S5,Khalas,6_Pre-Tamar,val
K1.S5.B.61.JPG,K1,K,S5,Khalas,6_Pre-Tamar,val
K1.S5.B.7.JPG,K1,K,S5,Khalas,6_Pre-Tamar,val
K1.S5.B.8.JPG,K1,K,S5,Khalas,6_Pre-Tamar,val
K1.S5.B.9.JPG,K1,K,S5,Khalas,6_Pre-Tamar,val
K1.S6.B.1.JPG,K1,K,S6,Khalas,7_Tamar,val
K1.S6.B.10.JPG,K1,K,S6,Khalas,7_Tamar,val
K1.S6.B.11.JPG,K1,K,S6,Khalas,7_Tamar,val
K1.S6.B.12.JPG,K1,K,S6,Khalas,7_Tamar,val
K1.S6.B.13.JPG,K1,K,S6,Khalas,7_Tamar,val
K1.S6.B.14.JPG,K1,K,S6,Khalas,7_Tamar,val
K1.S6.B.15.JPG,K1,K,S6,Khalas,7_Tamar,val
K1.S6.B.16.JPG,K1,K,S6,Khalas,7_Tamar,val
K1.S6.B.2.JPG,K1,K,S6,Khalas,7_Tamar,val
K1.S6.B.3.JPG,K1,K,S6,Khalas,7_Tamar,val
K1.S6.B.4.JPG,K1,K,S6,Khalas,7_Tamar,val
K1.S6.B.5.JPG,K1,K,S6,Khalas,7_Tamar,val
K1.S6.B.6.JPG,K1,K,S6,Khalas,7_Tamar,val
K1.S6.B.7.JPG,K1,K,S6,Khalas,7_Tamar,val
K1.S6.B.8.JPG,K1,K,S6,Khalas,7_Tamar,val
K1.S6.B.9.JPG,K1,K,S6,Khalas,7_Tamar,val
K2.S1.B.1.JPG,K2,K,S1,Khalas,1_Immature-1,train
K2.S1.B.10.JPG,K2,K,S1,Khalas,1_Immature-1,train
K2.S1.B.11.JPG,K2,K,S1,Khalas,1_Immature-1,train
K2.S1.B.12.JPG,K2,K,S1,Khalas,1_Immature-1,train
K2.S1.B.13.JPG,K2,K,S1,Khalas,1_Immature-1,train
K2.S1.B.14.JPG,K2,K,S1,Khalas,1_Immature-1,train
K2.S1.B.15.JPG,K2,K,S1,Khalas,1_Immature-1,train
K2.S1.B.16.JPG,K2,K,S1,Khalas,1_Immature-1,train
K2.S1.B.17.JPG,K2,K,S1,Khalas,1_Immature-1,train
K2.S1.B.18.JPG,K2,K,S1,Khalas,1_Immature-1,train
K2.S1.B.19.JPG,K2,K,S1,Khalas,1_Immature-1,train
K2.S1.B.2.JPG,K2,K,S1,Khalas,1_Immature-1,train
K2.S1.B.20.JPG,K2,K,S1,Khalas,1_Immature-1,train
K2.S1.B.21.JPG,K2,K,S1,Khalas,1_Immature-1,train
K2.S1.B.22.JPG,K2,K,S1,Khalas,1_Immature-1,train
K2.S1.B.23.JPG,K2,K,S1,Khalas,1_Immature-1,train
K2.S1.B.24.JPG,K2,K,S1,Khalas,1_Immature-1,train
K2.S1.B.25.JPG,K2,K,S1,Khalas,1_Immature-1,train
K2.S1.B.26.JPG,K2,K,S1,Khalas,1_Immature-1,train
K2.S1.B.27.JPG,K2,K,S1,Khalas,1_Immature-1,train
K2.S1.B.28.JPG,K2,K,S1,Khalas,1_Immature-1,train
K2.S1.B.29.JPG,K2,K,S1,Khalas,1_Immature-1,train
K2.S1.B.3.JPG,K2,K,S1,Khalas,1_Immature-1,train
K2.S1.B.30.JPG,K2,K,S1,Khalas,1_Immature-1,train
K2.S1.B.31.JPG,K2,K,S1,Khalas,1_Immature-1,train
K2.S1.B.32.JPG,K2,K,S1,Khalas,1_Immature-1,train
K2.S1.B.33.JPG,K2,K,S1,Khalas,1_Immature-1,train
K2.S1.B.34.JPG,K2,K,S1,Khalas,1_Immature-1,train
K2.S1.B.35.JPG,K2,K,S1,Khalas,1_Immature-1,train
K2.S1.B.36.JPG,K2,K,S1,Khalas,1_Immature-1,train
K2.S1.B.37.JPG,K2,K,S1,Khalas,1_Immature-1,train
K2.S1.B.38.JPG,K2,K,S1,Khalas,1_Immature-1,train
K2.S1.B.39.JPG,K2,K,S1,Khalas,1_Immature-1,train
K2.S1.B.4.JPG,K2,K,S1,Khalas,1_Immature-1,train
K2.S1.B.40.JPG,K2,K,S1,Khalas,1_Immature-1,train
K2.S1.B.41.JPG,K2,K,S1,Khalas,1_Immature-1,train
K2.S1.B.42.JPG,K2,K,S1,Khalas,1_Immature-1,train
K2.S1.B.5.JPG,K2,K,S1,Khalas,1_Immature-1,train
K2.S1.B.6.JPG,K2,K,S1,Khalas,1_Immature-1,train
K2.S1.B.7.JPG,K2,K,S1,Khalas,1_Immature-1,train
K2.S1.B.8.JPG,K2,K,S1,Khalas,1_Immature-1,train
K2.S1.B.9.JPG,K2,K,S1,Khalas,1_Immature-1,train
K2.S2.B.1.JPG,K2,K,S2,Khalas,2_Immature-2,train
K2.S2.B.10.JPG,K2,K,S2,Khalas,2_Immature-2,train
K2.S2.B.11.JPG,K2,K,S2,Khalas,2_Immature-2,train
K2.S2.B.12.JPG,K2,K,S2,Khalas,2_Immature-2,train
K2.S2.B.13.JPG,K2,K,S2,Khalas,2_Immature-2,train
K2.S2.B.14.JPG,K2,K,S2,Khalas,2_Immature-2,train
K2.S2.B.15.JPG,K2,K,S2,Khalas,2_Immature-2,train
K2.S2.B.16.JPG,K2,K,S2,Khalas,2_Immature-2,train
K2.S2.B.17.JPG,K2,K,S2,Khalas,1_Immature-1,train
K2.S2.B.18.JPG,K2,K,S2,Khalas,1_Immature-1,train
K2.S2.B.19.JPG,K2,K,S2,Khalas,1_Immature-1,train
K2.S2.B.2.JPG,K2,K,S2,Khalas,2_Immature-2,train
K2.S2.B.20.JPG,K2,K,S2,Khalas,2_Immature-2,train
K2.S2.B.21.JPG,K2,K,S2,Khalas,2_Immature-2,train
K2.S2.B.22.JPG,K2,K,S2,Khalas,1_Immature-1,train
K2.S2.B.23.JPG,K2,K,S2,Khalas,1_Immature-1,train
K2.S2.B.24.JPG,K2,K,S2,Khalas,1_Immature-1,train
K2.S2.B.25.JPG,K2,K,S2,Khalas,1_Immature-1,train
K2.S2.B.26.JPG,K2,K,S2,Khalas,2_Immature-2,train
K2.S2.B.27.JPG,K2,K,S2,Khalas,2_Immature-2,train
K2.S2.B.28.JPG,K2,K,S2,Khalas,2_Immature-2,train
K2.S2.B.29.JPG,K2,K,S2,Khalas,1_Immature-1,train
K2.S2.B.3.JPG,K2,K,S2,Khalas,2_Immature-2,train
K2.S2.B.30.JPG,K2,K,S2,Khalas,1_Immature-1,train
K2.S2.B.4.JPG,K2,K,S2,Khalas,2_Immature-2,train
K2.S2.B.5.JPG,K2,K,S2,Khalas,2_Immature-2,train
K2.S2.B.6.JPG,K2,K,S2,Khalas,2_Immature-2,train
K2.S2.B.7.JPG,K2,K,S2,Khalas,2_Immature-2,train
K2.S2.B.8.JPG,K2,K,S2,Khalas,2_Immature-2,train
K2.S2.B.9.JPG,K2,K,S2,Khalas,2_Immature-2,train
K2.S3.B.1.JPG,K2,K,S3,Khalas,3_Pre-Khalal,train
K2.S3.B.10.JPG,K2,K,S3,Khalas,3_Pre-Khalal,train
K2.S3.B.11.JPG,K2,K,S3,Khalas,3_Pre-Khalal,train
K2.S3.B.12.JPG,K2,K,S3,Khalas,3_Pre-Khalal,train
K2.S3.B.13.JPG,K2,K,S3,Khalas,3_Pre-Khalal,train
K2.S3.B.14.JPG,K2,K,S3,Khalas,3_Pre-Khalal,train
K2.S3.B.15.JPG,K2,K,S3,Khalas,3_Pre-Khalal,train
K2.S3.B.16.JPG,K2,K,S3,Khalas,,train
K2.S3.B.17.JPG,K2,K,S3,Khalas,3_Pre-Khalal,train
K2.S3.B.18.JPG,K2,K,S3,Khalas,4_Khalal,train
K2.S3.B.19.JPG,K2,K,S3,Khalas,4_Khalal,train
K2.S3.B.2.JPG,K2,K,S3,Khalas,3_Pre-Khalal,train
K2.S3.B.20.JPG,K2,K,S3,Khalas,4_Khalal,train
K2.S3.B.21.JPG,K2,K,S3,Khalas,3_Pre-Khalal,train
K2.S3.B.22.JPG,K2,K,S3,Khalas,3_Pre-Khalal,train
K2.S3.B.23.JPG,K2,K,S3,Khalas,3_Pre-Khalal,train
K2.S3.B.24.JPG,K2,K,S3,Khalas,4_Khalal,train
K2.S3.B.25.JPG,K2,K,S3,Khalas,4_Khalal,train
K2.S3.B.26.JPG,K2,K,S3,Khalas,3_Pre-Khalal,train
K2.S3.B.27.JPG,K2,K,S3,Khalas,3_Pre-Khalal,train
K2.S3.B.28.JPG,K2,K,S3,Khalas,3_Pre-Khalal,train
K2.S3.B.29.JPG,K2,K,S3,Khalas,3_Pre-Khalal,train
K2.S3.B.3.JPG,K2,K,S3,Khalas,3_Pre-Khalal,train
K2.S3.B.30.JPG,K2,K,S3,Khalas,4_Khalal,train
K2.S3.B.31.JPG,K2,K,S3,Khalas,3_Pre-Khalal,train
K2.S3.B.32.JPG,K2,K,S3,Khalas,3_Pre-Khalal,train
K2.S3.B.33.JPG,K2,K,S3,Khalas,3_Pre-Khalal,train
K2.S3.B.34.JPG,K2,K,S3,Khalas,3_Pre-Khalal,train
K2.S3.B.35.JPG,K2,K,S3,Khalas,3_Pre-Khalal,train
K2.S3.B.36.JPG,K2,K,S3,Khalas,3_Pre-Khalal,train
K2.S3.B.37.JPG,K2,K,S3,Khalas,3_Pre-Khalal,train
K2.S3.B.38.JPG,K2,K,S3,Khalas,3_Pre-Khalal,train
K2.S3.B.39.JPG,K2,K,S3,Khalas,3_Pre-Khalal,train
K2.S3.B.4.JPG,K2,K,S3,Khalas,3_Pre-Khalal,train
K2.S3.B.40.JPG,K2,K,S3,Khalas,3_Pre-Khalal,train
K2.S3.B.41.JPG,K2,K,S3,Khalas,3_Pre-Khalal,train
K2.S3.B.42.JPG,K2,K,S3,Khalas,3_Pre-Khalal,train
K2.S3.B.43.JPG,K2,K,S3,Khalas,3_Pre-Khalal,train
K2.S3.B.44.JPG,K2,K,S3,Khalas,3_Pre-Khalal,train
K2.S3.B.45.JPG,K2,K,S3,Khalas,3_Pre-Khalal,train
K2.S3.B.46.JPG,K2,K,S3,Khalas,3_Pre-Khalal,train
K2.S3.B.47.JPG,K2,K,S3,Khalas,3_Pre-Khalal,train
K2.S3.B.48.JPG,K2,K,S3,Khalas,3_Pre-Khalal,train
K2.S3.B.5.JPG,K2,K,S3,Khalas,3_Pre-Khalal,train
K2.S3.B.6.JPG,K2,K,S3,Khalas,3_Pre-Khalal,train
K2.S3.B.7.JPG,K2,K,S3,Khalas,3_Pre-Khalal,train
K2.S3.B.8.JPG,K2,K,S3,Khalas,3_Pre-Khalal,train
K2.S3.B.9.JPG,K2,K,S3,Khalas,3_Pre-Khalal,train
K2.S4.B.1.JPG,K2,K,S4,Khalas,5_KhalalwithRutab,train
K2.S4.B.10.JPG,K2,K,S4,Khalas,5_KhalalwithRutab,train
K2.S4.B.11.JPG,K2,K,S4,Khalas,5_KhalalwithRutab,train
K2.S4.B.12.JPG,K2,K,S4,Khalas,5_KhalalwithRutab,train
K2.S4.B.13.JPG,K2,K,S4,Khalas,5_KhalalwithRutab,train
K2.S4.B.14.JPG,K2,K,S4,Khalas,5_KhalalwithRutab,train
K2.S4.B.15.JPG,K2,K,S4,Khalas,5_KhalalwithRutab,train
K2.S4.B.16.JPG,K2,K,S4,Khalas,5_KhalalwithRutab,train
K2.S4.B.17.JPG,K2,K,S4,Khalas,5_KhalalwithRutab,train
K2.S4.B.18.JPG,K2,K,S4,Khalas,5_KhalalwithRutab,train
K2.S4.B.19.JPG,K2,K,S4,Khalas,5_KhalalwithRutab,train
K2.S4.B.2.JPG,K2,K,S4,Khalas,5_KhalalwithRutab,train
K2.S4.B.20.JPG,K2,K,S4,Khalas,5_KhalalwithRutab,train
K2.S4.B.21.JPG,K2,K,S4,Khalas,5_KhalalwithRutab,train
K2.S4.B.22.JPG,K2,K,S4,Khalas,5_KhalalwithRutab,train
K2.S4.B.23.JPG,K2,K,S4,Khalas,5_KhalalwithRutab,train
K2.S4.B.24.JPG,K2,K,S4,Khalas,5_KhalalwithRutab,train
K2.S4.B.25.JPG,K2,K,S4,Khalas,5_KhalalwithRutab,train
K2.S4.B.26.JPG,K2,K,S4,Khalas,5_KhalalwithRutab,train
K2.S4.B.27.JPG,K2,K,S4,Khalas,5_KhalalwithRutab,train
K2.S4.B.28.JPG,K2,K,S4,Khalas,5_KhalalwithRutab,train
K2.S4.B.29.JPG,K2,K,S4,Khalas,5_KhalalwithRutab,train
K2.S4.B.3.JPG,K2,K,S4,Khalas,5_KhalalwithRutab,train
K2.S4.B.30.JPG,K2,K,S4,Khalas,5_KhalalwithRutab,train
K2.S4.B.31.JPG,K2,K,S4,Khalas,5_KhalalwithRutab,train
K2.S4.B.32.JPG,K2,K,S4,Khalas,5_KhalalwithRutab,train
K2.S4.B.33.JPG,K2,K,S4,Khalas,5_KhalalwithRutab,train
K2.S4.B.34.JPG,K2,K,S4,Khalas,5_KhalalwithRutab,train
K2.S4.B.35.JPG,K2,K,S4,Khalas,5_KhalalwithRutab,train
K2.S4.B.36.JPG,K2,K,S4,Khalas,5_KhalalwithRutab,train
K2.S4.B.37.JPG,K2,K,S4,Khalas,5_KhalalwithRutab,train
K2.S4.B.38.JPG,K2,K,S4,Khalas,5_KhalalwithRutab,train
K2.S4.B.39.JPG,K2,K,S4,Khalas,5_KhalalwithRutab,train
K2.S4.B.4.JPG,K2,K,S4,Khalas,5_KhalalwithRutab,train
K2.S4.B.40.JPG,K2,K,S4,Khalas,5_KhalalwithRutab,train
K2.S4.B.41.JPG,K2,K,S4,Khalas,5_KhalalwithRutab,train
K2.S4.B.42.JPG,K2,K,S4,Khalas,5_KhalalwithRutab,train
K2.S4.B.43.JPG,K2,K,S4,Khalas,5_KhalalwithRutab,train
K2.S4.B.44.JPG,K2,K,S4,Khalas,5_KhalalwithRutab,train
K2.S4.B.45.JPG,K2,K,S4,Khalas,5_KhalalwithRutab,train
K2.S4.B.46.JPG,K2,K,S4,Khalas,5_KhalalwithRutab,train
K2.S4.B.47.JPG,K2,K,S4,Khalas,5_KhalalwithRutab,train
K2.S4.B.48.JPG,K2,K,S4,Khalas,5_KhalalwithRutab,train
K2.S4.B.49.JPG,K2,K,S4,Khalas,5_KhalalwithRutab,train
K2.S4.B.5.JPG,K2,K,S4,Khalas,5_KhalalwithRutab,train
K2.S4.B.50.JPG,K2,K,S4,Khalas,5_KhalalwithRutab,train
K2.S4.B.51.JPG,K2,K,S4,Khalas,5_KhalalwithRutab,train
K2.S4.B.52.JPG,K2,K,S4,Khalas,5_KhalalwithRutab,train
K2.S4.B.53.JPG,K2,K,S4,Khalas,5_KhalalwithRutab,train
K2.S4.B.54.JPG,K2,K,S4,Khalas,5_KhalalwithRutab,train
K2.S4.B.55.JPG,K2,K,S4,Khalas,5_KhalalwithRutab,train
K2.S4.B.56.JPG,K2,K,S4,Khalas,5_KhalalwithRutab,train
K2.S4.B.57.JPG,K2,K,S4,Khalas,5_KhalalwithRutab,train
K2.S4.B.58.JPG,K2,K,S4,Khalas,5_KhalalwithRutab,train
K2.S4.B.59.JPG,K2,K,S4,Khalas,5_KhalalwithRutab,train
K2.S4.B.6.JPG,K2,K,S4,Khalas,5_KhalalwithRutab,train
K2.S4.B.60.JPG,K2,K,S4,Khalas,5_KhalalwithRutab,train
K2.S4.B.61.JPG,K2,K,S4,Khalas,5_KhalalwithRutab,train
K2.S4.B.62.JPG,K2,K,S4,Khalas,,train
K2.S4.B.63.JPG,K2,K,S4,Khalas,5_KhalalwithRutab,train
K2.S4.B.64.JPG,K2,K,S4,Khalas,5_KhalalwithRutab,train
K2.S4.B.65.JPG,K2,K,S4,Khalas,5_KhalalwithRutab,train
K2.S4.B.66.JPG,K2,K,S4,Khalas,5_KhalalwithRutab,train
K2.S4.B.67.JPG,K2,K,S4,Khalas,5_KhalalwithRutab,train
K2.S4.B.68.JPG,K2,K,S4,Khalas,5_KhalalwithRutab,train
K2.S4.B.69.JPG,K2,K,S4,Khalas,5_KhalalwithRutab,train
K2.S4.B.7.JPG,K2,K,S4,Khalas,5_KhalalwithRutab,train
K2.S4.B.70.JPG,K2,K,S4,Khalas,5_KhalalwithRutab,train
K2.S4.B.71.JPG,K2,K,S4,Khalas,5_KhalalwithRutab,train
K2.S4.B.72.JPG,K2,K,S4,Khalas,5_KhalalwithRutab,train
K2.S4.B.73.JPG,K2,K,S4,Khalas,5_KhalalwithRutab,train
K2.S4.B.8.JPG,K2,K,S4,Khalas,5_KhalalwithRutab,train
K2.S4.B.9.JPG,K2,K,S4,Khalas,5_KhalalwithRutab,train
K2.S5.B.1.JPG,K2,K,S5,Khalas,6_Pre-Tamar,train
K2.S5.B.10.JPG,K2,K,S5,Khalas,6_Pre-Tamar,train
K2.S5.B.11.JPG,K2,K,S5,Khalas,6_Pre-Tamar,train
K2.S5.B.12.JPG,K2,K,S5,Khalas,6_Pre-Tamar,train
K2.S5.B.13.JPG,K2,K,S5,Khalas,6_Pre-Tamar,train
K2.S5.B.14.JPG,K2,K,S5,Khalas,6_Pre-Tamar,train
K2.S5.B.15.JPG,K2,K,S5,Khalas,6_Pre-Tamar,train
K2.S5.B.16.JPG,K2,K,S5,Khalas,6_Pre-Tamar,train
K2.S5.B.17.JPG,K2,K,S5,Khalas,6_Pre-Tamar,train
K2.S5.B.18.JPG,K2,K,S5,Khalas,6_Pre-Tamar,train
K2.S5.B.19.JPG,K2,K,S5,Khalas,6_Pre-Tamar,train
K2.S5.B.2.JPG,K2,K,S5,Khalas,6_Pre-Tamar,train
K2.S5.B.20.JPG,K2,K,S5,Khalas,6_Pre-Tamar,train
K2.S5.B.21.JPG,K2,K,S5,Khalas,6_Pre-Tamar,train
K2.S5.B.22.JPG,K2,K,S5,Khalas,6_Pre-Tamar,train
K2.S5.B.23.JPG,K2,K,S5,Khalas,6_Pre-Tamar,train
K2.S5.B.24.JPG,K2,K,S5,Khalas,6_Pre-Tamar,train
K2.S5.B.25.JPG,K2,K,S5,Khalas,6_Pre-Tamar,train
K2.S5.B.26.JPG,K2,K,S5,Khalas,6_Pre-Tamar,train
K2.S5.B.27.JPG,K2,K,S5,Khalas,6_Pre-Tamar,train
K2.S5.B.28.JPG,K2,K,S5,Khalas,6_Pre-Tamar,train
K2.S5.B.29.JPG,K2,K,S5,Khalas,6_Pre-Tamar,train
K2.S5.B.3.JPG,K2,K,S5,Khalas,6_Pre-Tamar,train
K2.S5.B.30.JPG,K2,K,S5,Khalas,6_Pre-Tamar,train
K2.S5.B.31.JPG,K2,K,S5,Khalas,6_Pre-Tamar,train
K2.S5.B.32.JPG,K2,K,S5,Khalas,6_Pre-Tamar,train
K2.S5.B.33.JPG,K2,K,S5,Khalas,6_Pre-Tamar,train
K2.S5.B.34.JPG,K2,K,S5,Khalas,6_Pre-Tamar,train
K2.S5.B.35.JPG,K2,K,S5,Khalas,6_Pre-Tamar,train
K2.S5.B.36.JPG,K2,K,S5,Khalas,6_Pre-Tamar,train
K2.S5.B.37.JPG,K2,K,S5,Khalas,6_Pre-Tamar,train
K2.S5.B.38.JPG,K2,K,S5,Khalas,6_Pre-Tamar,train
K2.S5.B.39.JPG,K2,K,S5,Khalas,6_Pre-Tamar,train
K2.S5.B.4.JPG,K2,K,S5,Khalas,6_Pre-Tamar,train
K2.S5.B.40.JPG,K2,K,S5,Khalas,6_Pre-Tamar,train
K2.S5.B.41.JPG,K2,K,S5,Khalas,6_Pre-Tamar,train
K2.S5.B.42.JPG,K2,K,S5,Khalas,6_Pre-Tamar,train
K2.S5.B.43.JPG,K2,K,S5,Khalas,6_Pre-Tamar,train
K2.S5.B.44.JPG,K2,K,S5,Khalas,6_Pre-Tamar,train
K2.S5.B.45.JPG,K2,K,S5,Khalas,6_Pre-Tamar,train
K2.S5.B.46.JPG,K2,K,S5,Khalas,6_Pre-Tamar,train
K2.S5.B.47.JPG,K2,K,S5,Khalas,6_Pre-Tamar,train
K2.S5.B.48.JPG,K2,K,S5,Khalas,6_Pre-Tamar,train
K2.S5.B.49.JPG,K2,K,S5,Khalas,6_Pre-Tamar,train
K2.S5.B.5.JPG,K2,K,S5,Khalas,6_Pre-Tamar,train
K2.S5.B.50.JPG,K2,K,S5,Khalas,6_Pre-Tamar,train
K2.S5.B.51.JPG,K2,K,S5,Khalas,6_Pre-Tamar,train
K2.S5.B.6.JPG,K2,K,S5,Khalas,6_Pre-Tamar,train
K2.S5.B.7.JPG,K2,K,S5,Khalas,6_Pre-Tamar,train
K2.S5.B.8.JPG,K2,K,S5,Khalas,6_Pre-Tamar,train
K2.S5.B.9.JPG,K2,K,S5,Khalas,6_Pre-Tamar,train
K2.S6.B.1.JPG,K2,K,S6,,,train
K3.S1.B.1.JPG,K3,K,S1,Khalas,1_Immature-1,train
K3.S1.B.10.JPG,K3,K,S1,Khalas,1_Immature-1,train
K3.S1.B.11.JPG,K3,K,S1,Khalas,1_Immature-1,train
K3.S1.B.12.JPG,K3,K,S1,Khalas,1_Immature-1,train
K3.S1.B.13.JPG,K3,K,S1,Khalas,1_Immature-1,train
K3.S1.B.14.JPG,K3,K,S1,Khalas,1_Immature-1,train
K3.S1.B.15.JPG,K3,K,S1,Khalas,1_Immature-1,train
K3.S1.B.16.JPG,K3,K,S1,Khalas,1_Immature-1,train
K3.S1.B.17.JPG,K3,K,S1,Khalas,1_Immature-1,train
K3.S1.B.18.JPG,K3,K,S1,Khalas,1_Immature-1,train
K3.S1.B.19.JPG,K3,K,S1,Khalas,1_Immature-1,train
K3.S1.B.2.JPG,K3,K,S1,Khalas,1_Immature-1,train
K3.S1.B.20.JPG,K3,K,S1,Khalas,1_Immature-1,train
K3.S1.B.21.JPG,K3,K,S1,Khalas,1_Immature-1,train
K3.S1.B.22.JPG,K3,K,S1,Khalas,1_Immature-1,train
K3.S1.B.23.JPG,K3,K,S1,Khalas,1_Immature-1,train
K3.S1.B.24.JPG,K3,K,S1,Khalas,1_Immature-1,train
K3.S1.B.25.JPG,K3,K,S1,Khalas,1_Immature-1,train
K3.S1.B.26.JPG,K3,K,S1,Khalas,1_Immature-1,train
K3.S1.B.27.JPG,K3,K,S1,Khalas,1_Immature-1,train
K3.S1.B.28.JPG,K3,K,S1,Khalas,1_Immature-1,train
K3.S1.B.29.JPG,K3,K,S1,Khalas,1_Immature-1,train
K3.S1.B.3.JPG,K3,K,S1,Khalas,1_Immature-1,train
K3.S1.B.30.JPG,K3,K,S1,Khalas,1_Immature-1,train
K3.S1.B.31.JPG,K3,K,S1,Khalas,1_Immature-1,train
K3.S1.B.32.JPG,K3,K,S1,Khalas,1_Immature-1,train
K3.S1.B.33.JPG,K3,K,S1,Khalas,1_Immature-1,train
K3.S1.B.34.JPG,K3,K,S1,Khalas,1_Immature-1,train
K3.S1.B.35.JPG,K3,K,S1,Khalas,1_Immature-1,train
K3.S1.B.36.JPG,K3,K,S1,Khalas,1_Immature-1,train
K3.S1.B.37.JPG,K3,K,S1,Khalas,1_Immature-1,train
K3.S1.B.38.JPG,K3,K,S1,Khalas,1_Immature-1,train
K3.S1.B.39.JPG,K3,K,S1,Khalas,1_Immature-1,train
K3.S1.B.4.JPG,K3,K,S1,Khalas,1_Immature-1,train
K3.S1.B.40.JPG,K3,K,S1,Khalas,1_Immature-1,train
K3.S1.B.41.JPG,K3,K,S1,Khalas,1_Immature-1,train
K3.S1.B.5.JPG,K3,K,S1,Khalas,1_Immature-1,train
K3.S1.B.6.JPG,K3,K,S1,Khalas,1_Immature-1,train
K3.S1.B.7.JPG,K3,K,S1,Khalas,1_Immature-1,train
K3.S1.B.8.JPG,K3,K,S1,Khalas,1_Immature-1,train
K3.S1.B.9.JPG,K3,K,S1,Khalas,1_Immature-1,train
K3.S2.B.1.JPG,K3,K,S2,Khalas,1_Immature-1,train
K3.S2.B.10.JPG,K3,K,S2,Khalas,1_Immature-1,train
K3.S2.B.11.JPG,K3,K,S2,Khalas,1_Immature-1,train
K3.S2.B.12.JPG,K3,K,S2,Khalas,1_Immature-1,train
K3.S2.B.13.JPG,K3,K,S2,Khalas,1_Immature-1,train
K3.S2.B.14.JPG,K3,K,S2,Khalas,1_Immature-1,train
K3.S2.B.15.JPG,K3,K,S2,Khalas,1_Immature-1,train
K3.S2.B.16.JPG,K3,K,S2,Khalas,1_Immature-1,train
K3.S2.B.17.JPG,K3,K,S2,Khalas,1_Immature-1,train
K3.S2.B.18.JPG,K3,K,S2,Khalas,1_Immature-1,train
K3.S2.B.2.JPG,K3,K,S2,Khalas,2_Immature-2,train
K3.S2.B.3.JPG,K3,K,S2,Khalas,2_Immature-2,train
K3.S2.B.4.JPG,K3,K,S2,Khalas,2_Immature-2,train
K3.S2.B.5.JPG,K3,K,S2,Khalas,2_Immature-2,train
K3.S2.B.6.JPG,K3,K,S2,Khalas,2_Immature-2,train
K3.S2.B.7.JPG,K3,K,S2,Khalas,1_Immature-1,train
K3.S2.B.8.JPG,K3,K,S2,Khalas,1_Immature-1,train
K3.S2.B.9.JPG,K3,K,S2,Khalas,1_Immature-1,train
K3.S3.B.1.JPG,K3,K,S3,Khalas,3_Pre-Khalal,train
K3.S3.B.10.JPG,K3,K,S3,Khalas,3_Pre-Khalal,train
K3.S3.B.11.JPG,K3,K,S3,Khalas,3_Pre-Khalal,train
K3.S3.B.12.JPG,K3,K,S3,Khalas,3_Pre-Khalal,train
K3.S3.B.13.JPG,K3,K,S3,Khalas,3_Pre-Khalal,train
K3.S3.B.14.JPG,K3,K,S3,Khalas,4_Khalal,train
K3.S3.B.15.JPG,K3,K,S3,Khalas,3_Pre-Khalal,train
K3.S3.B.16.JPG,K3,K,S3,Khalas,3_Pre-Khalal,train
K3.S3.B.17.JPG,K3,K,S3,Khalas,3_Pre-Khalal,train
K3.S3.B.18.JPG,K3,K,S3,Khalas,4_Khalal,train
K3.S3.B.19.JPG,K3,K,S3,Khalas,3_Pre-Khalal,train
K3.S3.B.2.JPG,K3,K,S3,Khalas,3_Pre-Khalal,train
K3.S3.B.20.JPG,K3,K,S3,Khalas,3_Pre-Khalal,train
K3.S3.B.21.JPG,K3,K,S3,Khalas,4_Khalal,train
K3.S3.B.22.JPG,K3,K,S3,Khalas,3_Pre-Khalal,train
K3.S3.B.23.JPG,K3,K,S3,Khalas,4_Khalal,train
K3.S3.B.24.JPG,K3,K,S3,Khalas,3_Pre-Khalal,train
K3.S3.B.25.JPG,K3,K,S3,Khalas,3_Pre-Khalal,train
K3.S3.B.26.JPG,K3,K,S3,Khalas,3_Pre-Khalal,train
K3.S3.B.27.JPG,K3,K,S3,Khalas,3_Pre-Khalal,train
K3.S3.B.28.JPG,K3,K,S3,Khalas,3_Pre-Khalal,train
K3.S3.B.29.JPG,K3,K,S3,Khalas,4_Khalal,train
K3.S3.B.3.JPG,K3,K,S3,Khalas,3_Pre-Khalal,train
K3.S3.B.30.JPG,K3,K,S3,Khalas,4_Khalal,train
K3.S3.B.31.JPG,K3,K,S3,Khalas,4_Khalal,train
K3.S3.B.32.JPG,K3,K,S3,Khalas,3_Pre-Khalal,train
K3.S3.B.33.JPG,K3,K,S3,Khalas,3_Pre-Khalal,train
K3.S3.B.34.JPG,K3,K,S3,Khalas,3_Pre-Khalal,train
K3.S3.B.35.JPG,K3,K,S3,Khalas,3_Pre-Khalal,train
K3.S3.B.36.JPG,K3,K,S3,Khalas,3_Pre-Khalal,train
K3.S3.B.37.JPG,K3,K,S3,Khalas,3_Pre-Khalal,train
K3.S3.B.38.JPG,K3,K,S3,Khalas,3_Pre-Khalal,train
K3.S3.B.39.JPG,K3,K,S3,Khalas,3_Pre-Khalal,train
K3.S3.B.4.JPG,K3,K,S3,Khalas,3_Pre-Khalal,train
K3.S3.B.40.JPG,K3,K,S3,Khalas,3_Pre-Khalal,train
K3.S3.B.41.JPG,K3,K,S3,Khalas,3_Pre-Khalal,train
K3.S3.B.42.JPG,K3,K,S3,Khalas,3_Pre-Khalal,train
K3.S3.B.43.JPG,K3,K,S3,Khalas,3_Pre-Khalal,train
K3.S3.B.44.JPG,K3,K,S3,Khalas,,train
K3.S3.B.45.JPG,K3,K,S3,Khalas,3_Pre-Khalal,train
K3.S3.B.46.JPG,K3,K,S3,Khalas,3_Pre-Khalal,train
K3.S3.B.47.JPG,K3,K,S3,Khalas,3_Pre-Khalal,train
K3.S3.B.48.JPG,K3,K,S3,Khalas,3_Pre-Khalal,train
K3.S3.B.49.JPG,K3,K,S3,Khalas,3_Pre-Khalal,train
K3.S3.B.5.JPG,K3,K,S3,Khalas,4_Khalal,train
K3.S3.B.50.JPG,K3,K,S3,Khalas,3_Pre-Khalal,train
K3.S3.B.51.JPG,K3,K,S3,Khalas,3_Pre-Khalal,train
K3.S3.B.52.JPG,K3,K,S3,Khalas,3_Pre-Khalal,train
K3.S3.B.53.JPG,K3,K,S3,Khalas,3_Pre-Khalal,train
K3.S3.B.54.JPG,K3,K,S3,Khalas,3_Pre-Khalal,train
K3.S3.B.6.JPG,K3,K,S3,Khalas,4_Khalal,train
K3.S3.B.7.JPG,K3,K,S3,Khalas,3_Pre-Khalal,train
K3.S3.B.8.JPG,K3,K,S3,Khalas,3_Pre-Khalal,train
K3.S3.B.9.JPG,K3,K,S3,Khalas,3_Pre-Khalal,train
K3.S4.B.1.JPG,K3,K,S4,Khalas,5_KhalalwithRutab,train
K3.S4.B.10.JPG,K3,K,S4,Khalas,5_KhalalwithRutab,train
K3.S4.B.11.JPG,K3,K,S4,Khalas,5_KhalalwithRutab,train
K3.S4.B.12.JPG,K3,K,S4,Khalas,5_KhalalwithRutab,train
K3.S4.B.13.JPG,K3,K,S4,Khalas,4_Khalal,train
K3.S4.B.14.JPG,K3,K,S4,Khalas,4_Khalal,train
K3.S4.B.15.JPG,K3,K,S4,Khalas,5_KhalalwithRutab,train
K3.S4.B.16.JPG,K3,K,S4,Khalas,5_KhalalwithRutab,train
K3.S4.B.17.JPG,K3,K,S4,Khalas,5_KhalalwithRutab,train
K3.S4.B.18.JPG,K3,K,S4,Khalas,5_KhalalwithRutab,train
K3.S4.B.19.JPG,K3,K,S4,Khalas,5_KhalalwithRutab,train
K3.S4.B.2.JPG,K3,K,S4,Khalas,5_KhalalwithRutab,train
K3.S4.B.20.JPG,K3,K,S4,Khalas,5_KhalalwithRutab,train
K3.S4.B.21.JPG,K3,K,S4,Khalas,5_KhalalwithRutab,train
K3.S4.B.22.JPG,K3,K,S4,Khalas,5_KhalalwithRutab,train
K3.S4.B.23.JPG,K3,K,S4,Khalas,5_KhalalwithRutab,train
K3.S4.B.24.JPG,K3,K,S4,Khalas,5_KhalalwithRutab,train
K3.S4.B.25.JPG,K3,K,S4,Khalas,5_KhalalwithRutab,train
K3.S4.B.26.JPG,K3,K,S4,Khalas,5_KhalalwithRutab,train
K3.S4.B.27.JPG,K3,K,S4,Khalas,5_KhalalwithRutab,train
K3.S4.B.28.JPG,K3,K,S4,Khalas,5_KhalalwithRutab,train
K3.S4.B.29.JPG,K3,K,S4,Khalas,5_KhalalwithRutab,train
K3.S4.B.3.JPG,K3,K,S4,Khalas,5_KhalalwithRutab,train
K3.S4.B.30.JPG,K3,K,S4,Khalas,5_KhalalwithRutab,train
K3.S4.B.31.JPG,K3,K,S4,Khalas,5_KhalalwithRutab,train
K3.S4.B.32.JPG,K3,K,S4,Khalas,5_KhalalwithRutab,train
K3.S4.B.33.JPG,K3,K,S4,Khalas,5_KhalalwithRutab,train
K3.S4.B.34.JPG,K3,K,S4,Khalas,5_KhalalwithRutab,train
K3.S4.B.35.JPG,K3,K,S4,Khalas,5_KhalalwithRutab,train
K3.S4.B.36.JPG,K3,K,S4,Khalas,5_KhalalwithRutab,train
K3.S4.B.37.JPG,K3,K,S4,Khalas,5_KhalalwithRutab,train
K3.S4.B.38.JPG,K3,K,S4,Khalas,5_KhalalwithRutab,train
K3.S4.B.39.JPG,K3,K,S4,Khalas,5_KhalalwithRutab,train
K3.S4.B.4.JPG,K3,K,S4,Khalas,5_KhalalwithRutab,train
K3.S4.B.40.JPG,K3,K,S4,Khalas,5_KhalalwithRutab,train
K3.S4.B.41.JPG,K3,K,S4,Khalas,5_KhalalwithRutab,train
K3.S4.B.42.JPG,K3,K,S4,Khalas,5_KhalalwithRutab,train
K3.S4.B.43.JPG,K3,K,S4,Khalas,5_KhalalwithRutab,train
K3.S4.B.44.JPG,K3,K,S4,Khalas,5_KhalalwithRutab,train
K3.S4.B.45.JPG,K3,K,S4,Khalas,5_KhalalwithRutab,train
K3.S4.B.46.JPG,K3,K,S4,Khalas,5_KhalalwithRutab,train
K3.S4.B.47.JPG,K3,K,S4,Khalas,5_KhalalwithRutab,train
K3.S4.B.48.JPG,K3,K,S4,Khalas,5_KhalalwithRutab,train
K3.S4.B.49.JPG,K3,K,S4,Khalas,5_KhalalwithRutab,train
K3.S4.B.5.JPG,K3,K,S4,Khalas,5_KhalalwithRutab,train
K3.S4.B.50.JPG,K3,K,S4,Khalas,5_KhalalwithRutab,train
K3.S4.B.51.JPG,K3,K,S4,Khalas,5_KhalalwithRutab,train
K3.S4.B.52.JPG,K3,K,S4,Khalas,5_KhalalwithRutab,train
K3.S4.B.53.JPG,K3,K,S4,Khalas,5_KhalalwithRutab,train
K3.S4.B.54.JPG,K3,K,S4,Khalas,5_KhalalwithRutab,train
K3.S4.B.55.JPG,K3,K,S4,Khalas,5_KhalalwithRutab,train
K3.S4.B.56.JPG,K3,K,S4,Khalas,5_KhalalwithRutab,train
K3.S4.B.57.JPG,K3,K,S4,Khalas,5_KhalalwithRutab,train
K3.S4.B.58.JPG,K3,K,S4,Khalas,5_KhalalwithRutab,train
K3.S4.B.59.JPG,K3,K,S4,Khalas,5_KhalalwithRutab,train
K3.S4.B.6.JPG,K3,K,S4,Khalas,5_KhalalwithRutab,train
K3.S4.B.60.JPG,K3,K,S4,Khalas,5_KhalalwithRutab,train
K3.S4.B.61.JPG,K3,K,S4,Khalas,5_KhalalwithRutab,train
K3.S4.B.62.JPG,K3,K,S4,Khalas,5_KhalalwithRutab,train
K3.S4.B.63.JPG,K3,K,S4,Khalas,5_KhalalwithRutab,train
K3.S4.B.64.JPG,K3,K,S4,Khalas,5_KhalalwithRutab,train
K3.S4.B.65.JPG,K3,K,S4,Khalas,5_KhalalwithRutab,train
K3.S4.B.66.JPG,K3,K,S4,Khalas,5_KhalalwithRutab,train
K3.S4.B.67.JPG,K3,K,S4,Khalas,5_KhalalwithRutab,train
K3.S4.B.68.JPG,K3,K,S4,Khalas,5_KhalalwithRutab,train
K3.S4.B.69.JPG,K3,K,S4,Khalas,5_KhalalwithRutab,train
K3.S4.B.7.JPG,K3,K,S4,Khalas,5_KhalalwithRutab,train
K3.S4.B.70.JPG,K3,K,S4,Khalas,5_KhalalwithRutab,train
K3.S4.B.71.JPG,K3,K,S4,Khalas,5_KhalalwithRutab,train
K3.S4.B.72.JPG,K3,K,S4,Khalas,5_KhalalwithRutab,train
K3.S4.B.73.JPG,K3,K,S4,Khalas,5_KhalalwithRutab,train
K3.S4.B.74.JPG,K3,K,S4,Khalas,5_KhalalwithRutab,train
K3.S4.B.75.JPG,K3,K,S4,Khalas,5_KhalalwithRutab,train
K3.S4.B.76.JPG,K3,K,S4,Khalas,5_KhalalwithRutab,train
K3.S4.B.77.JPG,K3,K,S4,Khalas,5_KhalalwithRutab,train
K3.S4.B.78.JPG,K3,K,S4,Khalas,5_KhalalwithRutab,train
K3.S4.B.79.JPG,K3,K,S4,Khalas,5_KhalalwithRutab,train
K3.S4.B.8.JPG,K3,K,S4,Khalas,5_KhalalwithRutab,train
K3.S4.B.80.JPG,K3,K,S4,Khalas,5_KhalalwithRutab,train
K3.S4.B.81.JPG,K3,K,S4,Khalas,5_KhalalwithRutab,train
K3.S4.B.82.JPG,K3,K,S4,Khalas,5_KhalalwithRutab,train
K3.S4.B.83.JPG,K3,K,S4,Khalas,5_KhalalwithRutab,train
K3.S4.B.84.JPG,K3,K,S4,Khalas,5_KhalalwithRutab,train
K3.S4.B.85.JPG,K3,K,S4,Khalas,5_KhalalwithRutab,train
K3.S4.B.86.JPG,K3,K,S4,Khalas,5_KhalalwithRutab,train
K3.S4.B.87.JPG,K3,K,S4,Khalas,5_KhalalwithRutab,train
K3.S4.B.88.JPG,K3,K,S4,Khalas,5_KhalalwithRutab,train
K3.S4.B.89.JPG,K3,K,S4,Khalas,5_KhalalwithRutab,train
K3.S4.B.9.JPG,K3,K,S4,Khalas,5_KhalalwithRutab,train
K3.S4.B.90.JPG,K3,K,S4,Khalas,5_KhalalwithRutab,train
K3.S4.B.91.JPG,K3,K,S4,Khalas,5_KhalalwithRutab,train
K3.S4.B.92.JPG,K3,K,S4,Khalas,5_KhalalwithRutab,train
K3.S4.B.93.JPG,K3,K,S4,Khalas,5_KhalalwithRutab,train
K3.S5.B.1.JPG,K3,K,S5,Khalas,6_Pre-Tamar,train
K3.S5.B.10.JPG,K3,K,S5,Khalas,6_Pre-Tamar,train
K3.S5.B.11.JPG,K3,K,S5,Khalas,6_Pre-Tamar,train
K3.S5.B.12.JPG,K3,K,S5,Khalas,6_Pre-Tamar,train
K3.S5.B.13.JPG,K3,K,S5,Khalas,6_Pre-Tamar,train
K3.S5.B.14.JPG,K3,K,S5,Khalas,6_Pre-Tamar,train
K3.S5.B.15.JPG,K3,K,S5,Khalas,6_Pre-Tamar,train
K3.S5.B.16.JPG,K3,K,S5,Khalas,6_Pre-Tamar,train
K3.S5.B.17.JPG,K3,K,S5,Khalas,6_Pre-Tamar,train
K3.S5.B.18.JPG,K3,K,S5,Khalas,6_Pre-Tamar,train
K3.S5.B.19.JPG,K3,K,S5,Khalas,6_Pre-Tamar,train
K3.S5.B.2.JPG,K3,K,S5,Khalas,6_Pre-Tamar,train
K3.S5.B.20.JPG,K3,K,S5,Khalas,6_Pre-Tamar,train
K3.S5.B.21.JPG,K3,K,S5,Khalas,6_Pre-Tamar,train
K3.S5.B.22.JPG,K3,K,S5,Khalas,6_Pre-Tamar,train
K3.S5.B.23.JPG,K3,K,S5,Khalas,6_Pre-Tamar,train
K3.S5.B.24.JPG,K3,K,S5,Khalas,6_Pre-Tamar,train
K3.S5.B.25.JPG,K3,K,S5,Khalas,6_Pre-Tamar,train
K3.S5.B.26.JPG,K3,K,S5,Khalas,6_Pre-Tamar,train
K3.S5.B.27.JPG,K3,K,S5,Khalas,6_Pre-Tamar,train
K3.S5.B.28.JPG,K3,K,S5,Khalas,6_Pre-Tamar,train
K3.S5.B.29.JPG,K3,K,S5,Khalas,6_Pre-Tamar,train
K3.S5.B.3.JPG,K3,K,S5,Khalas,6_Pre-Tamar,train
K3.S5.B.30.JPG,K3,K,S5,Khalas,6_Pre-Tamar,train
K3.S5.B.31.JPG,K3,K,S5,Khalas,6_Pre-Tamar,train
K3.S5.B.32.JPG,K3,K,S5,Khalas,6_Pre-Tamar,train
K3.S5.B.33.JPG,K3,K,S5,Khalas,6_Pre-Tamar,train
K3.S5.B.34.JPG,K3,K,S5,Khalas,6_Pre-Tamar,train
K3.S5.B.35.JPG,K3,K,S5,Khalas,6_Pre-Tamar,train
K3.S5.B.36.JPG,K3,K,S5,Khalas,6_Pre-Tamar,train
K3.S5.B.37.JPG,K3,K,S5,Khalas,6_Pre-Tamar,train
K3.S5.B.38.JPG,K3,K,S5,Khalas,6_Pre-Tamar,train
K3.S5.B.39.JPG,K3,K,S5,Khalas,6_Pre-Tamar,train
K3.S5.B.4.JPG,K3,K,S5,Khalas,6_Pre-Tamar,train
K3.S5.B.40.JPG,K3,K,S5,Khalas,6_Pre-Tamar,train
K3.S5.B.41.JPG,K3,K,S5,Khalas,6_Pre-Tamar,train
K3.S5.B.42.JPG,K3,K,S5,Khalas,6_Pre-Tamar,train
K3.S5.B.43.JPG,K3,K,S5,Khalas,6_Pre-Tamar,train
K3.S5.B.44.JPG,K3,K,S5,Khalas,6_Pre-Tamar,train
K3.S5.B.45.JPG,K3,K,S5,Khalas,6_Pre-Tamar,train
K3.S5.B.46.JPG,K3,K,S5,Khalas,6_Pre-Tamar,train
K3.S5.B.47.JPG,K3,K,S5,Khalas,6_Pre-Tamar,train
K3.S5.B.48.JPG,K3,K,S5,Khalas,6_Pre-Tamar,train
K3.S5.B.49.JPG,K3,K,S5,Khalas,6_Pre-Tamar,train
K3.S5.B.5.JPG,K3,K,S5,Khalas,6_Pre-Tamar,train
K3.S5.B.50.JPG,K3,K,S5,Khalas,6_Pre-Tamar,train
K3.S5.B.51.JPG,K3,K,S5,Khalas,6_Pre-Tamar,train
K3.S5.B.52.JPG,K3,K,S5,Khalas,6_Pre-Tamar,train
K3.S5.B.53.JPG,K3,K,S5,Khalas,6_Pre-Tamar,train
K3.S5.B.6.JPG,K3,K,S5,Khalas,6_Pre-Tamar,train
K3.S5.B.7.JPG,K3,K,S5,Khalas,6_Pre-Tamar,train
K3.S5.B.8.JPG,K3,K,S5,Khalas,6_Pre-Tamar,train
K3.S5.B.9.JPG,K3,K,S5,Khalas,6_Pre-Tamar,train
K3.S6.B.1.JPG,K3,K,S6,Khalas,7_Tamar,train
K3.S6.B.10.JPG,K3,K,S6,Khalas,7_Tamar,train
K3.S6.B.11.JPG,K3,K,S6,Khalas,7_Tamar,train
K3.S6.B.12.JPG,K3,K,S6,Khalas,7_Tamar,train
K3.S6.B.13.JPG,K3,K,S6,Khalas,7_Tamar,train
K3.S6.B.14.JPG,K3,K,S6,Khalas,7_Tamar,train
K3.S6.B.15.JPG,K3,K,S6,Khalas,7_Tamar,train
K3.S6.B.16.JPG,K3,K,S6,Khalas,7_Tamar,train
K3.S6.B.17.JPG,K3,K,S6,Khalas,7_Tamar,train
K3.S6.B.18.JPG,K3,K,S6,Khalas,7_Tamar,train
K3.S6.B.19.JPG,K3,K,S6,Khalas,7_Tamar,train
K3.S6.B.2.JPG,K3,K,S6,Khalas,7_Tamar,train
K3.S6.B.20.JPG,K3,K,S6,Khalas,7_Tamar,train
K3.S6.B.21.JPG,K3,K,S6,Khalas,7_Tamar,train
K3.S6.B.22.JPG,K3,K,S6,Khalas,7_Tamar,train
K3.S6.B.23.JPG,K3,K,S6,Khalas,7_Tamar,train
K3.S6.B.3.JPG,K3,K,S6,Khalas,7_Tamar,train
K3.S6.B.4.JPG,K3,K,S6,Khalas,7_Tamar,train
K3.S6.B.5.JPG,K3,K,S6,Khalas,7_Tamar,train
K3.S6.B.6.JPG,K3,K,S6,Khalas,7_Tamar,train
K3.S6.B.7.JPG,K3,K,S6,Khalas,7_Tamar,train
K3.S6.B.8.JPG,K3,K,S6,Khalas,7_Tamar,train
K3.S6.B.9.JPG,K3,K,S6,Khalas,7_Tamar,train
K4.S1.B.1.JPG,K4,K,S1,Khalas,1_Immature-1,train
K4.S1.B.10.JPG,K4,K,S1,Khalas,1_Immature-1,train
K4.S1.B.11.JPG,K4,K,S1,Khalas,1_Immature-1,train
K4.S1.B.12.JPG,K4,K,S1,Khalas,1_Immature-1,train
K4.S1.B.13.JPG,K4,K,S1,Khalas,1_Immature-1,train
K4.S1.B.14.JPG,K4,K,S1,Khalas,1_Immature-1,train
K4.S1.B.15.JPG,K4,K,S1,Khalas,1_Immature-1,train
K4.S1.B.16.JPG,K4,K,S1,Khalas,1_Immature-1,train
K4.S1.B.17.JPG,K4,K,S1,Khalas,1_Immature-1,train
K4.S1.B.18.JPG,K4,K,S1,Khalas,1_Immature-1,train
K4.S1.B.19.JPG,K4,K,S1,Khalas,1_Immature-1,train
K4.S1.B.2.JPG,K4,K,S1,Khalas,1_Immature-1,train
K4.S1.B.20.JPG,K4,K,S1,Khalas,1_Immature-1,train
K4.S1.B.21.JPG,K4,K,S1,Khalas,1_Immature-1,train
K4.S1.B.22.JPG,K4,K,S1,Khalas,1_Immature-1,train
K4.S1.B.23.JPG,K4,K,S1,Khalas,1_Immature-1,train
K4.S1.B.24.JPG,K4,K,S1,Khalas,1_Immature-1,train
K4.S1.B.25.JPG,K4,K,S1,Khalas,1_Immature-1,train
K4.S1.B.26.JPG,K4,K,S1,Khalas,1_Immature-1,train
K4.S1.B.27.JPG,K4,K,S1,Khalas,1_Immature-1,train
K4.S1.B.28.JPG,K4,K,S1,Khalas,1_Immature-1,train
K4.S1.B.29.JPG,K4,K,S1,Khalas,1_Immature-1,train
K4.S1.B.3.JPG,K4,K,S1,Khalas,1_Immature-1,train
K4.S1.B.30.JPG,K4,K,S1,Khalas,1_Immature-1,train
K4.S1.B.31.JPG,K4,K,S1,Khalas,1_Immature-1,train
K4.S1.B.32.JPG,K4,K,S1,Khalas,1_Immature-1,train
K4.S1.B.33.JPG,K4,K,S1,Khalas,1_Immature-1,train
K4.S1.B.34.JPG,K4,K,S1,Khalas,1_Immature-1,train
K4.S1.B.35.JPG,K4,K,S1,Khalas,1_Immature-1,train
K4.S1.B.36.JPG,K4,K,S1,Khalas,1_Immature-1,train
K4.S1.B.37.JPG,K4,K,S1,Khalas,1_Immature-1,train
K4.S1.B.38.JPG,K4,K,S1,Khalas,1_Immature-1,train
K4.S1.B.39.JPG,K4,K,S1,Khalas,1_Immature-1,train
K4.S1.B.4.JPG,K4,K,S1,Khalas,1_Immature-1,train
K4.S1.B.40.JPG,K4,K,S1,Khalas,1_Immature-1,train
K4.S1.B.41.JPG,K4,K,S1,Khalas,1_Immature-1,train
K4.S1.B.42.JPG,K4,K,S1,Khalas,1_Immature-1,train
K4.S1.B.5.JPG,K4,K,S1,Khalas,1_Immature-1,train
K4.S1.B.6.JPG,K4,K,S1,Khalas,1_Immature-1,train
K4.S1.B.7.JPG,K4,K,S1,Khalas,1_Immature-1,train
K4.S1.B.8.JPG,K4,K,S1,Khalas,1_Immature-1,train
K4.S1.B.9.JPG,K4,K,S1,Khalas,1_Immature-1,train
K4.S2.B.1.JPG,K4,K,S2,Khalas,2_Immature-2,train
K4.S2.B.10.JPG,K4,K,S2,Khalas,2_Immature-2,train
K4.S2.B.11.JPG,K4,K,S2,Khalas,2_Immature-2,train
K4.S2.B.12.JPG,K4,K,S2,Khalas,2_Immature-2,train
K4.S2.B.13.JPG,K4,K,S2,Khalas,2_Immature-2,train
K4.S2.B.14.JPG,K4,K,S2,Khalas,,train
K4.S2.B.15.JPG,K4,K,S2,Khalas,,train
K4.S2.B.16.JPG,K4,K,S2,Khalas,,train
K4.S2.B.17.JPG,K4,K,S2,Khalas,1_Immature-1,train
K4.S2.B.18.JPG,K4,K,S2,Khalas,1_Immature-1,train
K4.S2.B.19.JPG,K4,K,S2,Khalas,1_Immature-1,train
K4.S2.B.2.JPG,K4,K,S2,Khalas,2_Immature-2,train
K4.S2.B.20.JPG,K4,K,S2,Khalas,1_Immature-1,train
K4.S2.B.21.JPG,K4,K,S2,Khalas,2_Immature-2,train
K4.S2.B.22.JPG,K4,K,S2,Khalas,2_Immature-2,train
K4.S2.B.23.JPG,K4,K,S2,Khalas,2_Immature-2,train
K4.S2.B.24.JPG,K4,K,S2,Khalas,2_Immature-2,train
K4.S2.B.25.JPG,K4,K,S2,Khalas,2_Immature-2,train
K4.S2.B.26.JPG,K4,K,S2,Khalas,2_Immature-2,train
K4.S2.B.27.JPG,K4,K,S2,Khalas,2_Immature-2,train
K4.S2.B.28.JPG,K4,K,S2,Khalas,2_Immature-2,train
K4.S2.B.29.JPG,K4,K,S2,Khalas,2_Immature-2,train
K4.S2.B.3.JPG,K4,K,S2,Khalas,2_Immature-2,train
K4.S2.B.30.JPG,K4,K,S2,Khalas,2_Immature-2,train
K4.S2.B.31.JPG,K4,K,S2,Khalas,1_Immature-1,train
K4.S2.B.32.JPG,K4,K,S2,Khalas,2_Immature-2,train
K4.S2.B.33.JPG,K4,K,S2,Khalas,2_Immature-2,train
K4.S2.B.34.JPG,K4,K,S2,Khalas,2_Immature-2,train
K4.S2.B.35.JPG,K4,K,S2,Khalas,2_Immature-2,train
K4.S2.B.36.JPG,K4,K,S2,Khalas,1_Immature-1,train
K4.S2.B.37.JPG,K4,K,S2,Khalas,2_Immature-2,train
K4.S2.B.38.JPG,K4,K,S2,Khalas,2_Immature-2,train
K4.S2.B.4.JPG,K4,K,S2,Khalas,2_Immature-2,train
K4.S2.B.5.JPG,K4,K,S2,Khalas,2_Immature-2,train
K4.S2.B.6.JPG,K4,K,S2,Khalas,2_Immature-2,train
K4.S2.B.7.JPG,K4,K,S2,Khalas,2_Immature-2,train
K4.S2.B.8.JPG,K4,K,S2,Khalas,2_Immature-2,train
K4.S2.B.9.JPG,K4,K,S2,Khalas,2_Immature-2,train
K4.S3.B.1.JPG,K4,K,S3,Khalas,3_Pre-Khalal,train
K4.S3.B.10.JPG,K4,K,S3,Khalas,3_Pre-Khalal,train
K4.S3.B.11.JPG,K4,K,S3,Khalas,3_Pre-Khalal,train
K4.S3.B.12.JPG,K4,K,S3,Khalas,3_Pre-Khalal,train
K4.S3.B.13.JPG,K4,K,S3,Khalas,3_Pre-Khalal,train
K4.S3.B.14.JPG,K4,K,S3,Khalas,3_Pre-Khalal,train
K4.S3.B.15.JPG,K4,K,S3,Khalas,3_Pre-Khalal,train
K4.S3.B.16.JPG,K4,K,S3,Khalas,3_Pre-Khalal,train
K4.S3.B.17.JPG,K4,K,S3,Khalas,3_Pre-Khalal,train
K4.S3.B.18.JPG,K4,K,S3,Khalas,3_Pre-Khalal,train
K4.S3.B.19.JPG,K4,K,S3,Khalas,3_Pre-Khalal,train
K4.S3.B.2.JPG,K4,K,S3,Khalas,3_Pre-Khalal,train
K4.S3.B.20.JPG,K4,K,S3,Khalas,3_Pre-Khalal,train
K4.S3.B.21.JPG,K4,K,S3,Khalas,3_Pre-Khalal,train
K4.S3.B.22.JPG,K4,K,S3,Khalas,3_Pre-Khalal,train
K4.S3.B.23.JPG,K4,K,S3,Khalas,3_Pre-Khalal,train
K4.S3.B.24.JPG,K4,K,S3,Khalas,3_Pre-Khalal,train
K4.S3.B.25.JPG,K4,K,S3,Khalas,3_Pre-Khalal,train
K4.S3.B.26.JPG,K4,K,S3,Khalas,3_Pre-Khalal,train
K4.S3.B.27.JPG,K4,K,S3,Khalas,3_Pre-Khalal,train
K4.S3.B.28.JPG,K4,K,S3,Khalas,3_Pre-Khalal,train
K4.S3.B.29.JPG,K4,K,S3,Khalas,3_Pre-Khalal,train
K4.S3.B.3.JPG,K4,K,S3,Khalas,3_Pre-Khalal,train
K4.S3.B.30.JPG,K4,K,S3,Khalas,3_Pre-Khalal,train
K4.S3.B.31.JPG,K4,K,S3,Khalas,3_Pre-Khalal,train
K4.S3.B.32.JPG,K4,K,S3,Khalas,3_Pre-Khalal,train
K4.S3.B.33.JPG,K4,K,S3,Khalas,3_Pre-Khalal,train
K4.S3.B.34.JPG,K4,K,S3,Khalas,3_Pre-Khalal,train
K4.S3.B.35.JPG,K4,K,S3,Khalas,3_Pre-Khalal,train
K4.S3.B.36.JPG,K4,K,S3,Khalas,3_Pre-Khalal,train
K4.S3.B.37.JPG,K4,K,S3,Khalas,3_Pre-Khalal,train
K4.S3.B.38.JPG,K4,K,S3,Khalas,3_Pre-Khalal,train
K4.S3.B.39.JPG,K4,K,S3,Khalas,3_Pre-Khalal,train
K4.S3.B.4.JPG,K4,K,S3,Khalas,3_Pre-Khalal,train
K4.S3.B.40.JPG,K4,K,S3,Khalas,3_Pre-Khalal,train
K4.S3.B.41.JPG,K4,K,S3,Khalas,3_Pre-Khalal,train
K4.S3.B.42.JPG,K4,K,S3,Khalas,3_Pre-Khalal,train
K4.S3.B.43.JPG,K4,K,S3,Khalas,3_Pre-Khalal,train
K4.S3.B.44.JPG,K4,K,S3,Khalas,3_Pre-Khalal,train
K4.S3.B.45.JPG,K4,K,S3,Khalas,3_Pre-Khalal,train
K4.S3.B.46.JPG,K4,K,S3,Khalas,3_Pre-Khalal,train
K4.S3.B.47.JPG,K4,K,S3,Khalas,3_Pre-Khalal,train
K4.S3.B.48.JPG,K4,K,S3,Khalas,3_Pre-Khalal,train
K4.S3.B.49.JPG,K4,K,S3,Khalas,3_Pre-Khalal,train
K4.S3.B.5.JPG,K4,K,S3,Khalas,3_Pre-Khalal,train
K4.S3.B.50.JPG,K4,K,S3,Khalas,3_Pre-Khalal,train
K4.S3.B.51.JPG,K4,K,S3,Khalas,3_Pre-Khalal,train
K4.S3.B.52.JPG,K4,K,S3,Khalas,3_Pre-Khalal,train
K4.S3.B.53.JPG,K4,K,S3,Khalas,3_Pre-Khalal,train
K4.S3.B.54.JPG,K4,K,S3,Khalas,3_Pre-Khalal,train
K4.S3.B.55.JPG,K4,K,S3,Khalas,3_Pre-Khalal,train
K4.S3.B.56.JPG,K4,K,S3,Khalas,3_Pre-Khalal,train
K4.S3.B.6.JPG,K4,K,S3,Khalas,3_Pre-Khalal,train
K4.S3.B.7.JPG,K4,K,S3,Khalas,3_Pre-Khalal,train
K4.S3.B.8.JPG,K4,K,S3,Khalas,3_Pre-Khalal,train
K4.S3.B.9.JPG,K4,K,S3,Khalas,3_Pre-Khalal,train
K4.S4.B.1.JPG,K4,K,S4,Khalas,5_KhalalwithRutab,train
K4.S4.B.10.JPG,K4,K,S4,Khalas,5_KhalalwithRutab,train
K4.S4.B.11.JPG,K4,K,S4,Khalas,5_KhalalwithRutab,train
K4.S4.B.12.JPG,K4,K,S4,Khalas,5_KhalalwithRutab,train
K4.S4.B.13.JPG,K4,K,S4,Khalas,5_KhalalwithRutab,train
K4.S4.B.14.JPG,K4,K,S4,Khalas,5_KhalalwithRutab,train
K4.S4.B.15.JPG,K4,K,S4,Khalas,5_KhalalwithRutab,train
K4.S4.B.16.JPG,K4,K,S4,Khalas,5_KhalalwithRutab,train
K4.S4.B.17.JPG,K4,K,S4,Khalas,5_KhalalwithRutab,train
K4.S4.B.18.JPG,K4,K,S4,Khalas,5_KhalalwithRutab,train
K4.S4.B.19.JPG,K4,K,S4,Khalas,5_KhalalwithRutab,train
K4.S4.B.2.JPG,K4,K,S4,Khalas,5_KhalalwithRutab,train
K4.S4.B.20.JPG,K4,K,S4,Khalas,5_KhalalwithRutab,train
K4.S4.B.21.JPG,K4,K,S4,Khalas,5_KhalalwithRutab,train
K4.S4.B.22.JPG,K4,K,S4,Khalas,5_KhalalwithRutab,train
K4.S4.B.23.JPG,K4,K,S4,Khalas,5_KhalalwithRutab,train
K4.S4.B.24.JPG,K4,K,S4,Khalas,5_KhalalwithRutab,train
K4.S4.B.25.JPG,K4,K,S4,Khalas,5_KhalalwithRutab,train
K4.S4.B.26.JPG,K4,K,S4,Khalas,5_KhalalwithRutab,train
K4.S4.B.27.JPG,K4,K,S4,Khalas,5_KhalalwithRutab,train
K4.S4.B.28.JPG,K4,K,S4,Khalas,5_KhalalwithRutab,train
K4.S4.B.29.JPG,K4,K,S4,Khalas,5_KhalalwithRutab,train
K4.S4.B.3.JPG,K4,K,S4,Khalas,5_KhalalwithRutab,train
K4.S4.B.30.JPG,K4,K,S4,Khalas,5_KhalalwithRutab,train
K4.S4.B.31.JPG,K4,K,S4,Khalas,5_KhalalwithRutab,train
K4.S4.B.32.JPG,K4,K,S4,Khalas,5_KhalalwithRutab,train
K4.S4.B.33.JPG,K4,K,S4,Khalas,5_KhalalwithRutab,train
K4.S4.B.34.JPG,K4,K,S4,Khalas,5_KhalalwithRutab,train
K4.S4.B.35.JPG,K4,K,S4,Khalas,5_KhalalwithRutab,train
K4.S4.B.36.JPG,K4,K,S4,Khalas,5_KhalalwithRutab,train
K4.S4.B.37.JPG,K4,K,S4,Khalas,5_KhalalwithRutab,train
K4.S4.B.38.JPG,K4,K,S4,Khalas,5_KhalalwithRutab,train
K4.S4.B.39.JPG,K4,K,S4,Khalas,5_KhalalwithRutab,train
K4.S4.B.4.JPG,K4,K,S4,Khalas,5_KhalalwithRutab,train
K4.S4.B.40.JPG,K4,K,S4,Khalas,5_KhalalwithRutab,train
K4.S4.B.41.JPG,K4,K,S4,Khalas,5_KhalalwithRutab,train
K4.S4.B.42.JPG,K4,K,S4,Khalas,5_KhalalwithRutab,train
K4.S4.B.43.JPG,K4,K,S4,Khalas,5_KhalalwithRutab,train
K4.S4.B.44.JPG,K4,K,S4,Khalas,5_KhalalwithRutab,train
K4.S4.B.45.JPG,K4,K,S4,Khalas,5_KhalalwithRutab,train
K4.S4.B.46.JPG,K4,K,S4,Khalas,5_KhalalwithRutab,train
K4.S4.B.47.JPG,K4,K,S4,Khalas,5_KhalalwithRutab,train
K4.S4.B.48.JPG,K4,K,S4,Khalas,5_KhalalwithRutab,train
K4.S4.B.49.JPG,K4,K,S4,Khalas,5_KhalalwithRutab,train
K4.S4.B.5.JPG,K4,K,S4,Khalas,5_KhalalwithRutab,train
K4.S4.B.50.JPG,K4,K,S4,Khalas,5_KhalalwithRutab,train
K4.S4.B.51.JPG,K4,K,S4,Khalas,5_KhalalwithRutab,train
K4.S4.B.52.JPG,K4,K,S4,Khalas,5_KhalalwithRutab,train
K4.S4.B.53.JPG,K4,K,S4,Khalas,5_KhalalwithRutab,train
K4.S4.B.54.JPG,K4,K,S4,Khalas,5_KhalalwithRutab,train
K4.S4.B.55.JPG,K4,K,S4,Khalas,5_KhalalwithRutab,train
K4.S4.B.56.JPG,K4,K,S4,Khalas,5_KhalalwithRutab,train
K4.S4.B.57.JPG,K4,K,S4,Khalas,5_KhalalwithRutab,train
K4.S4.B.58.JPG,K4,K,S4,Khalas,5_KhalalwithRutab,train
K4.S4.B.59.JPG,K4,K,S4,Khalas,5_KhalalwithRutab,train
K4.S4.B.6.JPG,K4,K,S4,Khalas,5_KhalalwithRutab,train
K4.S4.B.60.JPG,K4,K,S4,Khalas,5_KhalalwithRutab,train
K4.S4.B.61.JPG,K4,K,S4,Khalas,5_KhalalwithRutab,train
K4.S4.B.62.JPG,K4,K,S4,Khalas,5_KhalalwithRutab,train
K4.S4.B.63.JPG,K4,K,S4,Khalas,5_KhalalwithRutab,train
K4.S4.B.64.JPG,K4,K,S4,Khalas,5_KhalalwithRutab,train
K4.S4.B.65.JPG,K4,K,S4,Khalas,5_KhalalwithRutab,train
K4.S4.B.66.JPG,K4,K,S4,Khalas,5_KhalalwithRutab,train
K4.S4.B.67.JPG,K4,K,S4,Khalas,5_KhalalwithRutab,train
K4.S4.B.68.JPG,K4,K,S4,Khalas,5_KhalalwithRutab,train
K4.S4.B.69.JPG,K4,K,S4,Khalas,5_KhalalwithRutab,train
K4.S4.B.7.JPG,K4,K,S4,Khalas,5_KhalalwithRutab,train
K4.S4.B.70.JPG,K4,K,S4,Khalas,5_KhalalwithRutab,train
K4.S4.B.71.JPG,K4,K,S4,Khalas,5_KhalalwithRutab,train
K4.S4.B.72.JPG,K4,K,S4,Khalas,5_KhalalwithRutab,train
K4.S4.B.73.JPG,K4,K,S4,Khalas,5_KhalalwithRutab,train
K4.S4.B.74.JPG,K4,K,S4,Khalas,5_KhalalwithRutab,train
K4.S4.B.75.JPG,K4,K,S4,Khalas,5_KhalalwithRutab,train
K4.S4.B.76.JPG,K4,K,S4,Khalas,5_KhalalwithRutab,train
K4.S4.B.77.JPG,K4,K,S4,Khalas,5_KhalalwithRutab,train
K4.S4.B.78.JPG,K4,K,S4,Khalas,5_KhalalwithRutab,train
K4.S4.B.79.JPG,K4,K,S4,Khalas,5_KhalalwithRutab,train
K4.S4.B.8.JPG,K4,K,S4,Khalas,5_KhalalwithRutab,train
K4.S4.B.80.JPG,K4,K,S4,Khalas,5_KhalalwithRutab,train
K4.S4.B.81.JPG,K4,K,S4,Khalas,5_KhalalwithRutab,train
K4.S4.B.82.JPG,K4,K,S4,Khalas,5_KhalalwithRutab,train
K4.S4.B.83.JPG,K4,K,S4,Khalas,5_KhalalwithRutab,train
K4.S4.B.84.JPG,K4,K,S4,Khalas,5_KhalalwithRutab,train
K4.S4.B.85.JPG,K4,K,S4,Khalas,5_KhalalwithRutab,train
K4.S4.B.86.JPG,K4,K,S4,Khalas,5_KhalalwithRutab,train
K4.S4.B.87.JPG,K4,K,S4,Khalas,5_KhalalwithRutab,train
K4.S4.B.88.JPG,K4,K,S4,Khalas,5_KhalalwithRutab,train
K4.S4.B.89.JPG,K4,K,S4,Khalas,5_KhalalwithRutab,train
K4.S4.B.9.JPG,K4,K,S4,Khalas,5_KhalalwithRutab,train
K4.S4.B.90.JPG,K4,K,S4,Khalas,5_KhalalwithRutab,train
K4.S4.B.91.JPG,K4,K,S4,Khalas,5_KhalalwithRutab,train
K4.S4.B.92.JPG,K4,K,S4,Khalas,5_KhalalwithRutab,train
K4.S4.B.93.JPG,K4,K,S4,Khalas,5_KhalalwithRutab,train
K4.S4.B.94.JPG,K4,K,S4,Khalas,5_KhalalwithRutab,train
K4.S4.B.95.JPG,K4,K,S4,Khalas,5_KhalalwithRutab,train
K4.S5.B.1.JPG,K4,K,S5,Khalas,6_Pre-Tamar,train
K4.S5.B.10.JPG,K4,K,S5,Khalas,6_Pre-Tamar,train
K4.S5.B.11.JPG,K4,K,S5,Khalas,6_Pre-Tamar,train
K4.S5.B.12.JPG,K4,K,S5,Khalas,6_Pre-Tamar,train
K4.S5.B.13.JPG,K4,K,S5,Khalas,6_Pre-Tamar,train
K4.S5.B.14.JPG,K4,K,S5,Khalas,6_Pre-Tamar,train
K4.S5.B.15.JPG,K4,K,S5,Khalas,6_Pre-Tamar,train
K4.S5.B.16.JPG,K4,K,S5,Khalas,6_Pre-Tamar,train
K4.S5.B.17.JPG,K4,K,S5,Khalas,6_Pre-Tamar,train
K4.S5.B.18.JPG,K4,K,S5,Khalas,6_Pre-Tamar,train
K4.S5.B.19.JPG,K4,K,S5,Khalas,6_Pre-Tamar,train
K4.S5.B.2.JPG,K4,K,S5,Khalas,6_Pre-Tamar,train
K4.S5.B.20.JPG,K4,K,S5,Khalas,6_Pre-Tamar,train
K4.S5.B.21.JPG,K4,K,S5,Khalas,6_Pre-Tamar,train
K4.S5.B.22.JPG,K4,K,S5,Khalas,6_Pre-Tamar,train
K4.S5.B.23.JPG,K4,K,S5,Khalas,6_Pre-Tamar,train
K4.S5.B.24.JPG,K4,K,S5,Khalas,6_Pre-Tamar,train
K4.S5.B.25.JPG,K4,K,S5,Khalas,6_Pre-Tamar,train
K4.S5.B.26.JPG,K4,K,S5,Khalas,6_Pre-Tamar,train
K4.S5.B.27.JPG,K4,K,S5,Khalas,6_Pre-Tamar,train
K4.S5.B.28.JPG,K4,K,S5,Khalas,6_Pre-Tamar,train
K4.S5.B.29.JPG,K4,K,S5,Khalas,6_Pre-Tamar,train
K4.S5.B.3.JPG,K4,K,S5,Khalas,6_Pre-Tamar,train
K4.S5.B.30.JPG,K4,K,S5,Khalas,6_Pre-Tamar,train
K4.S5.B.31.JPG,K4,K,S5,Khalas,6_Pre-Tamar,train
K4.S5.B.32.JPG,K4,K,S5,Khalas,6_Pre-Tamar,train
K4.S5.B.33.JPG,K4,K,S5,Khalas,6_Pre-Tamar,train
K4.S5.B.34.JPG,K4,K,S5,Khalas,6_Pre-Tamar,train
K4.S5.B.35.JPG,K4,K,S5,Khalas,6_Pre-Tamar,train
K4.S5.B.36.JPG,K4,K,S5,Khalas,6_Pre-Tamar,train
K4.S5.B.37.JPG,K4,K,S5,Khalas,6_Pre-Tamar,train
K4.S5.B.38.JPG,K4,K,S5,Khalas,6_Pre-Tamar,train
K4.S5.B.39.JPG,K4,K,S5,Khalas,6_Pre-Tamar,train
K4.S5.B.4.JPG,K4,K,S5,Khalas,6_Pre-Tamar,train
K4.S5.B.40.JPG,K4,K,S5,Khalas,6_Pre-Tamar,train
K4.S5.B.41.JPG,K4,K,S5,Khalas,6_Pre-Tamar,train
K4.S5.B.42.JPG,K4,K,S5,Khalas,6_Pre-Tamar,train
K4.S5.B.43.JPG,K4,K,S5,Khalas,6_Pre-Tamar,train
K4.S5.B.44.JPG,K4,K,S5,Khalas,6_Pre-Tamar,train
K4.S5.B.45.JPG,K4,K,S5,Khalas,6_Pre-Tamar,train
K4.S5.B.46.JPG,K4,K,S5,Khalas,6_Pre-Tamar,train
K4.S5.B.5.JPG,K4,K,S5,Khalas,6_Pre-Tamar,train
K4.S5.B.6.JPG,K4,K,S5,Khalas,6_Pre-Tamar,train
K4.S5.B.7.JPG,K4,K,S5,Khalas,6_Pre-Tamar,train
K4.S5.B.8.JPG,K4,K,S5,Khalas,6_Pre-Tamar,train
K4.S5.B.9.JPG,K4,K,S5,Khalas,6_Pre-Tamar,train
K4.S6.B.1.JPG,K4,K,S6,Khalas,7_Tamar,train
K4.S6.B.10.JPG,K4,K,S6,Khalas,7_Tamar,train
K4.S6.B.11.JPG,K4,K,S6,Khalas,7_Tamar,train
K4.S6.B.12.JPG,K4,K,S6,Khalas,7_Tamar,train
K4.S6.B.13.JPG,K4,K,S6,Khalas,7_Tamar,train
K4.S6.B.14.JPG,K4,K,S6,Khalas,7_Tamar,train
K4.S6.B.15.JPG,K4,K,S6,Khalas,7_Tamar,train
K4.S6.B.16.JPG,K4,K,S6,Khalas,7_Tamar,train
K4.S6.B.17.JPG,K4,K,S6,Khalas,7_Tamar,train
K4.S6.B.18.JPG,K4,K,S6,Khalas,7_Tamar,train
K4.S6.B.19.JPG,K4,K,S6,Khalas,7_Tamar,train
K4.S6.B.2.JPG,K4,K,S6,Khalas,7_Tamar,train
K4.S6.B.20.JPG,K4,K,S6,Khalas,7_Tamar,train
K4.S6.B.21.JPG,K4,K,S6,Khalas,7_Tamar,train
K4.S6.B.22.JPG,K4,K,S6,Khalas,7_Tamar,train
K4.S6.B.23.JPG,K4,K,S6,Khalas,7_Tamar,train
K4.S6.B.24.JPG,K4,K,S6,Khalas,7_Tamar,train
K4.S6.B.25.JPG,K4,K,S6,Khalas,7_Tamar,train
K4.S6.B.26.JPG,K4,K,S6,Khalas,7_Tamar,train
K4.S6.B.27.JPG,K4,K,S6,Khalas,7_Tamar,train
K4.S6.B.3.JPG,K4,K,S6,Khalas,7_Tamar,train
K4.S6.B.4.JPG,K4,K,S6,Khalas,7_Tamar,train
K4.S6.B.5.JPG,K4,K,S6,Khalas,7_Tamar,train
K4.S6.B.6.JPG,K4,K,S6,Khalas,7_Tamar,train
K4.S6.B.7.JPG,K4,K,S6,Khalas,7_Tamar,train
K4.S6.B.8.JPG,K4,K,S6,Khalas,7_Tamar,train
K4.S6.B.9.JPG,K4,K,S6,Khalas,7_Tamar,train
K5.S1.B.1.JPG,K5,K,S1,Khalas,1_Immature-1,test
K5.S1.B.10.JPG,K5,K,S1,Khalas,1_Immature-1,test
K5.S1.B.11.JPG,K5,K,S1,Khalas,1_Immature-1,test
K5.S1.B.12.JPG,K5,K,S1,Khalas,1_Immature-1,test
K5.S1.B.13.JPG,K5,K,S1,Khalas,1_Immature-1,test
K5.S1.B.14.JPG,K5,K,S1,Khalas,1_Immature-1,test
K5.S1.B.15.JPG,K5,K,S1,Khalas,1_Immature-1,test
K5.S1.B.16.JPG,K5,K,S1,Khalas,1_Immature-1,test
K5.S1.B.17.JPG,K5,K,S1,Khalas,1_Immature-1,test
K5.S1.B.18.JPG,K5,K,S1,Khalas,1_Immature-1,test
K5.S1.B.19.JPG,K5,K,S1,Khalas,1_Immature-1,test
K5.S1.B.2.JPG,K5,K,S1,Khalas,1_Immature-1,test
K5.S1.B.20.JPG,K5,K,S1,Khalas,1_Immature-1,test
K5.S1.B.21.JPG,K5,K,S1,Khalas,1_Immature-1,test
K5.S1.B.22.JPG,K5,K,S1,Khalas,1_Immature-1,test
K5.S1.B.23.JPG,K5,K,S1,Khalas,1_Immature-1,test
K5.S1.B.24.JPG,K5,K,S1,Khalas,1_Immature-1,test
K5.S1.B.25.JPG,K5,K,S1,Khalas,1_Immature-1,test
K5.S1.B.26.JPG,K5,K,S1,Khalas,1_Immature-1,test
K5.S1.B.27.JPG,K5,K,S1,Khalas,1_Immature-1,test
K5.S1.B.28.JPG,K5,K,S1,Khalas,1_Immature-1,test
K5.S1.B.29.JPG,K5,K,S1,Khalas,1_Immature-1,test
K5.S1.B.3.JPG,K5,K,S1,Khalas,1_Immature-1,test
K5.S1.B.30.JPG,K5,K,S1,Khalas,1_Immature-1,test
K5.S1.B.31.JPG,K5,K,S1,Khalas,1_Immature-1,test
K5.S1.B.32.JPG,K5,K,S1,Khalas,1_Immature-1,test
K5.S1.B.33.JPG,K5,K,S1,Khalas,1_Immature-1,test
K5.S1.B.34.JPG,K5,K,S1,Khalas,1_Immature-1,test
K5.S1.B.35.JPG,K5,K,S1,Khalas,1_Immature-1,test
K5.S1.B.36.JPG,K5,K,S1,Khalas,1_Immature-1,test
K5.S1.B.37.JPG,K5,K,S1,Khalas,1_Immature-1,test
K5.S1.B.38.JPG,K5,K,S1,Khalas,1_Immature-1,test
K5.S1.B.39.JPG,K5,K,S1,Khalas,1_Immature-1,test
K5.S1.B.4.JPG,K5,K,S1,Khalas,1_Immature-1,test
K5.S1.B.40.JPG,K5,K,S1,Khalas,1_Immature-1,test
K5.S1.B.41.JPG,K5,K,S1,Khalas,1_Immature-1,test
K5.S1.B.5.JPG,K5,K,S1,Khalas,1_Immature-1,test
K5.S1.B.6.JPG,K5,K,S1,Khalas,1_Immature-1,test
K5.S1.B.7.JPG,K5,K,S1,Khalas,1_Immature-1,test
K5.S1.B.8.JPG,K5,K,S1,Khalas,1_Immature-1,test
K5.S1.B.9.JPG,K5,K,S1,Khalas,1_Immature-1,test
K5.S2.B.1.JPG,K5,K,S2,Khalas,2_Immature-2,test
K5.S2.B.10.JPG,K5,K,S2,Khalas,2_Immature-2,test
K5.S2.B.11.JPG,K5,K,S2,Khalas,2_Immature-2,test
K5.S2.B.12.JPG,K5,K,S2,Khalas,2_Immature-2,test
K5.S2.B.13.JPG,K5,K,S2,Khalas,2_Immature-2,test
K5.S2.B.14.JPG,K5,K,S2,Khalas,2_Immature-2,test
K5.S2.B.15.JPG,K5,K,S2,Khalas,2_Immature-2,test
K5.S2.B.16.JPG,K5,K,S2,Khalas,2_Immature-2,test
K5.S2.B.17.JPG,K5,K,S2,Khalas,2_Immature-2,test
K5.S2.B.18.JPG,K5,K,S2,Khalas,2_Immature-2,test
K5.S2.B.19.JPG,K5,K,S2,Khalas,2_Immature-2,test
K5.S2.B.2.JPG,K5,K,S2,Khalas,2_Immature-2,test
K5.S2.B.20.JPG,K5,K,S2,Khalas,2_Immature-2,test
K5.S2.B.21.JPG,K5,K,S2,Khalas,2_Immature-2,test
K5.S2.B.22.JPG,K5,K,S2,Khalas,2_Immature-2,test
K5.S2.B.23.JPG,K5,K,S2,Khalas,2_Immature-2,test
K5.S2.B.24.JPG,K5,K,S2,Khalas,2_Immature-2,test
K5.S2.B.25.JPG,K5,K,S2,Khalas,2_Immature-2,test
K5.S2.B.26.JPG,K5,K,S2,Khalas,2_Immature-2,test
K5.S2.B.27.JPG,K5,K,S2,Khalas,2_Immature-2,test
K5.S2.B.28.JPG,K5,K,S2,Khalas,2_Immature-2,test
K5.S2.B.29.JPG,K5,K,S2,Khalas,2_Immature-2,test
K5.S2.B.3.JPG,K5,K,S2,Khalas,2_Immature-2,test
K5.S2.B.30.JPG,K5,K,S2,Khalas,2_Immature-2,test
K5.S2.B.31.JPG,K5,K,S2,Khalas,2_Immature-2,test
K5.S2.B.32.JPG,K5,K,S2,Khalas,2_Immature-2,test
K5.S2.B.33.JPG,K5,K,S2,Khalas,2_Immature-2,test
K5.S2.B.34.JPG,K5,K,S2,Khalas,2_Immature-2,test
K5.S2.B.35.JPG,K5,K,S2,Khalas,2_Immature-2,test
K5.S2.B.36.JPG,K5,K,S2,Khalas,2_Immature-2,test
K5.S2.B.37.JPG,K5,K,S2,Khalas,2_Immature-2,test
K5.S2.B.38.JPG,K5,K,S2,Khalas,2_Immature-2,test
K5.S2.B.39.JPG,K5,K,S2,Khalas,2_Immature-2,test
K5.S2.B.4.JPG,K5,K,S2,Khalas,2_Immature-2,test
K5.S2.B.40.JPG,K5,K,S2,Khalas,2_Immature-2,test
K5.S2.B.41.JPG,K5,K,S2,Khalas,2_Immature-2,test
K5.S2.B.42.JPG,K5,K,S2,Khalas,2_Immature-2,test
K5.S2.B.43.JPG,K5,K,S2,Khalas,2_Immature-2,test
K5.S2.B.44.JPG,K5,K,S2,Khalas,2_Immature-2,test
K5.S2.B.5.JPG,K5,K,S2,Khalas,2_Immature-2,test
K5.S2.B.6.JPG,K5,K,S2,Khalas,,test
K5.S2.B.7.JPG,K5,K,S2,Khalas,,test
K5.S2.B.8.JPG,K5,K,S2,Khalas,,test
K5.S2.B.9.JPG,K5,K,S2,Khalas,2_Immature-2,test
K5.S3.B.1.JPG,K5,K,S3,Khalas,4_Khalal,test
K5.S3.B.10.JPG,K5,K,S3,Khalas,4_Khalal,test
K5.S3.B.11.JPG,K5,K,S3,Khalas,4_Khalal,test
K5.S3.B.12.JPG,K5,K,S3,Khalas,4_Khalal,test
K5.S3.B.13.JPG,K5,K,S3,Khalas,4_Khalal,test
K5.S3.B.14.JPG,K5,K,S3,Khalas,4_Khalal,test
K5.S3.B.15.JPG,K5,K,S3,Khalas,4_Khalal,test
K5.S3.B.16.JPG,K5,K,S3,Khalas,4_Khalal,test
K5.S3.B.17.JPG,K5,K,S3,Khalas,4_Khalal,test
K5.S3.B.18.JPG,K5,K,S3,Khalas,5_KhalalwithRutab,test
K5.S3.B.19.JPG,K5,K,S3,Khalas,4_Khalal,test
K5.S3.B.2.JPG,K5,K,S3,Khalas,4_Khalal,test
K5.S3.B.20.JPG,K5,K,S3,Khalas,4_Khalal,test
K5.S3.B.21.JPG,K5,K,S3,Khalas,4_Khalal,test
K5.S3.B.22.JPG,K5,K,S3,Khalas,4_Khalal,test
K5.S3.B.23.JPG,K5,K,S3,Khalas,4_Khalal,test
K5.S3.B.24.JPG,K5,K,S3,Khalas,4_Khalal,test
K5.S3.B.25.JPG,K5,K,S3,Khalas,3_Pre-Khalal,test
K5.S3.B.26.JPG,K5,K,S3,Khalas,3_Pre-Khalal,test
K5.S3.B.27.JPG,K5,K,S3,Khalas,3_Pre-Khalal,test
K5.S3.B.28.JPG,K5,K,S3,Khalas,4_Khalal,test
K5.S3.B.29.JPG,K5,K,S3,Khalas,4_Khalal,test
K5.S3.B.3.JPG,K5,K,S3,Khalas,4_Khalal,test
K5.S3.B.30.JPG,K5,K,S3,Khalas,4_Khalal,test
K5.S3.B.31.JPG,K5,K,S3,Khalas,4_Khalal,test
K5.S3.B.32.JPG,K5,K,S3,Khalas,4_Khalal,test
K5.S3.B.33.JPG,K5,K,S3,Khalas,4_Khalal,test
K5.S3.B.34.JPG,K5,K,S3,Khalas,4_Khalal,test
K5.S3.B.35.JPG,K5,K,S3,Khalas,4_Khalal,test
K5.S3.B.36.JPG,K5,K,S3,Khalas,4_Khalal,test
K5.S3.B.37.JPG,K5,K,S3,Khalas,4_Khalal,test
K5.S3.B.38.JPG,K5,K,S3,Khalas,4_Khalal,test
K5.S3.B.39.JPG,K5,K,S3,Khalas,4_Khalal,test
K5.S3.B.4.JPG,K5,K,S3,Khalas,4_Khalal,test
K5.S3.B.40.JPG,K5,K,S3,Khalas,4_Khalal,test
K5.S3.B.41.JPG,K5,K,S3,Khalas,4_Khalal,test
K5.S3.B.42.JPG,K5,K,S3,Khalas,4_Khalal,test
K5.S3.B.43.JPG,K5,K,S3,Khalas,4_Khalal,test
K5.S3.B.44.JPG,K5,K,S3,Khalas,4_Khalal,test
K5.S3.B.45.JPG,K5,K,S3,Khalas,4_Khalal,test
K5.S3.B.46.JPG,K5,K,S3,Khalas,4_Khalal,test
K5.S3.B.47.JPG,K5,K,S3,Khalas,4_Khalal,test
K5.S3.B.48.JPG,K5,K,S3,Khalas,4_Khalal,test
K5.S3.B.49.JPG,K5,K,S3,Khalas,4_Khalal,test
K5.S3.B.5.JPG,K5,K,S3,Khalas,4_Khalal,test
K5.S3.B.50.JPG,K5,K,S3,Khalas,4_Khalal,test
K5.S3.B.51.JPG,K5,K,S3,Khalas,4_Khalal,test
K5.S3.B.52.JPG,K5,K,S3,Khalas,4_Khalal,test
K5.S3.B.53.JPG,K5,K,S3,Khalas,4_Khalal,test
K5.S3.B.54.JPG,K5,K,S3,Khalas,4_Khalal,test
K5.S3.B.55.JPG,K5,K,S3,Khalas,4_Khalal,test
K5.S3.B.56.JPG,K5,K,S3,Khalas,4_Khalal,test
K5.S3.B.57.JPG,K5,K,S3,Khalas,4_Khalal,test
K5.S3.B.58.JPG,K5,K,S3,Khalas,4_Khalal,test
K5.S3.B.59.JPG,K5,K,S3,Khalas,4_Khalal,test
K5.S3.B.6.JPG,K5,K,S3,Khalas,4_Khalal,test
K5.S3.B.60.JPG,K5,K,S3,Khalas,4_Khalal,test
K5.S3.B.61.JPG,K5,K,S3,Khalas,4_Khalal,test
K5.S3.B.62.JPG,K5,K,S3,Khalas,4_Khalal,test
K5.S3.B.63.JPG,K5,K,S3,Khalas,4_Khalal,test
K5.S3.B.64.JPG,K5,K,S3,Khalas,4_Khalal,test
K5.S3.B.65.JPG,K5,K,S3,Khalas,4_Khalal,test
K5.S3.B.66.JPG,K5,K,S3,Khalas,4_Khalal,test
K5.S3.B.67.JPG,K5,K,S3,Khalas,4_Khalal,test
K5.S3.B.68.JPG,K5,K,S3,Khalas,4_Khalal,test
K5.S3.B.69.JPG,K5,K,S3,Khalas,3_Pre-Khalal,test
K5.S3.B.7.JPG,K5,K,S3,Khalas,4_Khalal,test
K5.S3.B.70.JPG,K5,K,S3,Khalas,3_Pre-Khalal,test
K5.S3.B.71.JPG,K5,K,S3,Khalas,4_Khalal,test
K5.S3.B.72.JPG,K5,K,S3,Khalas,4_Khalal,test
K5.S3.B.73.JPG,K5,K,S3,Khalas,4_Khalal,test
K5.S3.B.74.JPG,K5,K,S3,Khalas,4_Khalal,test
K5.S3.B.75.JPG,K5,K,S3,Khalas,4_Khalal,test
K5.S3.B.8.JPG,K5,K,S3,Khalas,4_Khalal,test
K5.S3.B.9.JPG,K5,K,S3,Khalas,4_Khalal,test
K5.S4.B.1.JPG,K5,K,S4,Khalas,5_KhalalwithRutab,test
K5.S4.B.10.JPG,K5,K,S4,Khalas,5_KhalalwithRutab,test
K5.S4.B.100.JPG,K5,K,S4,Khalas,5_KhalalwithRutab,test
K5.S4.B.101.JPG,K5,K,S4,Khalas,5_KhalalwithRutab,test
K5.S4.B.102.JPG,K5,K,S4,Khalas,5_KhalalwithRutab,test
K5.S4.B.103.JPG,K5,K,S4,Khalas,5_KhalalwithRutab,test
K5.S4.B.104.JPG,K5,K,S4,Khalas,5_KhalalwithRutab,test
K5.S4.B.105.JPG,K5,K,S4,Khalas,5_KhalalwithRutab,test
K5.S4.B.106.JPG,K5,K,S4,Khalas,5_KhalalwithRutab,test
K5.S4.B.11.JPG,K5,K,S4,Khalas,5_KhalalwithRutab,test
K5.S4.B.12.JPG,K5,K,S4,Khalas,5_KhalalwithRutab,test
K5.S4.B.13.JPG,K5,K,S4,Khalas,5_KhalalwithRutab,test
K5.S4.B.14.JPG,K5,K,S4,Khalas,5_KhalalwithRutab,test
K5.S4.B.15.JPG,K5,K,S4,Khalas,5_KhalalwithRutab,test
K5.S4.B.16.JPG,K5,K,S4,Khalas,5_KhalalwithRutab,test
K5.S4.B.17.JPG,K5,K,S4,Khalas,5_KhalalwithRutab,test
K5.S4.B.18.JPG,K5,K,S4,Khalas,5_KhalalwithRutab,test
K5.S4.B.19.JPG,K5,K,S4,Khalas,5_KhalalwithRutab,test
K5.S4.B.2.JPG,K5,K,S4,Khalas,5_KhalalwithRutab,test
K5.S4.B.20.JPG,K5,K,S4,Khalas,5_KhalalwithRutab,test
K5.S4.B.21.JPG,K5,K,S4,Khalas,5_KhalalwithRutab,test
K5.S4.B.22.JPG,K5,K,S4,Khalas,5_KhalalwithRutab,test
K5.S4.B.23.JPG,K5,K,S4,Khalas,5_KhalalwithRutab,test
K5.S4.B.24.JPG,K5,K,S4,Khalas,5_KhalalwithRutab,test
K5.S4.B.25.JPG,K5,K,S4,Khalas,5_KhalalwithRutab,test
K5.S4.B.26.JPG,K5,K,S4,Khalas,5_KhalalwithRutab,test
K5.S4.B.27.JPG,K5,K,S4,Khalas,5_KhalalwithRutab,test
K5.S4.B.28.JPG,K5,K,S4,Khalas,5_KhalalwithRutab,test
K5.S4.B.29.JPG,K5,K,S4,Khalas,5_KhalalwithRutab,test
K5.S4.B.3.JPG,K5,K,S4,Khalas,5_KhalalwithRutab,test
K5.S4.B.30.JPG,K5,K,S4,Khalas,5_KhalalwithRutab,test
K5.S4.B.31.JPG,K5,K,S4,Khalas,5_KhalalwithRutab,test
K5.S4.B.32.JPG,K5,K,S4,Khalas,5_KhalalwithRutab,test
K5.S4.B.33.JPG,K5,K,S4,Khalas,5_KhalalwithRutab,test
K5.S4.B.34.JPG,K5,K,S4,Khalas,5_KhalalwithRutab,test
K5.S4.B.35.JPG,K5,K,S4,Khalas,5_KhalalwithRutab,test
K5.S4.B.36.JPG,K5,K,S4,Khalas,5_KhalalwithRutab,test
K5.S4.B.37.JPG,K5,K,S4,Khalas,5_KhalalwithRutab,test
K5.S4.B.38.JPG,K5,K,S4,Khalas,5_KhalalwithRutab,test
K5.S4.B.39.JPG,K5,K,S4,Khalas,5_KhalalwithRutab,test
K5.S4.B.4.JPG,K5,K,S4,Khalas,5_KhalalwithRutab,test
K5.S4.B.40.JPG,K5,K,S4,Khalas,5_KhalalwithRutab,test
K5.S4.B.41.JPG,K5,K,S4,Khalas,5_KhalalwithRutab,test
K5.S4.B.42.JPG,K5,K,S4,Khalas,5_KhalalwithRutab,test
K5.S4.B.43.JPG,K5,K,S4,Khalas,5_KhalalwithRutab,test
K5.S4.B.44.JPG,K5,K,S4,Khalas,5_KhalalwithRutab,test
K5.S4.B.45.JPG,K5,K,S4,Khalas,5_KhalalwithRutab,test
K5.S4.B.46.JPG,K5,K,S4,Khalas,5_KhalalwithRutab,test
K5.S4.B.47.JPG,K5,K,S4,Khalas,5_KhalalwithRutab,test
K5.S4.B.48.JPG,K5,K,S4,Khalas,5_KhalalwithRutab,test
K5.S4.B.49.JPG,K5,K,S4,Khalas,5_KhalalwithRutab,test
K5.S4.B.5.JPG,K5,K,S4,Khalas,5_KhalalwithRutab,test
K5.S4.B.50.JPG,K5,K,S4,Khalas,5_KhalalwithRutab,test
K5.S4.B.51.JPG,K5,K,S4,Khalas,5_KhalalwithRutab,test
K5.S4.B.52.JPG,K5,K,S4,Khalas,5_KhalalwithRutab,test
K5.S4.B.53.JPG,K5,K,S4,Khalas,5_KhalalwithRutab,test
K5.S4.B.54.JPG,K5,K,S4,Khalas,5_KhalalwithRutab,test
K5.S4.B.55.JPG,K5,K,S4,Khalas,5_KhalalwithRutab,test
K5.S4.B.56.JPG,K5,K,S4,Khalas,5_KhalalwithRutab,test
K5.S4.B.57.JPG,K5,K,S4,Khalas,5_KhalalwithRutab,test
K5.S4.B.58.JPG,K5,K,S4,Khalas,5_KhalalwithRutab,test
K5.S4.B.59.JPG,K5,K,S4,Khalas,5_KhalalwithRutab,test
K5.S4.B.6.JPG,K5,K,S4,Khalas,5_KhalalwithRutab,test
K5.S4.B.60.JPG,K5,K,S4,Khalas,5_KhalalwithRutab,test
K5.S4.B.61.JPG,K5,K,S4,Khalas,5_KhalalwithRutab,test
K5.S4.B.62.JPG,K5,K,S4,Khalas,5_KhalalwithRutab,test
K5.S4.B.63.JPG,K5,K,S4,Khalas,5_KhalalwithRutab,test
K5.S4.B.64.JPG,K5,K,S4,Khalas,5_KhalalwithRutab,test
K5.S4.B.65.JPG,K5,K,S4,Khalas,5_KhalalwithRutab,test
K5.S4.B.66.JPG,K5,K,S4,Khalas,5_KhalalwithRutab,test
K5.S4.B.67.JPG,K5,K,S4,Khalas,5_KhalalwithRutab,test
K5.S4.B.68.JPG,K5,K,S4,Khalas,5_KhalalwithRutab,test
K5.S4.B.69.JPG,K5,K,S4,Khalas,5_KhalalwithRutab,test
K5.S4.B.7.JPG,K5,K,S4,Khalas,5_KhalalwithRutab,test
K5.S4.B.70.JPG,K5,K,S4,Khalas,5_KhalalwithRutab,test
K5.S4.B.71.JPG,K5,K,S4,Khalas,5_KhalalwithRutab,test
K5.S4.B.72.JPG,K5,K,S4,Khalas,5_KhalalwithRutab,test
K5.S4.B.73.JPG,K5,K,S4,Khalas,5_KhalalwithRutab,test
K5.S4.B.74.JPG,K5,K,S4,Khalas,5_KhalalwithRutab,test
K5.S4.B.75.JPG,K5,K,S4,Khalas,5_KhalalwithRutab,test
K5.S4.B.76.JPG,K5,K,S4,Khalas,5_KhalalwithRutab,test
K5.S4.B.77.JPG,K5,K,S4,Khalas,5_KhalalwithRutab,test
K5.S4.B.78.JPG,K5,K,S4,Khalas,5_KhalalwithRutab,test
K5.S4.B.79.JPG,K5,K,S4,Khalas,5_KhalalwithRutab,test
K5.S4.B.8.JPG,K5,K,S4,Khalas,5_KhalalwithRutab,test
K5.S4.B.80.JPG,K5,K,S4,Khalas,5_KhalalwithRutab,test
K5.S4.B.81.JPG,K5,K,S4,Khalas,5_KhalalwithRutab,test
K5.S4.B.82.JPG,K5,K,S4,Khalas,5_KhalalwithRutab,test
K5.S4.B.83.JPG,K5,K,S4,Khalas,5_KhalalwithRutab,test
K5.S4.B.84.JPG,K5,K,S4,Khalas,5_KhalalwithRutab,test
K5.S4.B.85.JPG,K5,K,S4,Khalas,5_KhalalwithRutab,test
K5.S4.B.86.JPG,K5,K,S4,Khalas,5_KhalalwithRutab,test
K5.S4.B.87.JPG,K5,K,S4,Khalas,5_KhalalwithRutab,test
K5.S4.B.88.JPG,K5,K,S4,Khalas,5_KhalalwithRutab,test
K5.S4.B.89.JPG,K5,K,S4,Khalas,5_KhalalwithRutab,test
K5.S4.B.9.JPG,K5,K,S4,Khalas,5_KhalalwithRutab,test
K5.S4.B.90.JPG,K5,K,S4,Khalas,5_KhalalwithRutab,test
K5.S4.B.91.JPG,K5,K,S4,Khalas,5_KhalalwithRutab,test
K5.S4.B.92.JPG,K5,K,S4,Khalas,5_KhalalwithRutab,test
K5.S4.B.93.JPG,K5,K,S4,Khalas,5_KhalalwithRutab,test
K5.S4.B.94.JPG,K5,K,S4,Khalas,5_KhalalwithRutab,test
K5.S4.B.95.JPG,K5,K,S4,Khalas,5_KhalalwithRutab,test
K5.S4.B.96.JPG,K5,K,S4,Khalas,5_KhalalwithRutab,test
K5.S4.B.97.JPG,K5,K,S4,Khalas,5_KhalalwithRutab,test
K5.S4.B.98.JPG,K5,K,S4,Khalas,5_KhalalwithRutab,test
K5.S4.B.99.JPG,K5,K,S4,Khalas,5_KhalalwithRutab,test
K5.S5.B.1.JPG,K5,K,S5,Khalas,6_Pre-Tamar,test
K5.S5.B.10.JPG,K5,K,S5,Khalas,6_Pre-Tamar,test
K5.S5.B.11.JPG,K5,K,S5,Khalas,6_Pre-Tamar,test
K5.S5.B.12.JPG,K5,K,S5,Khalas,6_Pre-Tamar,test
K5.S5.B.13.JPG,K5,K,S5,Khalas,6_Pre-Tamar,test
K5.S5.B.14.JPG,K5,K,S5,Khalas,6_Pre-Tamar,test
K5.S5.B.15.JPG,K5,K,S5,Khalas,6_Pre-Tamar,test
K5.S5.B.16.JPG,K5,K,S5,Khalas,6_Pre-Tamar,test
K5.S5.B.17.JPG,K5,K,S5,Khalas,6_Pre-Tamar,test
K5.S5.B.18.JPG,K5,K,S5,Khalas,6_Pre-Tamar,test
K5.S5.B.19.JPG,K5,K,S5,Khalas,6_Pre-Tamar,test
K5.S5.B.2.JPG,K5,K,S5,Khalas,6_Pre-Tamar,test
K5.S5.B.20.JPG,K5,K,S5,Khalas,6_Pre-Tamar,test
K5.S5.B.21.JPG,K5,K,S5,Khalas,6_Pre-Tamar,test
K5.S5.B.22.JPG,K5,K,S5,Khalas,6_Pre-Tamar,test
K5.S5.B.23.JPG,K5,K,S5,Khalas,6_Pre-Tamar,test
K5.S5.B.24.JPG,K5,K,S5,Khalas,6_Pre-Tamar,test
K5.S5.B.25.JPG,K5,K,S5,Khalas,6_Pre-Tamar,test
K5.S5.B.26.JPG,K5,K,S5,Khalas,6_Pre-Tamar,test
K5.S5.B.27.JPG,K5,K,S5,Khalas,6_Pre-Tamar,test
K5.S5.B.28.JPG,K5,K,S5,Khalas,6_Pre-Tamar,test
K5.S5.B.29.JPG,K5,K,S5,Khalas,6_Pre-Tamar,test
K5.S5.B.3.JPG,K5,K,S5,Khalas,6_Pre-Tamar,test
K5.S5.B.30.JPG,K5,K,S5,Khalas,6_Pre-Tamar,test
K5.S5.B.31.JPG,K5,K,S5,Khalas,6_Pre-Tamar,test
K5.S5.B.32.JPG,K5,K,S5,Khalas,6_Pre-Tamar,test
K5.S5.B.33.JPG,K5,K,S5,Khalas,6_Pre-Tamar,test
K5.S5.B.34.JPG,K5,K,S5,Khalas,6_Pre-Tamar,test
K5.S5.B.35.JPG,K5,K,S5,Khalas,6_Pre-Tamar,test
K5.S5.B.36.JPG,K5,K,S5,Khalas,6_Pre-Tamar,test
K5.S5.B.37.JPG,K5,K,S5,Khalas,6_Pre-Tamar,test
K5.S5.B.38.JPG,K5,K,S5,Khalas,6_Pre-Tamar,test
K5.S5.B.39.JPG,K5,K,S5,Khalas,6_Pre-Tamar,test
K5.S5.B.4.JPG,K5,K,S5,Khalas,6_Pre-Tamar,test
K5.S5.B.40.JPG,K5,K,S5,Khalas,6_Pre-Tamar,test
K5.S5.B.41.JPG,K5,K,S5,Khalas,6_Pre-Tamar,test
K5.S5.B.42.JPG,K5,K,S5,Khalas,6_Pre-Tamar,test
K5.S5.B.43.JPG,K5,K,S5,Khalas,6_Pre-Tamar,test
K5.S5.B.44.JPG,K5,K,S5,Khalas,6_Pre-Tamar,test
K5.S5.B.45.JPG,K5,K,S5,Khalas,6_Pre-Tamar,test
K5.S5.B.46.JPG,K5,K,S5,Khalas,6_Pre-Tamar,test
K5.S5.B.47.JPG,K5,K,S5,Khalas,6_Pre-Tamar,test
K5.S5.B.48.JPG,K5,K,S5,Khalas,6_Pre-Tamar,test
K5.S5.B.49.JPG,K5,K,S5,Khalas,6_Pre-Tamar,test
K5.S5.B.5.JPG,K5,K,S5,Khalas,6_Pre-Tamar,test
K5.S5.B.50.JPG,K5,K,S5,Khalas,6_Pre-Tamar,test
K5.S5.B.51.JPG,K5,K,S5,Khalas,6_Pre-Tamar,test
K5.S5.B.52.JPG,K5,K,S5,Khalas,6_Pre-Tamar,test
K5.S5.B.6.JPG,K5,K,S5,Khalas,6_Pre-Tamar,test
K5.S5.B.7.JPG,K5,K,S5,Khalas,6_Pre-Tamar,test
K5.S5.B.8.JPG,K5,K,S5,Khalas,6_Pre-Tamar,test
K5.S5.B.9.JPG,K5,K,S5,Khalas,6_Pre-Tamar,test
K5.S6.B.1.JPG,K5,K,S6,Khalas,7_Tamar,test
K5.S6.B.10.JPG,K5,K,S6,Khalas,7_Tamar,test
K5.S6.B.11.JPG,K5,K,S6,Khalas,7_Tamar,test
K5.S6.B.12.JPG,K5,K,S6,Khalas,7_Tamar,test
K5.S6.B.13.JPG,K5,K,S6,Khalas,7_Tamar,test
K5.S6.B.14.JPG,K5,K,S6,Khalas,7_Tamar,test
K5.S6.B.15.JPG,K5,K,S6,Khalas,7_Tamar,test
K5.S6.B.16.JPG,K5,K,S6,Khalas,7_Tamar,test
K5.S6.B.17.JPG,K5,K,S6,Khalas,7_Tamar,test
K5.S6.B.18.JPG,K5,K,S6,Khalas,7_Tamar,test
K5.S6.B.19.JPG,K5,K,S6,Khalas,7_Tamar,test
K5.S6.B.2.JPG,K5,K,S6,Khalas,7_Tamar,test
K5.S6.B.20.JPG,K5,K,S6,Khalas,7_Tamar,test
K5.S6.B.21.JPG,K5,K,S6,Khalas,7_Tamar,test
K5.S6.B.22.JPG,K5,K,S6,Khalas,7_Tamar,test
K5.S6.B.23.JPG,K5,K,S6,Khalas,7_Tamar,test
K5.S6.B.24.JPG,K5,K,S6,Khalas,7_Tamar,test
K5.S6.B.3.JPG,K5,K,S6,Khalas,7_Tamar,test
K5.S6.B.4.JPG,K5,K,S6,Khalas,7_Tamar,test
K5.S6.B.5.JPG,K5,K,S6,Khalas,7_Tamar,test
K5.S6.B.6.JPG,K5,K,S6,Khalas,7_Tamar,test
K5.S6.B.7.JPG,K5,K,S6,Khalas,7_Tamar,test
K5.S6.B.8.JPG,K5,K,S6,Khalas,7_Tamar,test
K5.S6.B.9.JPG,K5,K,S6,Khalas,7_Tamar,test
M1.S1.B.1.JPG,M1,M,S1,Meneifi,1_Immature-1,train
M1.S1.B.10.JPG,M1,M,S1,Meneifi,1_Immature-1,train
M1.S1.B.11.JPG,M1,M,S1,Meneifi,1_Immature-1,train
M1.S1.B.12.JPG,M1,M,S1,Meneifi,1_Immature-1,train
M1.S1.B.13.JPG,M1,M,S1,Meneifi,1_Immature-1,train
M1.S1.B.14.JPG,M1,M,S1,Meneifi,1_Immature-1,train
M1.S1.B.15.JPG,M1,M,S1,Meneifi,1_Immature-1,train
M1.S1.B.16.JPG,M1,M,S1,Meneifi,1_Immature-1,train
M1.S1.B.17.JPG,M1,M,S1,Meneifi,1_Immature-1,train
M1.S1.B.18.JPG,M1,M,S1,Meneifi,1_Immature-1,train
M1.S1.B.19.JPG,M1,M,S1,Meneifi,1_Immature-1,train
M1.S1.B.2.JPG,M1,M,S1,Meneifi,1_Immature-1,train
M1.S1.B.20.JPG,M1,M,S1,Meneifi,1_Immature-1,train
M1.S1.B.21.JPG,M1,M,S1,Meneifi,1_Immature-1,train
M1.S1.B.22.JPG,M1,M,S1,Meneifi,1_Immature-1,train
M1.S1.B.23.JPG,M1,M,S1,Meneifi,1_Immature-1,train
M1.S1.B.24.JPG,M1,M,S1,Meneifi,1_Immature-1,train
M1.S1.B.25.JPG,M1,M,S1,Meneifi,1_Immature-1,train
M1.S1.B.26.JPG,M1,M,S1,Meneifi,1_Immature-1,train
M1.S1.B.27.JPG,M1,M,S1,Meneifi,1_Immature-1,train
M1.S1.B.28.JPG,M1,M,S1,Meneifi,1_Immature-1,train
M1.S1.B.29.JPG,M1,M,S1,Meneifi,1_Immature-1,train
M1.S1.B.3.JPG,M1,M,S1,Meneifi,1_Immature-1,train
M1.S1.B.4.JPG,M1,M,S1,Meneifi,1_Immature-1,train
M1.S1.B.5.JPG,M1,M,S1,Meneifi,1_Immature-1,train
M1.S1.B.6.JPG,M1,M,S1,Meneifi,1_Immature-1,train
M1.S1.B.7.JPG,M1,M,S1,Meneifi,1_Immature-1,train
M1.S1.B.8.JPG,M1,M,S1,Meneifi,1_Immature-1,train
M1.S1.B.9.JPG,M1,M,S1,Meneifi,1_Immature-1,train
M1.S2.B.1.JPG,M1,M,S2,Meneifi,1_Immature-1,train
M1.S2.B.10.JPG,M1,M,S2,Meneifi,1_Immature-1,train
M1.S2.B.11.JPG,M1,M,S2,Meneifi,1_Immature-1,train
M1.S2.B.12.JPG,M1,M,S2,Meneifi,1_Immature-1,train
M1.S2.B.13.JPG,M1,M,S2,Meneifi,1_Immature-1,train
M1.S2.B.14.JPG,M1,M,S2,Meneifi,1_Immature-1,train
M1.S2.B.15.JPG,M1,M,S2,Meneifi,1_Immature-1,train
M1.S2.B.16.JPG,M1,M,S2,Meneifi,1_Immature-1,train
M1.S2.B.17.JPG,M1,M,S2,Meneifi,1_Immature-1,train
M1.S2.B.18.JPG,M1,M,S2,Meneifi,1_Immature-1,train
M1.S2.B.19.JPG,M1,M,S2,Meneifi,1_Immature-1,train
M1.S2.B.2.JPG,M1,M,S2,Meneifi,1_Immature-1,train
M1.S2.B.20.JPG,M1,M,S2,Meneifi,1_Immature-1,train
M1.S2.B.21.JPG,M1,M,S2,Meneifi,1_Immature-1,train
M1.S2.B.22.JPG,M1,M,S2,Meneifi,1_Immature-1,train
M1.S2.B.23.JPG,M1,M,S2,Meneifi,1_Immature-1,train
M1.S2.B.24.JPG,M1,M,S2,Meneifi,1_Immature-1,train
M1.S2.B.25.JPG,M1,M,S2,Meneifi,1_Immature-1,train
M1.S2.B.26.JPG,M1,M,S2,Meneifi,1_Immature-1,train
M1.S2.B.27.JPG,M1,M,S2,Meneifi,1_Immature-1,train
M1.S2.B.28.JPG,M1,M,S2,Meneifi,1_Immature-1,train
M1.S2.B.29.JPG,M1,M,S2,Meneifi,1_Immature-1,train
M1.S2.B.3.JPG,M1,M,S2,Meneifi,1_Immature-1,train
M1.S2.B.30.JPG,M1,M,S2,Meneifi,1_Immature-1,train
M1.S2.B.31.JPG,M1,M,S2,Meneifi,1_Immature-1,train
M1.S2.B.32.JPG,M1,M,S2,Meneifi,1_Immature-1,train
M1.S2.B.33.JPG,M1,M,S2,Meneifi,1_Immature-1,train
M1.S2.B.4.JPG,M1,M,S2,Meneifi,1_Immature-1,train
M1.S2.B.5.JPG,M1,M,S2,Meneifi,1_Immature-1,train
M1.S2.B.6.JPG,M1,M,S2,Meneifi,1_Immature-1,train
M1.S2.B.7.JPG,M1,M,S2,Meneifi,1_Immature-1,train
M1.S2.B.8.JPG,M1,M,S2,Meneifi,1_Immature-1,train
M1.S2.B.9.JPG,M1,M,S2,Meneifi,1_Immature-1,train
M1.S3.B.1.JPG,M1,M,S3,Meneifi,2_Immature-2,train
M1.S3.B.10.JPG,M1,M,S3,Meneifi,2_Immature-2,train
M1.S3.B.11.JPG,M1,M,S3,Meneifi,2_Immature-2,train
M1.S3.B.12.JPG,M1,M,S3,Meneifi,,train
M1.S3.B.13.JPG,M1,M,S3,Meneifi,4_Khalal,train
M1.S3.B.14.JPG,M1,M,S3,Meneifi,3_Pre-Khalal,train
M1.S3.B.15.JPG,M1,M,S3,Meneifi,,train
M1.S3.B.16.JPG,M1,M,S3,Meneifi,2_Immature-2,train
M1.S3.B.17.JPG,M1,M,S3,Meneifi,2_Immature-2,train
M1.S3.B.18.JPG,M1,M,S3,Meneifi,2_Immature-2,train
M1.S3.B.19.JPG,M1,M,S3,Meneifi,4_Khalal,train
M1.S3.B.2.JPG,M1,M,S3,Meneifi,2_Immature-2,train
M1.S3.B.20.JPG,M1,M,S3,Meneifi,4_Khalal,train
M1.S3.B.21.JPG,M1,M,S3,Meneifi,,train
M1.S3.B.22.JPG,M1,M,S3,Meneifi,,train
M1.S3.B.23.JPG,M1,M,S3,Meneifi,3_Pre-Khalal,train
M1.S3.B.24.JPG,M1,M,S3,Meneifi,,train
M1.S3.B.25.JPG,M1,M,S3,Meneifi,3_Pre-Khalal,train
M1.S3.B.26.JPG,M1,M,S3,Meneifi,3_Pre-Khalal,train
M1.S3.B.27.JPG,M1,M,S3,Meneifi,2_Immature-2,train
M1.S3.B.28.JPG,M1,M,S3,Meneifi,2_Immature-2,train
M1.S3.B.29.JPG,M1,M,S3,Meneifi,2_Immature-2,train
M1.S3.B.3.JPG,M1,M,S3,Meneifi,,train
M1.S3.B.30.JPG,M1,M,S3,Meneifi,,train
M1.S3.B.31.JPG,M1,M,S3,Meneifi,3_Pre-Khalal,train
M1.S3.B.32.JPG,M1,M,S3,Meneifi,,train
M1.S3.B.33.JPG,M1,M,S3,Meneifi,2_Immature-2,train
M1.S3.B.34.JPG,M1,M,S3,Meneifi,2_Immature-2,train
M1.S3.B.35.JPG,M1,M,S3,Meneifi,2_Immature-2,train
M1.S3.B.36.JPG,M1,M,S3,Meneifi,2_Immature-2,train
M1.S3.B.37.JPG,M1,M,S3,Meneifi,2_Immature-2,train
M1.S3.B.38.JPG,M1,M,S3,Meneifi,2_Immature-2,train
M1.S3.B.39.JPG,M1,M,S3,Meneifi,2_Immature-2,train
M1.S3.B.4.JPG,M1,M,S3,Meneifi,,train
M1.S3.B.40.JPG,M1,M,S3,Meneifi,2_Immature-2,train
M1.S3.B.41.JPG,M1,M,S3,Meneifi,2_Immature-2,train
M1.S3.B.42.JPG,M1,M,S3,Meneifi,2_Immature-2,train
M1.S3.B.43.JPG,M1,M,S3,Meneifi,2_Immature-2,train
M1.S3.B.44.JPG,M1,M,S3,Meneifi,2_Immature-2,train
M1.S3.B.45.JPG,M1,M,S3,Meneifi,,train
M1.S3.B.46.JPG,M1,M,S3,Meneifi,3_Pre-Khalal,train
M1.S3.B.47.JPG,M1,M,S3,Meneifi,2_Immature-2,train
M1.S3.B.48.JPG,M1,M,S3,Meneifi,2_Immature-2,train
M1.S3.B.49.JPG,M1,M,S3,Meneifi,2_Immature-2,train
M1.S3.B.5.JPG,M1,M,S3,Meneifi,,train
M1.S3.B.50.JPG,M1,M,S3,Meneifi,2_Immature-2,train
M1.S3.B.51.JPG,M1,M,S3,Meneifi,2_Immature-2,train
M1.S3.B.52.JPG,M1,M,S3,Meneifi,2_Immature-2,train
M1.S3.B.53.JPG,M1,M,S3,Meneifi,2_Immature-2,train
M1.S3.B.6.JPG,M1,M,S3,Meneifi,,train
M1.S3.B.7.JPG,M1,M,S3,Meneifi,2_Immature-2,train
M1.S3.B.8.JPG,M1,M,S3,Meneifi,,train
M1.S3.B.9.JPG,M1,M,S3,Meneifi,2_Immature-2,train
M1.S4.B.1.JPG,M1,M,S4,Meneifi,3_Pre-Khalal,train
M1.S4.B.10.JPG,M1,M,S4,Meneifi,,train
M1.S4.B.11.JPG,M1,M,S4,Meneifi,,train
M1.S4.B.12.JPG,M1,M,S4,Meneifi,,train
M1.S4.B.13.JPG,M1,M,S4,Meneifi,,train
M1.S4.B.14.JPG,M1,M,S4,Meneifi,3_Pre-Khalal,train
M1.S4.B.15.JPG,M1,M,S4,Meneifi,4_Khalal,train
M1.S4.B.16.JPG,M1,M,S4,Meneifi,4_Khalal,train
M1.S4.B.17.JPG,M1,M,S4,Meneifi,4_Khalal,train
M1.S4.B.18.JPG,M1,M,S4,Meneifi,4_Khalal,train
M1.S4.B.19.JPG,M1,M,S4,Meneifi,4_Khalal,train
M1.S4.B.2.JPG,M1,M,S4,Meneifi,3_Pre-Khalal,train
M1.S4.B.20.JPG,M1,M,S4,Meneifi,4_Khalal,train
M1.S4.B.21.JPG,M1,M,S4,Meneifi,4_Khalal,train
M1.S4.B.22.JPG,M1,M,S4,Meneifi,4_Khalal,train
M1.S4.B.23.JPG,M1,M,S4,Meneifi,4_Khalal,train
M1.S4.B.24.JPG,M1,M,S4,Meneifi,4_Khalal,train
M1.S4.B.25.JPG,M1,M,S4,Meneifi,4_Khalal,train
M1.S4.B.26.JPG,M1,M,S4,Meneifi,4_Khalal,train
M1.S4.B.27.JPG,M1,M,S4,Meneifi,4_Khalal,train
M1.S4.B.28.JPG,M1,M,S4,Meneifi,4_Khalal,train
M1.S4.B.29.JPG,M1,M,S4,Meneifi,4_Khalal,train
M1.S4.B.3.JPG,M1,M,S4,Meneifi,4_Khalal,train
M1.S4.B.30.JPG,M1,M,S4,Meneifi,4_Khalal,train
M1.S4.B.31.JPG,M1,M,S4,Meneifi,3_Pre-Khalal,train
M1.S4.B.32.JPG,M1,M,S4,Meneifi,3_Pre-Khalal,train
M1.S4.B.33.JPG,M1,M,S4,Meneifi,,train
M1.S4.B.34.JPG,M1,M,S4,Meneifi,,train
M1.S4.B.35.JPG,M1,M,S4,Meneifi,,train
M1.S4.B.36.JPG,M1,M,S4,Meneifi,,train
M1.S4.B.37.JPG,M1,M,S4,Meneifi,3_Pre-Khalal,train
M1.S4.B.38.JPG,M1,M,S4,Meneifi,,train
M1.S4.B.39.JPG,M1,M,S4,Meneifi,,train
M1.S4.B.4.JPG,M1,M,S4,Meneifi,4_Khalal,train
M1.S4.B.40.JPG,M1,M,S4,Meneifi,,train
M1.S4.B.41.JPG,M1,M,S4,Meneifi,3_Pre-Khalal,train
M1.S4.B.42.JPG,M1,M,S4,Meneifi,3_Pre-Khalal,train
M1.S4.B.43.JPG,M1,M,S4,Meneifi,3_Pre-Khalal,train
M1.S4.B.44.JPG,M1,M,S4,Meneifi,3_Pre-Khalal,train
M1.S4.B.45.JPG,M1,M,S4,Meneifi,3_Pre-Khalal,train
M1.S4.B.46.JPG,M1,M,S4,Meneifi,3_Pre-Khalal,train
M1.S4.B.47.JPG,M1,M,S4,Meneifi,3_Pre-Khalal,train
M1.S4.B.48.JPG,M1,M,S4,Meneifi,3_Pre-Khalal,train
M1.S4.B.49.JPG,M1,M,S4,Meneifi,3_Pre-Khalal,train
M1.S4.B.5.JPG,M1,M,S4,Meneifi,4_Khalal,train
M1.S4.B.50.JPG,M1,M,S4,Meneifi,3_Pre-Khalal,train
M1.S4.B.51.JPG,M1,M,S4,Meneifi,3_Pre-Khalal,train
M1.S4.B.52.JPG,M1,M,S4,Meneifi,3_Pre-Khalal,train
M1.S4.B.53.JPG,M1,M,S4,Meneifi,3_Pre-Khalal,train
M1.S4.B.54.JPG,M1,M,S4,Meneifi,3_Pre-Khalal,train
M1.S4.B.55.JPG,M1,M,S4,Meneifi,3_Pre-Khalal,train
M1.S4.B.56.JPG,M1,M,S4,Meneifi,3_Pre-Khalal,train
M1.S4.B.57.JPG,M1,M,S4,Meneifi,3_Pre-Khalal,train
M1.S4.B.58.JPG,M1,M,S4,Meneifi,3_Pre-Khalal,train
M1.S4.B.59.JPG,M1,M,S4,Meneifi,3_Pre-Khalal,train
M1.S4.B.6.JPG,M1,M,S4,Meneifi,4_Khalal,train
M1.S4.B.60.JPG,M1,M,S4,Meneifi,3_Pre-Khalal,train
M1.S4.B.61.JPG,M1,M,S4,Meneifi,3_Pre-Khalal,train
M1.S4.B.62.JPG,M1,M,S4,Meneifi,3_Pre-Khalal,train
M1.S4.B.63.JPG,M1,M,S4,Meneifi,3_Pre-Khalal,train
M1.S4.B.64.JPG,M1,M,S4,Meneifi,3_Pre-Khalal,train
M1.S4.B.65.JPG,M1,M,S4,Meneifi,3_Pre-Khalal,train
M1.S4.B.66.JPG,M1,M,S4,Meneifi,3_Pre-Khalal,train
M1.S4.B.67.JPG,M1,M,S4,Meneifi,3_Pre-Khalal,train
M1.S4.B.68.JPG,M1,M,S4,Meneifi,3_Pre-Khalal,train
M1.S4.B.69.JPG,M1,M,S4,Meneifi,3_Pre-Khalal,train
M1.S4.B.7.JPG,M1,M,S4,Meneifi,4_Khalal,train
M1.S4.B.70.JPG,M1,M,S4,Meneifi,3_Pre-Khalal,train
M1.S4.B.71.JPG,M1,M,S4,Meneifi,3_Pre-Khalal,train
M1.S4.B.72.JPG,M1,M,S4,Meneifi,3_Pre-Khalal,train
M1.S4.B.73.JPG,M1,M,S4,Meneifi,3_Pre-Khalal,train
M1.S4.B.74.JPG,M1,M,S4,Meneifi,3_Pre-Khalal,train
M1.S4.B.75.JPG,M1,M,S4,Meneifi,3_Pre-Khalal,train
M1.S4.B.76.JPG,M1,M,S4,Meneifi,3_Pre-Khalal,train
M1.S4.B.77.JPG,M1,M,S4,Meneifi,3_Pre-Khalal,train
M1.S4.B.78.JPG,M1,M,S4,Meneifi,3_Pre-Khalal,train
M1.S4.B.79.JPG,M1,M,S4,Meneifi,3_Pre-Khalal,train
M1.S4.B.8.JPG,M1,M,S4,Meneifi,4_Khalal,train
M1.S4.B.80.JPG,M1,M,S4,Meneifi,3_Pre-Khalal,train
M1.S4.B.81.JPG,M1,M,S4,Meneifi,3_Pre-Khalal,train
M1.S4.B.82.JPG,M1,M,S4,Meneifi,3_Pre-Khalal,train
M1.S4.B.83.JPG,M1,M,S4,Meneifi,3_Pre-Khalal,train
M1.S4.B.84.JPG,M1,M,S4,Meneifi,3_Pre-Khalal,train
M1.S4.B.85.JPG,M1,M,S4,Meneifi,3_Pre-Khalal,train
M1.S4.B.86.JPG,M1,M,S4,Meneifi,4_Khalal,train
M1.S4.B.87.JPG,M1,M,S4,Meneifi,4_Khalal,train
M1.S4.B.88.JPG,M1,M,S4,Meneifi,3_Pre-Khalal,train
M1.S4.B.89.JPG,M1,M,S4,Meneifi,3_Pre-Khalal,train
M1.S4.B.9.JPG,M1,M,S4,Meneifi,3_Pre-Khalal,train
M1.S4.B.90.JPG,M1,M,S4,Meneifi,3_Pre-Khalal,train
M1.S5.B.1.JPG,M1,M,S5,Meneifi,5_KhalalwithRutab,train
M1.S5.B.10.JPG,M1,M,S5,Meneifi,5_KhalalwithRutab,train
M1.S5.B.11.JPG,M1,M,S5,Meneifi,5_KhalalwithRutab,train
M1.S5.B.12.JPG,M1,M,S5,Meneifi,5_KhalalwithRutab,train
M1.S5.B.13.JPG,M1,M,S5,Meneifi,5_KhalalwithRutab,train
M1.S5.B.14.JPG,M1,M,S5,Meneifi,5_KhalalwithRutab,train
M1.S5.B.15.JPG,M1,M,S5,Meneifi,5_KhalalwithRutab,train
M1.S5.B.16.JPG,M1,M,S5,Meneifi,5_KhalalwithRutab,train
M1.S5.B.17.JPG,M1,M,S5,Meneifi,5_KhalalwithRutab,train
M1.S5.B.18.JPG,M1,M,S5,Meneifi,5_KhalalwithRutab,train
M1.S5.B.19.JPG,M1,M,S5,Meneifi,5_KhalalwithRutab,train
M1.S5.B.2.JPG,M1,M,S5,Meneifi,5_KhalalwithRutab,train
M1.S5.B.20.JPG,M1,M,S5,Meneifi,5_KhalalwithRutab,train
M1.S5.B.21.JPG,M1,M,S5,Meneifi,5_KhalalwithRutab,train
M1.S5.B.22.JPG,M1,M,S5,Meneifi,5_KhalalwithRutab,train
M1.S5.B.23.JPG,M1,M,S5,Meneifi,5_KhalalwithRutab,train
M1.S5.B.24.JPG,M1,M,S5,Meneifi,5_KhalalwithRutab,train
M1.S5.B.25.JPG,M1,M,S5,Meneifi,5_KhalalwithRutab,train
M1.S5.B.26.JPG,M1,M,S5,Meneifi,5_KhalalwithRutab,train
M1.S5.B.27.JPG,M1,M,S5,Meneifi,5_KhalalwithRutab,train
M1.S5.B.28.JPG,M1,M,S5,Meneifi,5_KhalalwithRutab,train
M1.S5.B.29.JPG,M1,M,S5,Meneifi,5_KhalalwithRutab,train
M1.S5.B.3.JPG,M1,M,S5,Meneifi,5_KhalalwithRutab,train
M1.S5.B.30.JPG,M1,M,S5,Meneifi,5_KhalalwithRutab,train
M1.S5.B.31.JPG,M1,M,S5,Meneifi,5_KhalalwithRutab,train
M1.S5.B.32.JPG,M1,M,S5,Meneifi,5_KhalalwithRutab,train
M1.S5.B.33.JPG,M1,M,S5,Meneifi,5_KhalalwithRutab,train
M1.S5.B.34.JPG,M1,M,S5,Meneifi,5_KhalalwithRutab,train
M1.S5.B.35.JPG,M1,M,S5,Meneifi,5_KhalalwithRutab,train
M1.S5.B.4.JPG,M1,M,S5,Meneifi,5_KhalalwithRutab,train
M1.S5.B.5.JPG,M1,M,S5,Meneifi,5_KhalalwithRutab,train
M1.S5.B.6.JPG,M1,M,S5,Meneifi,5_KhalalwithRutab,train
M1.S5.B.7.JPG,M1,M,S5,Meneifi,5_KhalalwithRutab,train
M1.S5.B.8.JPG,M1,M,S5,Meneifi,5_KhalalwithRutab,train
M1.S5.B.9.JPG,M1,M,S5,Meneifi,5_KhalalwithRutab,train
M1.S6.B.1.JPG,M1,M,S6,,,train
M2.S1.B.1.JPG,M2,M,S1,Meneifi,1_Immature-1,train
M2.S1.B.10.JPG,M2,M,S1,Meneifi,1_Immature-1,train
M2.S1.B.11.JPG,M2,M,S1,Meneifi,1_Immature-1,train
M2.S1.B.12.JPG,M2,M,S1,Meneifi,1_Immature-1,train
M2.S1.B.13.JPG,M2,M,S1,Meneifi,1_Immature-1,train
M2.S1.B.14.JPG,M2,M,S1,Meneifi,1_Immature-1,train
M2.S1.B.15.JPG,M2,M,S1,Meneifi,1_Immature-1,train
M2.S1.B.16.JPG,M2,M,S1,Meneifi,1_Immature-1,train
M2.S1.B.17.JPG,M2,M,S1,Meneifi,1_Immature-1,train
M2.S1.B.18.JPG,M2,M,S1,Meneifi,1_Immature-1,train
M2.S1.B.19.JPG,M2,M,S1,Meneifi,1_Immature-1,train
M2.S1.B.2.JPG,M2,M,S1,Meneifi,1_Immature-1,train
M2.S1.B.20.JPG,M2,M,S1,Meneifi,1_Immature-1,train
M2.S1.B.21.JPG,M2,M,S1,Meneifi,1_Immature-1,train
M2.S1.B.22.JPG,M2,M,S1,Meneifi,1_Immature-1,train
M2.S1.B.23.JPG,M2,M,S1,Meneifi,1_Immature-1,train
M2.S1.B.24.JPG,M2,M,S1,Meneifi,1_Immature-1,train
M2.S1.B.25.JPG,M2,M,S1,Meneifi,1_Immature-1,train
M2.S1.B.26.JPG,M2,M,S1,Meneifi,1_Immature-1,train
M2.S1.B.27.JPG,M2,M,S1,Meneifi,1_Immature-1,train
M2.S1.B.28.JPG,M2,M,S1,Meneifi,1_Immature-1,train
M2.S1.B.29.JPG,M2,M,S1,Meneifi,1_Immature-1,train
M2.S1.B.3.JPG,M2,M,S1,Meneifi,1_Immature-1,train
M2.S1.B.30.JPG,M2,M,S1,Meneifi,1_Immature-1,train
M2.S1.B.31.JPG,M2,M,S1,Meneifi,1_Immature-1,train
M2.S1.B.4.JPG,M2,M,S1,Meneifi,1_Immature-1,train
M2.S1.B.5.JPG,M2,M,S1,Meneifi,1_Immature-1,train
M2.S1.B.6.JPG,M2,M,S1,Meneifi,1_Immature-1,train
M2.S1.B.7.JPG,M2,M,S1,Meneifi,1_Immature-1,train
M2.S1.B.8.JPG,M2,M,S1,Meneifi,1_Immature-1,train
M2.S1.B.9.JPG,M2,M,S1,Meneifi,1_Immature-1,train
M2.S2.B.1.JPG,M2,M,S2,Meneifi,1_Immature-1,train
M2.S2.B.10.JPG,M2,M,S2,Meneifi,1_Immature-1,train
M2.S2.B.11.JPG,M2,M,S2,Meneifi,1_Immature-1,train
M2.S2.B.12.JPG,M2,M,S2,Meneifi,1_Immature-1,train
M2.S2.B.13.JPG,M2,M,S2,Meneifi,1_Immature-1,train
M2.S2.B.14.JPG,M2,M,S2,Meneifi,1_Immature-1,train
M2.S2.B.15.JPG,M2,M,S2,Meneifi,1_Immature-1,train
M2.S2.B.16.JPG,M2,M,S2,Meneifi,1_Immature-1,train
M2.S2.B.17.JPG,M2,M,S2,Meneifi,1_Immature-1,train
M2.S2.B.18.JPG,M2,M,S2,Meneifi,1_Immature-1,train
M2.S2.B.19.JPG,M2,M,S2,Meneifi,1_Immature-1,train
M2.S2.B.2.JPG,M2,M,S2,Meneifi,1_Immature-1,train
M2.S2.B.20.JPG,M2,M,S2,Meneifi,1_Immature-1,train
M2.S2.B.21.JPG,M2,M,S2,Meneifi,1_Immature-1,train
M2.S2.B.22.JPG,M2,M,S2,Meneifi,1_Immature-1,train
M2.S2.B.23.JPG,M2,M,S2,Meneifi,1_Immature-1,train
M2.S2.B.24.JPG,M2,M,S2,Meneifi,1_Immature-1,train
M2.S2.B.25.JPG,M2,M,S2,Meneifi,1_Immature-1,train
M2.S2.B.26.JPG,M2,M,S2,Meneifi,1_Immature-1,train
M2.S2.B.27.JPG,M2,M,S2,Meneifi,1_Immature-1,train
M2.S2.B.28.JPG,M2,M,S2,Meneifi,1_Immature-1,train
M2.S2.B.29.JPG,M2,M,S2,Meneifi,1_Immature-1,train
M2.S2.B.3.JPG,M2,M,S2,Meneifi,1_Immature-1,train
M2.S2.B.30.JPG,M2,M,S2,Meneifi,1_Immature-1,train
M2.S2.B.31.JPG,M2,M,S2,Meneifi,1_Immature-1,train
M2.S2.B.32.JPG,M2,M,S2,Meneifi,1_Immature-1,train
M2.S2.B.33.JPG,M2,M,S2,Meneifi,1_Immature-1,train
M2.S2.B.34.JPG,M2,M,S2,Meneifi,1_Immature-1,train
M2.S2.B.4.JPG,M2,M,S2,Meneifi,1_Immature-1,train
M2.S2.B.5.JPG,M2,M,S2,Meneifi,1_Immature-1,train
M2.S2.B.6.JPG,M2,M,S2,Meneifi,1_Immature-1,train
M2.S2.B.7.JPG,M2,M,S2,Meneifi,1_Immature-1,train
M2.S2.B.8.JPG,M2,M,S2,Meneifi,1_Immature-1,train
M2.S2.B.9.JPG,M2,M,S2,Meneifi,1_Immature-1,train
M2.S3.B.1.JPG,M2,M,S3,Meneifi,2_Immature-2,train
M2.S3.B.10.JPG,M2,M,S3,Meneifi,2_Immature-2,train
M2.S3.B.11.JPG,M2,M,S3,Meneifi,2_Immature-2,train
M2.S3.B.12.JPG,M2,M,S3,Meneifi,2_Immature-2,train
M2.S3.B.13.JPG,M2,M,S3,Meneifi,2_Immature-2,train
M2.S3.B.14.JPG,M2,M,S3,Meneifi,2_Immature-2,train
M2.S3.B.15.JPG,M2,M,S3,Meneifi,,train
M2.S3.B.16.JPG,M2,M,S3,Meneifi,,train
M2.S3.B.17.JPG,M2,M,S3,Meneifi,2_Immature-2,train
M2.S3.B.18.JPG,M2,M,S3,Meneifi,2_Immature-2,train
M2.S3.B.19.JPG,M2,M,S3,Meneifi,,train
M2.S3.B.2.JPG,M2,M,S3,Meneifi,2_Immature-2,train
M2.S3.B.20.JPG,M2,M,S3,Meneifi,,train
M2.S3.B.21.JPG,M2,M,S3,Meneifi,,train
M2.S3.B.22.JPG,M2,M,S3,Meneifi,,train
M2.S3.B.23.JPG,M2,M,S3,Meneifi,2_Immature-2,train
M2.S3.B.24.JPG,M2,M,S3,Meneifi,2_Immature-2,train
M2.S3.B.25.JPG,M2,M,S3,Meneifi,2_Immature-2,train
M2.S3.B.26.JPG,M2,M,S3,Meneifi,2_Immature-2,train
M2.S3.B.27.JPG,M2,M,S3,Meneifi,,train
M2.S3.B.28.JPG,M2,M,S3,Meneifi,2_Immature-2,train
M2.S3.B.29.JPG,M2,M,S3,Meneifi,2_Immature-2,train
M2.S3.B.3.JPG,M2,M,S3,Meneifi,2_Immature-2,train
M2.S3.B.30.JPG,M2,M,S3,Meneifi,2_Immature-2,train
M2.S3.B.31.JPG,M2,M,S3,Meneifi,2_Immature-2,train
M2.S3.B.32.JPG,M2,M,S3,Meneifi,2_Immature-2,train
M2.S3.B.33.JPG,M2,M,S3,Meneifi,2_Immature-2,train
M2.S3.B.34.JPG,M2,M,S3,Meneifi,2_Immature-2,train
M2.S3.B.35.JPG,M2,M,S3,Meneifi,2_Immature-2,train
M2.S3.B.36.JPG,M2,M,S3,Meneifi,2_Immature-2,train
M2.S3.B.37.JPG,M2,M,S3,Meneifi,2_Immature-2,train
M2.S3.B.38.JPG,M2,M,S3,Meneifi,2_Immature-2,train
M2.S3.B.39.JPG,M2,M,S3,Meneifi,2_Immature-2,train
M2.S3.B.4.JPG,M2,M,S3,Meneifi,2_Immature-2,train
M2.S3.B.40.JPG,M2,M,S3,Meneifi,2_Immature-2,train
M2.S3.B.41.JPG,M2,M,S3,Meneifi,2_Immature-2,train
M2.S3.B.42.JPG,M2,M,S3,Meneifi,2_Immature-2,train
M2.S3.B.43.JPG,M2,M,S3,Meneifi,2_Immature-2,train
M2.S3.B.44.JPG,M2,M,S3,Meneifi,2_Immature-2,train
M2.S3.B.45.JPG,M2,M,S3,Meneifi,2_Immature-2,train
M2.S3.B.46.JPG,M2,M,S3,Meneifi,2_Immature-2,train
M2.S3.B.47.JPG,M2,M,S3,Meneifi,2_Immature-2,train
M2.S3.B.48.JPG,M2,M,S3,Meneifi,2_Immature-2,train
M2.S3.B.49.JPG,M2,M,S3,Meneifi,2_Immature-2,train
M2.S3.B.5.JPG,M2,M,S3,Meneifi,2_Immature-2,train
M2.S3.B.50.JPG,M2,M,S3,Meneifi,2_Immature-2,train
M2.S3.B.51.JPG,M2,M,S3,Meneifi,2_Immature-2,train
M2.S3.B.52.JPG,M2,M,S3,Meneifi,2_Immature-2,train
M2.S3.B.53.JPG,M2,M,S3,Meneifi,2_Immature-2,train
M2.S3.B.54.JPG,M2,M,S3,Meneifi,2_Immature-2,train
M2.S3.B.6.JPG,M2,M,S3,Meneifi,2_Immature-2,train
M2.S3.B.7.JPG,M2,M,S3,Meneifi,2_Immature-2,train
M2.S3.B.8.JPG,M2,M,S3,Meneifi,2_Immature-2,train
M2.S3.B.9.JPG,M2,M,S3,Meneifi,2_Immature-2,train
M2.S4.B.1.JPG,M2,M,S4,Meneifi,,train
M2.S4.B.10.JPG,M2,M,S4,Meneifi,,train
M2.S4.B.11.JPG,M2,M,S4,Meneifi,,train
M2.S4.B.12.JPG,M2,M,S4,Meneifi,,train
M2.S4.B.13.JPG,M2,M,S4,Meneifi,,train
M2.S4.B.14.JPG,M2,M,S4,Meneifi,,train
M2.S4.B.15.JPG,M2,M,S4,Meneifi,,train
M2.S4.B.16.JPG,M2,M,S4,Meneifi,,train
M2.S4.B.17.JPG,M2,M,S4,Meneifi,,train
M2.S4.B.18.JPG,M2,M,S4,Meneifi,,train
M2.S4.B.19.JPG,M2,M,S4,Meneifi,,train
M2.S4.B.2.JPG,M2,M,S4,Meneifi,3_Pre-Khalal,train
M2.S4.B.20.JPG,M2,M,S4,Meneifi,,train
M2.S4.B.21.JPG,M2,M,S4,Meneifi,,train
M2.S4.B.22.JPG,M2,M,S4,Meneifi,,train
M2.S4.B.23.JPG,M2,M,S4,Meneifi,,train
M2.S4.B.24.JPG,M2,M,S4,Meneifi,,train
M2.S4.B.25.JPG,M2,M,S4,Meneifi,2_Immature-2,train
M2.S4.B.26.JPG,M2,M,S4,Meneifi,,train
M2.S4.B.27.JPG,M2,M,S4,Meneifi,,train
M2.S4.B.28.JPG,M2,M,S4,Meneifi,,train
M2.S4.B.29.JPG,M2,M,S4,Meneifi,2_Immature-2,train
M2.S4.B.3.JPG,M2,M,S4,Meneifi,,train
M2.S4.B.30.JPG,M2,M,S4,Meneifi,,train
M2.S4.B.31.JPG,M2,M,S4,Meneifi,2_Immature-2,train
M2.S4.B.32.JPG,M2,M,S4,Meneifi,,train
M2.S4.B.33.JPG,M2,M,S4,Meneifi,2_Immature-2,train
M2.S4.B.34.JPG,M2,M,S4,Meneifi,2_Immature-2,train
M2.S4.B.35.JPG,M2,M,S4,Meneifi,2_Immature-2,train
M2.S4.B.36.JPG,M2,M,S4,Meneifi,,train
M2.S4.B.37.JPG,M2,M,S4,Meneifi,,train
M2.S4.B.38.JPG,M2,M,S4,Meneifi,,train
M2.S4.B.39.JPG,M2,M,S4,Meneifi,,train
M2.S4.B.4.JPG,M2,M,S4,Meneifi,2_Immature-2,train
M2.S4.B.40.JPG,M2,M,S4,Meneifi,,train
M2.S4.B.41.JPG,M2,M,S4,Meneifi,,train
M2.S4.B.42.JPG,M2,M,S4,Meneifi,,train
M2.S4.B.43.JPG,M2,M,S4,Meneifi,3_Pre-Khalal,train
M2.S4.B.44.JPG,M2,M,S4,Meneifi,3_Pre-Khalal,train
M2.S4.B.45.JPG,M2,M,S4,Meneifi,,train
M2.S4.B.46.JPG,M2,M,S4,Meneifi,,train
M2.S4.B.47.JPG,M2,M,S4,Meneifi,2_Immature-2,train
M2.S4.B.48.JPG,M2,M,S4,Meneifi,2_Immature-2,train
M2.S4.B.49.JPG,M2,M,S4,Meneifi,,train
M2.S4.B.5.JPG,M2,M,S4,Meneifi,2_Immature-2,train
M2.S4.B.50.JPG,M2,M,S4,Meneifi,,train
M2.S4.B.51.JPG,M2,M,S4,Meneifi,,train
M2.S4.B.52.JPG,M2,M,S4,Meneifi,,train
M2.S4.B.53.JPG,M2,M,S4,Meneifi,,train
M2.S4.B.54.JPG,M2,M,S4,Meneifi,,train
M2.S4.B.55.JPG,M2,M,S4,Meneifi,3_Pre-Khalal,train
M2.S4.B.56.JPG,M2,M,S4,Meneifi,3_Pre-Khalal,train
M2.S4.B.57.JPG,M2,M,S4,Meneifi,3_Pre-Khalal,train
M2.S4.B.58.JPG,M2,M,S4,Meneifi,,train
M2.S4.B.59.JPG,M2,M,S4,Meneifi,,train
M2.S4.B.6.JPG,M2,M,S4,Meneifi,,train
M2.S4.B.60.JPG,M2,M,S4,Meneifi,,train
M2.S4.B.61.JPG,M2,M,S4,Meneifi,,train
M2.S4.B.62.JPG,M2,M,S4,Meneifi,,train
M2.S4.B.63.JPG,M2,M,S4,Meneifi,,train
M2.S4.B.64.JPG,M2,M,S4,Meneifi,,train
M2.S4.B.7.JPG,M2,M,S4,Meneifi,,train
M2.S4.B.8.JPG,M2,M,S4,Meneifi,,train
M2.S4.B.9.JPG,M2,M,S4,Meneifi,,train
M2.S5.B.1.JPG,M2,M,S5,Meneifi,5_KhalalwithRutab,train
M2.S5.B.10.JPG,M2,M,S5,Meneifi,5_KhalalwithRutab,train
M2.S5.B.11.JPG,M2,M,S5,Meneifi,5_KhalalwithRutab,train
M2.S5.B.12.JPG,M2,M,S5,Meneifi,5_KhalalwithRutab,train
M2.S5.B.13.JPG,M2,M,S5,Meneifi,5_KhalalwithRutab,train
M2.S5.B.14.JPG,M2,M,S5,Meneifi,5_KhalalwithRutab,train
M2.S5.B.15.JPG,M2,M,S5,Meneifi,5_KhalalwithRutab,train
M2.S5.B.16.JPG,M2,M,S5,Meneifi,5_KhalalwithRutab,train
M2.S5.B.17.JPG,M2,M,S5,Meneifi,5_KhalalwithRutab,train
M2.S5.B.18.JPG,M2,M,S5,Meneifi,5_KhalalwithRutab,train
M2.S5.B.19.JPG,M2,M,S5,Meneifi,5_KhalalwithRutab,train
M2.S5.B.2.JPG,M2,M,S5,Meneifi,5_KhalalwithRutab,train
M2.S5.B.20.JPG,M2,M,S5,Meneifi,5_KhalalwithRutab,train
M2.S5.B.21.JPG,M2,M,S5,Meneifi,5_KhalalwithRutab,train
M2.S5.B.22.JPG,M2,M,S5,Meneifi,5_KhalalwithRutab,train
M2.S5.B.23.JPG,M2,M,S5,Meneifi,5_KhalalwithRutab,train
M2.S5.B.24.JPG,M2,M,S5,Meneifi,5_KhalalwithRutab,train
M2.S5.B.25.JPG,M2,M,S5,Meneifi,5_KhalalwithRutab,train
M2.S5.B.26.JPG,M2,M,S5,Meneifi,5_KhalalwithRutab,train
M2.S5.B.27.JPG,M2,M,S5,Meneifi,5_KhalalwithRutab,train
M2.S5.B.28.JPG,M2,M,S5,Meneifi,5_KhalalwithRutab,train
M2.S5.B.29.JPG,M2,M,S5,Meneifi,5_KhalalwithRutab,train
M2.S5.B.3.JPG,M2,M,S5,Meneifi,5_KhalalwithRutab,train
M2.S5.B.30.JPG,M2,M,S5,Meneifi,5_KhalalwithRutab,train
M2.S5.B.31.JPG,M2,M,S5,Meneifi,5_KhalalwithRutab,train
M2.S5.B.32.JPG,M2,M,S5,Meneifi,5_KhalalwithRutab,train
M2.S5.B.4.JPG,M2,M,S5,Meneifi,5_KhalalwithRutab,train
M2.S5.B.5.JPG,M2,M,S5,Meneifi,5_KhalalwithRutab,train
M2.S5.B.6.JPG,M2,M,S5,Meneifi,5_KhalalwithRutab,train
M2.S5.B.7.JPG,M2,M,S5,Meneifi,5_KhalalwithRutab,train
M2.S5.B.8.JPG,M2,M,S5,Meneifi,5_KhalalwithRutab,train
M2.S5.B.9.JPG,M2,M,S5,Meneifi,5_KhalalwithRutab,train
M2.S6.B.1.JPG,M2,M,S6,,,train
M3.S1.B.1.JPG,M3,M,S1,Meneifi,1_Immature-1,test
M3.S1.B.10.JPG,M3,M,S1,Meneifi,1_Immature-1,test
M3.S1.B.11.JPG,M3,M,S1,Meneifi,1_Immature-1,test
M3.S1.B.12.JPG,M3,M,S1,Meneifi,1_Immature-1,test
M3.S1.B.13.JPG,M3,M,S1,Meneifi,1_Immature-1,test
M3.S1.B.14.JPG,M3,M,S1,Meneifi,1_Immature-1,test
M3.S1.B.15.JPG,M3,M,S1,Meneifi,1_Immature-1,test
M3.S1.B.16.JPG,M3,M,S1,Meneifi,1_Immature-1,test
M3.S1.B.17.JPG,M3,M,S1,Meneifi,1_Immature-1,test
M3.S1.B.18.JPG,M3,M,S1,Meneifi,1_Immature-1,test
M3.S1.B.19.JPG,M3,M,S1,Meneifi,1_Immature-1,test
M3.S1.B.2.JPG,M3,M,S1,Meneifi,1_Immature-1,test
M3.S1.B.20.JPG,M3,M,S1,Meneifi,1_Immature-1,test
M3.S1.B.21.JPG,M3,M,S1,Meneifi,1_Immature-1,test
M3.S1.B.22.JPG,M3,M,S1,Meneifi,1_Immature-1,test
M3.S1.B.23.JPG,M3,M,S1,Meneifi,1_Immature-1,test
M3.S1.B.24.JPG,M3,M,S1,Meneifi,1_Immature-1,test
M3.S1.B.25.JPG,M3,M,S1,Meneifi,1_Immature-1,test
M3.S1.B.26.JPG,M3,M,S1,Meneifi,1_Immature-1,test
M3.S1.B.27.JPG,M3,M,S1,Meneifi,1_Immature-1,test
M3.S1.B.28.JPG,M3,M,S1,Meneifi,1_Immature-1,test
M3.S1.B.29.JPG,M3,M,S1,Meneifi,1_Immature-1,test
M3.S1.B.3.JPG,M3,M,S1,Meneifi,1_Immature-1,test
M3.S1.B.30.JPG,M3,M,S1,Meneifi,1_Immature-1,test
M3.S1.B.31.JPG,M3,M,S1,Meneifi,1_Immature-1,test
M3.S1.B.4.JPG,M3,M,S1,Meneifi,1_Immature-1,test
M3.S1.B.5.JPG,M3,M,S1,Meneifi,1_Immature-1,test
M3.S1.B.6.JPG,M3,M,S1,Meneifi,1_Immature-1,test
M3.S1.B.7.JPG,M3,M,S1,Meneifi,1_Immature-1,test
M3.S1.B.8.JPG,M3,M,S1,Meneifi,1_Immature-1,test
M3.S1.B.9.JPG,M3,M,S1,Meneifi,1_Immature-1,test
M3.S2.B.1.JPG,M3,M,S2,Meneifi,1_Immature-1,test
M3.S2.B.10.JPG,M3,M,S2,Meneifi,1_Immature-1,test
M3.S2.B.11.JPG,M3,M,S2,Meneifi,1_Immature-1,test
M3.S2.B.12.JPG,M3,M,S2,Meneifi,1_Immature-1,test
M3.S2.B.13.JPG,M3,M,S2,Meneifi,1_Immature-1,test
M3.S2.B.14.JPG,M3,M,S2,Meneifi,1_Immature-1,test
M3.S2.B.15.JPG,M3,M,S2,Meneifi,1_Immature-1,test
M3.S2.B.16.JPG,M3,M,S2,Meneifi,1_Immature-1,test
M3.S2.B.17.JPG,M3,M,S2,Meneifi,1_Immature-1,test
M3.S2.B.18.JPG,M3,M,S2,Meneifi,1_Immature-1,test
M3.S2.B.19.JPG,M3,M,S2,Meneifi,1_Immature-1,test
M3.S2.B.2.JPG,M3,M,S2,Meneifi,1_Immature-1,test
M3.S2.B.20.JPG,M3,M,S2,Meneifi,1_Immature-1,test
M3.S2.B.21.JPG,M3,M,S2,Meneifi,1_Immature-1,test
M3.S2.B.22.JPG,M3,M,S2,Meneifi,1_Immature-1,test
M3.S2.B.23.JPG,M3,M,S2,Meneifi,1_Immature-1,test
M3.S2.B.24.JPG,M3,M,S2,Meneifi,1_Immature-1,test
M3.S2.B.25.JPG,M3,M,S2,Meneifi,2_Immature-2,test
M3.S2.B.26.JPG,M3,M,S2,Meneifi,2_Immature-2,test
M3.S2.B.27.JPG,M3,M,S2,Meneifi,2_Immature-2,test
M3.S2.B.28.JPG,M3,M,S2,Meneifi,1_Immature-1,test
M3.S2.B.29.JPG,M3,M,S2,Meneifi,1_Immature-1,test
M3.S2.B.3.JPG,M3,M,S2,Meneifi,1_Immature-1,test
M3.S2.B.30.JPG,M3,M,S2,Meneifi,1_Immature-1,test
M3.S2.B.31.JPG,M3,M,S2,Meneifi,1_Immature-1,test
M3.S2.B.32.JPG,M3,M,S2,Meneifi,1_Immature-1,test
M3.S2.B.33.JPG,M3,M,S2,Meneifi,1_Immature-1,test
M3.S2.B.34.JPG,M3,M,S2,Meneifi,1_Immature-1,test
M3.S2.B.35.JPG,M3,M,S2,Meneifi,1_Immature-1,test
M3.S2.B.36.JPG,M3,M,S2,Meneifi,1_Immature-1,test
M3.S2.B.4.JPG,M3,M,S2,Meneifi,1_Immature-1,test
M3.S2.B.5.JPG,M3,M,S2,Meneifi,1_Immature-1,test
M3.S2.B.6.JPG,M3,M,S2,Meneifi,1_Immature-1,test
M3.S2.B.7.JPG,M3,M,S2,Meneifi,1_Immature-1,test
M3.S2.B.8.JPG,M3,M,S2,Meneifi,1_Immature-1,test
M3.S2.B.9.JPG,M3,M,S2,Meneifi,1_Immature-1,test
M3.S3.B.1.JPG,M3,M,S3,Meneifi,,test
M3.S3.B.10.JPG,M3,M,S3,Meneifi,,test
M3.S3.B.11.JPG,M3,M,S3,Meneifi,,test
M3.S3.B.12.JPG,M3,M,S3,Meneifi,3_Pre-Khalal,test
M3.S3.B.13.JPG,M3,M,S3,Meneifi,3_Pre-Khalal,test
M3.S3.B.14.JPG,M3,M,S3,Meneifi,,test
M3.S3.B.15.JPG,M3,M,S3,Meneifi,2_Immature-2,test
M3.S3.B.16.JPG,M3,M,S3,Meneifi,2_Immature-2,test
M3.S3.B.17.JPG,M3,M,S3,Meneifi,2_Immature-2,test
M3.S3.B.18.JPG,M3,M,S3,Meneifi,2_Immature-2,test
M3.S3.B.19.JPG,M3,M,S3,Meneifi,3_Pre-Khalal,test
M3.S3.B.2.JPG,M3,M,S3,Meneifi,4_Khalal,test
M3.S3.B.20.JPG,M3,M,S3,Meneifi,3_Pre-Khalal,test
M3.S3.B.21.JPG,M3,M,S3,Meneifi,3_Pre-Khalal,test
M3.S3.B.22.JPG,M3,M,S3,Meneifi,3_Pre-Khalal,test
M3.S3.B.23.JPG,M3,M,S3,Meneifi,2_Immature-2,test
M3.S3.B.24.JPG,M3,M,S3,Meneifi,2_Immature-2,test
M3.S3.B.25.JPG,M3,M,S3,Meneifi,,test
M3.S3.B.26.JPG,M3,M,S3,Meneifi,,test
M3.S3.B.27.JPG,M3,M,S3,Meneifi,,test
M3.S3.B.28.JPG,M3,M,S3,Meneifi,2_Immature-2,test
M3.S3.B.29.JPG,M3,M,S3,Meneifi,2_Immature-2,test
M3.S3.B.3.JPG,M3,M,S3,Meneifi,3_Pre-Khalal,test
M3.S3.B.30.JPG,M3,M,S3,Meneifi,2_Immature-2,test
M3.S3.B.31.JPG,M3,M,S3,Meneifi,2_Immature-2,test
M3.S3.B.32.JPG,M3,M,S3,Meneifi,2_Immature-2,test
M3.S3.B.33.JPG,M3,M,S3,Meneifi,2_Immature-2,test
M3.S3.B.34.JPG,M3,M,S3,Meneifi,2_Immature-2,test
M3.S3.B.35.JPG,M3,M,S3,Meneifi,2_Immature-2,test
M3.S3.B.36.JPG,M3,M,S3,Meneifi,2_Immature-2,test
M3.S3.B.37.JPG,M3,M,S3,Meneifi,2_Immature-2,test
M3.S3.B.38.JPG,M3,M,S3,Meneifi,2_Immature-2,test
M3.S3.B.39.JPG,M3,M,S3,Meneifi,2_Immature-2,test
M3.S3.B.4.JPG,M3,M,S3,Meneifi,2_Immature-2,test
M3.S3.B.40.JPG,M3,M,S3,Meneifi,2_Immature-2,test
M3.S3.B.41.JPG,M3,M,S3,Meneifi,2_Immature-2,test
M3.S3.B.42.JPG,M3,M,S3,Meneifi,2_Immature-2,test
M3.S3.B.43.JPG,M3,M,S3,Meneifi,2_Immature-2,test
M3.S3.B.44.JPG,M3,M,S3,Meneifi,2_Immature-2,test
M3.S3.B.45.JPG,M3,M,S3,Meneifi,2_Immature-2,test
M3.S3.B.46.JPG,M3,M,S3,Meneifi,2_Immature-2,test
M3.S3.B.47.JPG,M3,M,S3,Meneifi,2_Immature-2,test
M3.S3.B.48.JPG,M3,M,S3,Meneifi,2_Immature-2,test
M3.S3.B.49.JPG,M3,M,S3,Meneifi,2_Immature-2,test
M3.S3.B.5.JPG,M3,M,S3,Meneifi,2_Immature-2,test
M3.S3.B.50.JPG,M3,M,S3,Meneifi,2_Immature-2,test
M3.S3.B.51.JPG,M3,M,S3,Meneifi,2_Immature-2,test
M3.S3.B.52.JPG,M3,M,S3,Meneifi,2_Immature-2,test
M3.S3.B.53.JPG,M3,M,S3,Meneifi,2_Immature-2,test
M3.S3.B.54.JPG,M3,M,S3,Meneifi,2_Immature-2,test
M3.S3.B.55.JPG,M3,M,S3,Meneifi,2_Immature-2,test
M3.S3.B.56.JPG,M3,M,S3,Meneifi,2_Immature-2,test
M3.S3.B.57.JPG,M3,M,S3,Meneifi,2_Immature-2,test
M3.S3.B.6.JPG,M3,M,S3,Meneifi,2_Immature-2,test
M3.S3.B.7.JPG,M3,M,S3,Meneifi,,test
M3.S3.B.8.JPG,M3,M,S3,Meneifi,,test
M3.S3.B.9.JPG,M3,M,S3,Meneifi,,test
M3.S4.B.1.JPG,M3,M,S4,Meneifi,,test
M3.S4.B.10.JPG,M3,M,S4,Meneifi,,test
M3.S4.B.11.JPG,M3,M,S4,Meneifi,,test
M3.S4.B.12.JPG,M3,M,S4,Meneifi,,test
M3.S4.B.13.JPG,M3,M,S4,Meneifi,,test
M3.S4.B.14.JPG,M3,M,S4,Meneifi,,test
M3.S4.B.15.JPG,M3,M,S4,Meneifi,,test
M3.S4.B.16.JPG,M3,M,S4,Meneifi,,test
M3.S4.B.17.JPG,M3,M,S4,Meneifi,,test
M3.S4.B.18.JPG,M3,M,S4,Meneifi,,test
M3.S4.B.19.JPG,M3,M,S4,Meneifi,,test
M3.S4.B.2.JPG,M3,M,S4,Meneifi,,test
M3.S4.B.20.JPG,M3,M,S4,Meneifi,,test
M3.S4.B.21.JPG,M3,M,S4,Meneifi,,test
M3.S4.B.22.JPG,M3,M,S4,Meneifi,,test
M3.S4.B.23.JPG,M3,M,S4,Meneifi,,test
M3.S4.B.24.JPG,M3,M,S4,Meneifi,,test
M3.S4.B.25.JPG,M3,M,S4,Meneifi,,test
M3.S4.B.26.JPG,M3,M,S4,Meneifi,,test
M3.S4.B.27.JPG,M3,M,S4,Meneifi,,test
M3.S4.B.28.JPG,M3,M,S4,Meneifi,,test
M3.S4.B.29.JPG,M3,M,S4,Meneifi,,test
M3.S4.B.3.JPG,M3,M,S4,Meneifi,,test
M3.S4.B.30.JPG,M3,M,S4,Meneifi,,test
M3.S4.B.31.JPG,M3,M,S4,Meneifi,,test
M3.S4.B.32.JPG,M3,M,S4,Meneifi,,test
M3.S4.B.33.JPG,M3,M,S4,Meneifi,,test
M3.S4.B.34.JPG,M3,M,S4,Meneifi,,test
M3.S4.B.35.JPG,M3,M,S4,Meneifi,,test
M3.S4.B.36.JPG,M3,M,S4,Meneifi,,test
M3.S4.B.37.JPG,M3,M,S4,Meneifi,,test
M3.S4.B.38.JPG,M3,M,S4,Meneifi,,test
M3.S4.B.39.JPG,M3,M,S4,Meneifi,,test
M3.S4.B.4.JPG,M3,M,S4,Meneifi,,test
M3.S4.B.40.JPG,M3,M,S4,Meneifi,,test
M3.S4.B.41.JPG,M3,M,S4,Meneifi,,test
M3.S4.B.42.JPG,M3,M,S4,Meneifi,,test
M3.S4.B.43.JPG,M3,M,S4,Meneifi,,test
M3.S4.B.44.JPG,M3,M,S4,Meneifi,,test
M3.S4.B.45.JPG,M3,M,S4,Meneifi,,test
M3.S4.B.46.JPG,M3,M,S4,Meneifi,,test
M3.S4.B.47.JPG,M3,M,S4,Meneifi,,test
M3.S4.B.48.JPG,M3,M,S4,Meneifi,,test
M3.S4.B.49.JPG,M3,M,S4,Meneifi,,test
M3.S4.B.5.JPG,M3,M,S4,Meneifi,,test
M3.S4.B.50.JPG,M3,M,S4,Meneifi,,test
M3.S4.B.51.JPG,M3,M,S4,Meneifi,,test
M3.S4.B.52.JPG,M3,M,S4,Meneifi,,test
M3.S4.B.53.JPG,M3,M,S4,Meneifi,,test
M3.S4.B.54.JPG,M3,M,S4,Meneifi,,test
M3.S4.B.55.JPG,M3,M,S4,Meneifi,,test
M3.S4.B.56.JPG,M3,M,S4,Meneifi,,test
M3.S4.B.57.JPG,M3,M,S4,Meneifi,,test
M3.S4.B.58.JPG,M3,M,S4,Meneifi,,test
M3.S4.B.59.JPG,M3,M,S4,Meneifi,,test
M3.S4.B.6.JPG,M3,M,S4,Meneifi,,test
M3.S4.B.60.JPG,M3,M,S4,Meneifi,,test
M3.S4.B.61.JPG,M3,M,S4,Meneifi,,test
M3.S4.B.62.JPG,M3,M,S4,Meneifi,,test
M3.S4.B.63.JPG,M3,M,S4,Meneifi,,test
M3.S4.B.64.JPG,M3,M,S4,Meneifi,,test
M3.S4.B.65.JPG,M3,M,S4,Meneifi,,test
M3.S4.B.66.JPG,M3,M,S4,Meneifi,,test
M3.S4.B.67.JPG,M3,M,S4,Meneifi,,test
M3.S4.B.68.JPG,M3,M,S4,Meneifi,,test
M3.S4.B.69.JPG,M3,M,S4,Meneifi,,test
M3.S4.B.7.JPG,M3,M,S4,Meneifi,,test
M3.S4.B.70.JPG,M3,M,S4,Meneifi,5_KhalalwithRutab,test
M3.S4.B.71.JPG,M3,M,S4,Meneifi,5_KhalalwithRutab,test
M3.S4.B.72.JPG,M3,M,S4,Meneifi,5_KhalalwithRutab,test
M3.S4.B.73.JPG,M3,M,S4,Meneifi,5_KhalalwithRutab,test
M3.S4.B.74.JPG,M3,M,S4,Meneifi,5_KhalalwithRutab,test
M3.S4.B.75.JPG,M3,M,S4,Meneifi,5_KhalalwithRutab,test
M3.S4.B.76.JPG,M3,M,S4,Meneifi,,test
M3.S4.B.77.JPG,M3,M,S4,Meneifi,,test
M3.S4.B.78.JPG,M3,M,S4,Meneifi,,test
M3.S4.B.79.JPG,M3,M,S4,Meneifi,,test
M3.S4.B.8.JPG,M3,M,S4,Meneifi,,test
M3.S4.B.80.JPG,M3,M,S4,Meneifi,,test
M3.S4.B.9.JPG,M3,M,S4,Meneifi,,test
M3.S5.B.1.JPG,M3,M,S5,Meneifi,5_KhalalwithRutab,test
M3.S5.B.10.JPG,M3,M,S5,Meneifi,5_KhalalwithRutab,test
M3.S5.B.11.JPG,M3,M,S5,Meneifi,5_KhalalwithRutab,test
M3.S5.B.12.JPG,M3,M,S5,Meneifi,5_KhalalwithRutab,test
M3.S5.B.13.JPG,M3,M,S5,Meneifi,5_KhalalwithRutab,test
M3.S5.B.14.JPG,M3,M,S5,Meneifi,5_KhalalwithRutab,test
M3.S5.B.15.JPG,M3,M,S5,Meneifi,5_KhalalwithRutab,test
M3.S5.B.16.JPG,M3,M,S5,Meneifi,5_KhalalwithRutab,test
M3.S5.B.17.JPG,M3,M,S5,Meneifi,5_KhalalwithRutab,test
M3.S5.B.18.JPG,M3,M,S5,Meneifi,5_KhalalwithRutab,test
M3.S5.B.19.JPG,M3,M,S5,Meneifi,5_KhalalwithRutab,test
M3.S5.B.2.JPG,M3,M,S5,Meneifi,5_KhalalwithRutab,test
M3.S5.B.20.JPG,M3,M,S5,Meneifi,5_KhalalwithRutab,test
M3.S5.B.21.JPG,M3,M,S5,Meneifi,5_KhalalwithRutab,test
M3.S5.B.22.JPG,M3,M,S5,Meneifi,5_KhalalwithRutab,test
M3.S5.B.23.JPG,M3,M,S5,Meneifi,5_KhalalwithRutab,test
M3.S5.B.24.JPG,M3,M,S5,Meneifi,5_KhalalwithRutab,test
M3.S5.B.25.JPG,M3,M,S5,Meneifi,5_KhalalwithRutab,test
M3.S5.B.26.JPG,M3,M,S5,Meneifi,5_KhalalwithRutab,test
M3.S5.B.27.JPG,M3,M,S5,Meneifi,5_KhalalwithRutab,test
M3.S5.B.28.JPG,M3,M,S5,Meneifi,5_KhalalwithRutab,test
M3.S5.B.29.JPG,M3,M,S5,Meneifi,5_KhalalwithRutab,test
M3.S5.B.3.JPG,M3,M,S5,Meneifi,5_KhalalwithRutab,test
M3.S5.B.30.JPG,M3,M,S5,Meneifi,5_KhalalwithRutab,test
M3.S5.B.31.JPG,M3,M,S5,Meneifi,5_KhalalwithRutab,test
M3.S5.B.32.JPG,M3,M,S5,Meneifi,5_KhalalwithRutab,test
M3.S5.B.33.JPG,M3,M,S5,Meneifi,5_KhalalwithRutab,test
M3.S5.B.34.JPG,M3,M,S5,Meneifi,5_KhalalwithRutab,test
M3.S5.B.35.JPG,M3,M,S5,Meneifi,5_KhalalwithRutab,test
M3.S5.B.36.JPG,M3,M,S5,Meneifi,5_KhalalwithRutab,test
M3.S5.B.37.JPG,M3,M,S5,Meneifi,5_KhalalwithRutab,test
M3.S5.B.38.JPG,M3,M,S5,Meneifi,5_KhalalwithRutab,test
M3.S5.B.39.JPG,M3,M,S5,Meneifi,5_KhalalwithRutab,test
M3.S5.B.4.JPG,M3,M,S5,Meneifi,5_KhalalwithRutab,test
M3.S5.B.40.JPG,M3,M,S5,Meneifi,5_KhalalwithRutab,test
M3.S5.B.41.JPG,M3,M,S5,Meneifi,5_KhalalwithRutab,test
M3.S5.B.5.JPG,M3,M,S5,Meneifi,5_KhalalwithRutab,test
M3.S5.B.6.JPG,M3,M,S5,Meneifi,5_KhalalwithRutab,test
M3.S5.B.7.JPG,M3,M,S5,Meneifi,5_KhalalwithRutab,test
M3.S5.B.8.JPG,M3,M,S5,Meneifi,5_KhalalwithRutab,test
M3.S5.B.9.JPG,M3,M,S5,Meneifi,5_KhalalwithRutab,test
M3.S6.B.1.JPG,M3,M,S6,,,test
M4.S1.B.1.JPG,M4,M,S1,Meneifi,1_Immature-1,train
M4.S1.B.10.JPG,M4,M,S1,Meneifi,1_Immature-1,train
M4.S1.B.11.JPG,M4,M,S1,Meneifi,1_Immature-1,train
M4.S1.B.12.JPG,M4,M,S1,Meneifi,1_Immature-1,train
M4.S1.B.13.JPG,M4,M,S1,Meneifi,1_Immature-1,train
M4.S1.B.14.JPG,M4,M,S1,Meneifi,1_Immature-1,train
M4.S1.B.15.JPG,M4,M,S1,Meneifi,1_Immature-1,train
M4.S1.B.16.JPG,M4,M,S1,Meneifi,1_Immature-1,train
M4.S1.B.17.JPG,M4,M,S1,Meneifi,1_Immature-1,train
M4.S1.B.18.JPG,M4,M,S1,Meneifi,1_Immature-1,train
M4.S1.B.19.JPG,M4,M,S1,Meneifi,1_Immature-1,train
M4.S1.B.2.JPG,M4,M,S1,Meneifi,1_Immature-1,train
M4.S1.B.20.JPG,M4,M,S1,Meneifi,1_Immature-1,train
M4.S1.B.21.JPG,M4,M,S1,Meneifi,1_Immature-1,train
M4.S1.B.22.JPG,M4,M,S1,Meneifi,1_Immature-1,train
M4.S1.B.23.JPG,M4,M,S1,Meneifi,1_Immature-1,train
M4.S1.B.24.JPG,M4,M,S1,Meneifi,1_Immature-1,train
M4.S1.B.25.JPG,M4,M,S1,Meneifi,1_Immature-1,train
M4.S1.B.26.JPG,M4,M,S1,Meneifi,1_Immature-1,train
M4.S1.B.27.JPG,M4,M,S1,Meneifi,1_Immature-1,train
M4.S1.B.28.JPG,M4,M,S1,Meneifi,1_Immature-1,train
M4.S1.B.29.JPG,M4,M,S1,Meneifi,1_Immature-1,train
M4.S1.B.3.JPG,M4,M,S1,Meneifi,1_Immature-1,train
M4.S1.B.30.JPG,M4,M,S1,Meneifi,1_Immature-1,train
M4.S1.B.31.JPG,M4,M,S1,Meneifi,1_Immature-1,train
M4.S1.B.32.JPG,M4,M,S1,Meneifi,1_Immature-1,train
M4.S1.B.4.JPG,M4,M,S1,Meneifi,1_Immature-1,train
M4.S1.B.5.JPG,M4,M,S1,Meneifi,1_Immature-1,train
M4.S1.B.6.JPG,M4,M,S1,Meneifi,1_Immature-1,train
M4.S1.B.7.JPG,M4,M,S1,Meneifi,1_Immature-1,train
M4.S1.B.8.JPG,M4,M,S1,Meneifi,1_Immature-1,train
M4.S1.B.9.JPG,M4,M,S1,Meneifi,1_Immature-1,train
M4.S2.B.1.JPG,M4,M,S2,Meneifi,1_Immature-1,train
M4.S2.B.10.JPG,M4,M,S2,Meneifi,1_Immature-1,train
M4.S2.B.11.JPG,M4,M,S2,Meneifi,1_Immature-1,train
M4.S2.B.12.JPG,M4,M,S2,Meneifi,1_Immature-1,train
M4.S2.B.13.JPG,M4,M,S2,Meneifi,1_Immature-1,train
M4.S2.B.14.JPG,M4,M,S2,Meneifi,1_Immature-1,train
M4.S2.B.15.JPG,M4,M,S2,Meneifi,1_Immature-1,train
M4.S2.B.16.JPG,M4,M,S2,Meneifi,1_Immature-1,train
M4.S2.B.17.JPG,M4,M,S2,Meneifi,1_Immature-1,train
M4.S2.B.18.JPG,M4,M,S2,Meneifi,1_Immature-1,train
M4.S2.B.19.JPG,M4,M,S2,Meneifi,1_Immature-1,train
M4.S2.B.2.JPG,M4,M,S2,Meneifi,1_Immature-1,train
M4.S2.B.20.JPG,M4,M,S2,Meneifi,1_Immature-1,train
M4.S2.B.21.JPG,M4,M,S2,Meneifi,1_Immature-1,train
M4.S2.B.22.JPG,M4,M,S2,Meneifi,1_Immature-1,train
M4.S2.B.23.JPG,M4,M,S2,Meneifi,1_Immature-1,train
M4.S2.B.24.JPG,M4,M,S2,Meneifi,1_Immature-1,train
M4.S2.B.25.JPG,M4,M,S2,Meneifi,1_Immature-1,train
M4.S2.B.26.JPG,M4,M,S2,Meneifi,1_Immature-1,train
M4.S2.B.27.JPG,M4,M,S2,Meneifi,1_Immature-1,train
M4.S2.B.28.JPG,M4,M,S2,Meneifi,1_Immature-1,train
M4.S2.B.29.JPG,M4,M,S2,Meneifi,1_Immature-1,train
M4.S2.B.3.JPG,M4,M,S2,Meneifi,1_Immature-1,train
M4.S2.B.30.JPG,M4,M,S2,Meneifi,1_Immature-1,train
M4.S2.B.31.JPG,M4,M,S2,Meneifi,1_Immature-1,train
M4.S2.B.32.JPG,M4,M,S2,Meneifi,1_Immature-1,train
M4.S2.B.33.JPG,M4,M,S2,Meneifi,1_Immature-1,train
M4.S2.B.34.JPG,M4,M,S2,Meneifi,1_Immature-1,train
M4.S2.B.35.JPG,M4,M,S2,Meneifi,1_Immature-1,train
M4.S2.B.36.JPG,M4,M,S2,Meneifi,1_Immature-1,train
M4.S2.B.37.JPG,M4,M,S2,Meneifi,1_Immature-1,train
M4.S2.B.38.JPG,M4,M,S2,Meneifi,1_Immature-1,train
M4.S2.B.39.JPG,M4,M,S2,Meneifi,1_Immature-1,train
M4.S2.B.4.JPG,M4,M,S2,Meneifi,1_Immature-1,train
M4.S2.B.40.JPG,M4,M,S2,Meneifi,1_Immature-1,train
M4.S2.B.41.JPG,M4,M,S2,Meneifi,1_Immature-1,train
M4.S2.B.42.JPG,M4,M,S2,Meneifi,1_Immature-1,train
M4.S2.B.43.JPG,M4,M,S2,Meneifi,1_Immature-1,train
M4.S2.B.5.JPG,M4,M,S2,Meneifi,1_Immature-1,train
M4.S2.B.6.JPG,M4,M,S2,Meneifi,1_Immature-1,train
M4.S2.B.7.JPG,M4,M,S2,Meneifi,1_Immature-1,train
M4.S2.B.8.JPG,M4,M,S2,Meneifi,1_Immature-1,train
M4.S2.B.9.JPG,M4,M,S2,Meneifi,1_Immature-1,train
M4.S3.B.1.JPG,M4,M,S3,Meneifi,,train
M4.S3.B.10.JPG,M4,M,S3,Meneifi,4_Khalal,train
M4.S3.B.11.JPG,M4,M,S3,Meneifi,4_Khalal,train
M4.S3.B.12.JPG,M4,M,S3,Meneifi,3_Pre-Khalal,train
M4.S3.B.13.JPG,M4,M,S3,Meneifi,4_Khalal,train
M4.S3.B.14.JPG,M4,M,S3,Meneifi,,train
M4.S3.B.15.JPG,M4,M,S3,Meneifi,,train
M4.S3.B.16.JPG,M4,M,S3,Meneifi,3_Pre-Khalal,train
M4.S3.B.17.JPG,M4,M,S3,Meneifi,3_Pre-Khalal,train
M4.S3.B.18.JPG,M4,M,S3,Meneifi,3_Pre-Khalal,train
M4.S3.B.19.JPG,M4,M,S3,Meneifi,3_Pre-Khalal,train
M4.S3.B.2.JPG,M4,M,S3,Meneifi,3_Pre-Khalal,train
M4.S3.B.20.JPG,M4,M,S3,Meneifi,,train
M4.S3.B.21.JPG,M4,M,S3,Meneifi,,train
M4.S3.B.22.JPG,M4,M,S3,Meneifi,,train
M4.S3.B.23.JPG,M4,M,S3,Meneifi,,train
M4.S3.B.24.JPG,M4,M,S3,Meneifi,,train
M4.S3.B.25.JPG,M4,M,S3,Meneifi,,train
M4.S3.B.26.JPG,M4,M,S3,Meneifi,,train
M4.S3.B.27.JPG,M4,M,S3,Meneifi,,train
M4.S3.B.28.JPG,M4,M,S3,Meneifi,,train
M4.S3.B.29.JPG,M4,M,S3,Meneifi,,train
M4.S3.B.3.JPG,M4,M,S3,Meneifi,,train
M4.S3.B.30.JPG,M4,M,S3,Meneifi,,train
M4.S3.B.31.JPG,M4,M,S3,Meneifi,,train
M4.S3.B.32.JPG,M4,M,S3,Meneifi,,train
M4.S3.B.33.JPG,M4,M,S3,Meneifi,,train
M4.S3.B.34.JPG,M4,M,S3,Meneifi,,train
M4.S3.B.35.JPG,M4,M,S3,Meneifi,,train
M4.S3.B.36.JPG,M4,M,S3,Meneifi,,train
M4.S3.B.37.JPG,M4,M,S3,Meneifi,,train
M4.S3.B.38.JPG,M4,M,S3,Meneifi,,train
M4.S3.B.39.JPG,M4,M,S3,Meneifi,,train
M4.S3.B.4.JPG,M4,M,S3,Meneifi,,train
M4.S3.B.40.JPG,M4,M,S3,Meneifi,,train
M4.S3.B.41.JPG,M4,M,S3,Meneifi,,train
M4.S3.B.42.JPG,M4,M,S3,Meneifi,,train
M4.S3.B.43.JPG,M4,M,S3,Meneifi,,train
M4.S3.B.44.JPG,M4,M,S3,Meneifi,,train
M4.S3.B.45.JPG,M4,M,S3,Meneifi,,train
M4.S3.B.46.JPG,M4,M,S3,Meneifi,,train
M4.S3.B.47.JPG,M4,M,S3,Meneifi,,train
M4.S3.B.48.JPG,M4,M,S3,Meneifi,,train
M4.S3.B.49.JPG,M4,M,S3,Meneifi,,train
M4.S3.B.5.JPG,M4,M,S3,Meneifi,3_Pre-Khalal,train
M4.S3.B.50.JPG,M4,M,S3,Meneifi,,train
M4.S3.B.51.JPG,M4,M,S3,Meneifi,,train
M4.S3.B.52.JPG,M4,M,S3,Meneifi,,train
M4.S3.B.53.JPG,M4,M,S3,Meneifi,,train
M4.S3.B.54.JPG,M4,M,S3,Meneifi,,train
M4.S3.B.55.JPG,M4,M,S3,Meneifi,,train
M4.S3.B.56.JPG,M4,M,S3,Meneifi,,train
M4.S3.B.57.JPG,M4,M,S3,Meneifi,,train
M4.S3.B.58.JPG,M4,M,S3,Meneifi,,train
M4.S3.B.59.JPG,M4,M,S3,Meneifi,,train
M4.S3.B.6.JPG,M4,M,S3,Meneifi,,train
M4.S3.B.60.JPG,M4,M,S3,Meneifi,,train
M4.S3.B.61.JPG,M4,M,S3,Meneifi,,train
M4.S3.B.62.JPG,M4,M,S3,Meneifi,3_Pre-Khalal,train
M4.S3.B.63.JPG,M4,M,S3,Meneifi,,train
M4.S3.B.64.JPG,M4,M,S3,Meneifi,,train
M4.S3.B.65.JPG,M4,M,S3,Meneifi,,train
M4.S3.B.66.JPG,M4,M,S3,Meneifi,,train
M4.S3.B.67.JPG,M4,M,S3,Meneifi,,train
M4.S3.B.7.JPG,M4,M,S3,Meneifi,3_Pre-Khalal,train
M4.S3.B.8.JPG,M4,M,S3,Meneifi,,train
M4.S3.B.9.JPG,M4,M,S3,Meneifi,4_Khalal,train
M4.S4.B.1.JPG,M4,M,S4,Meneifi,,train
M4.S4.B.10.JPG,M4,M,S4,Meneifi,,train
M4.S4.B.100.JPG,M4,M,S4,Meneifi,4_Khalal,train
M4.S4.B.101.JPG,M4,M,S4,Meneifi,4_Khalal,train
M4.S4.B.102.JPG,M4,M,S4,Meneifi,4_Khalal,train
M4.S4.B.103.JPG,M4,M,S4,Meneifi,4_Khalal,train
M4.S4.B.104.JPG,M4,M,S4,Meneifi,4_Khalal,train
M4.S4.B.105.JPG,M4,M,S4,Meneifi,4_Khalal,train
M4.S4.B.11.JPG,M4,M,S4,Meneifi,,train
M4.S4.B.12.JPG,M4,M,S4,Meneifi,,train
M4.S4.B.13.JPG,M4,M,S4,Meneifi,,train
M4.S4.B.14.JPG,M4,M,S4,Meneifi,,train
M4.S4.B.15.JPG,M4,M,S4,Meneifi,,train
M4.S4.B.16.JPG,M4,M,S4,Meneifi,,train
M4.S4.B.17.JPG,M4,M,S4,Meneifi,4_Khalal,train
M4.S4.B.18.JPG,M4,M,S4,Meneifi,4_Khalal,train
M4.S4.B.19.JPG,M4,M,S4,Meneifi,,train
M4.S4.B.2.JPG,M4,M,S4,Meneifi,,train
M4.S4.B.20.JPG,M4,M,S4,Meneifi,,train
M4.S4.B.21.JPG,M4,M,S4,Meneifi,,train
M4.S4.B.22.JPG,M4,M,S4,Meneifi,,train
M4.S4.B.23.JPG,M4,M,S4,Meneifi,,train
M4.S4.B.24.JPG,M4,M,S4,Meneifi,,train
M4.S4.B.25.JPG,M4,M,S4,Meneifi,,train
M4.S4.B.26.JPG,M4,M,S4,Meneifi,,train
M4.S4.B.27.JPG,M4,M,S4,Meneifi,,train
M4.S4.B.28.JPG,M4,M,S4,Meneifi,,train
M4.S4.B.29.JPG,M4,M,S4,Meneifi,,train
M4.S4.B.3.JPG,M4,M,S4,Meneifi,,train
M4.S4.B.30.JPG,M4,M,S4,Meneifi,,train
M4.S4.B.31.JPG,M4,M,S4,Meneifi,,train
M4.S4.B.32.JPG,M4,M,S4,Meneifi,,train
M4.S4.B.33.JPG,M4,M,S4,Meneifi,,train
M4.S4.B.34.JPG,M4,M,S4,Meneifi,,train
M4.S4.B.35.JPG,M4,M,S4,Meneifi,,train
M4.S4.B.36.JPG,M4,M,S4,Meneifi,,train
M4.S4.B.37.JPG,M4,M,S4,Meneifi,,train
M4.S4.B.38.JPG,M4,M,S4,Meneifi,,train
M4.S4.B.39.JPG,M4,M,S4,Meneifi,,train
M4.S4.B.4.JPG,M4,M,S4,Meneifi,,train
M4.S4.B.40.JPG,M4,M,S4,Meneifi,,train
M4.S4.B.41.JPG,M4,M,S4,Meneifi,,train
M4.S4.B.42.JPG,M4,M,S4,Meneifi,,train
M4.S4.B.43.JPG,M4,M,S4,Meneifi,,train
M4.S4.B.44.JPG,M4,M,S4,Meneifi,4_Khalal,train
M4.S4.B.45.JPG,M4,M,S4,Meneifi,4_Khalal,train
M4.S4.B.46.JPG,M4,M,S4,Meneifi,4_Khalal,train
M4.S4.B.47.JPG,M4,M,S4,Meneifi,4_Khalal,train
M4.S4.B.48.JPG,M4,M,S4,Meneifi,4_Khalal,train
M4.S4.B.49.JPG,M4,M,S4,Meneifi,4_Khalal,train
M4.S4.B.5.JPG,M4,M,S4,Meneifi,,train
M4.S4.B.50.JPG,M4,M,S4,Meneifi,4_Khalal,train
M4.S4.B.51.JPG,M4,M,S4,Meneifi,4_Khalal,train
M4.S4.B.52.JPG,M4,M,S4,Meneifi,4_Khalal,train
M4.S4.B.53.JPG,M4,M,S4,Meneifi,4_Khalal,train
M4.S4.B.54.JPG,M4,M,S4,Meneifi,,train
M4.S4.B.55.JPG,M4,M,S4,Meneifi,,train
M4.S4.B.56.JPG,M4,M,S4,Meneifi,,train
M4.S4.B.57.JPG,M4,M,S4,Meneifi,,train
M4.S4.B.58.JPG,M4,M,S4,Meneifi,,train
M4.S4.B.59.JPG,M4,M,S4,Meneifi,,train
M4.S4.B.6.JPG,M4,M,S4,Meneifi,,train
M4.S4.B.60.JPG,M4,M,S4,Meneifi,,train
M4.S4.B.61.JPG,M4,M,S4,Meneifi,,train
M4.S4.B.62.JPG,M4,M,S4,Meneifi,,train
M4.S4.B.63.JPG,M4,M,S4,Meneifi,4_Khalal,train
M4.S4.B.64.JPG,M4,M,S4,Meneifi,5_KhalalwithRutab,train
M4.S4.B.65.JPG,M4,M,S4,Meneifi,5_KhalalwithRutab,train
M4.S4.B.66.JPG,M4,M,S4,Meneifi,5_KhalalwithRutab,train
M4.S4.B.67.JPG,M4,M,S4,Meneifi,5_KhalalwithRutab,train
M4.S4.B.68.JPG,M4,M,S4,Meneifi,5_KhalalwithRutab,train
M4.S4.B.69.JPG,M4,M,S4,Meneifi,4_Khalal,train
M4.S4.B.7.JPG,M4,M,S4,Meneifi,,train
M4.S4.B.70.JPG,M4,M,S4,Meneifi,4_Khalal,train
M4.S4.B.71.JPG,M4,M,S4,Meneifi,4_Khalal,train
M4.S4.B.72.JPG,M4,M,S4,Meneifi,4_Khalal,train
M4.S4.B.73.JPG,M4,M,S4,Meneifi,4_Khalal,train
M4.S4.B.74.JPG,M4,M,S4,Meneifi,4_Khalal,train
M4.S4.B.75.JPG,M4,M,S4,Meneifi,4_Khalal,train
M4.S4.B.76.JPG,M4,M,S4,Meneifi,4_Khalal,train
M4.S4.B.77.JPG,M4,M,S4,Meneifi,4_Khalal,train
M4.S4.B.78.JPG,M4,M,S4,Meneifi,4_Khalal,train
M4.S4.B.79.JPG,M4,M,S4,Meneifi,4_Khalal,train
M4.S4.B.8.JPG,M4,M,S4,Meneifi,,train
M4.S4.B.80.JPG,M4,M,S4,Meneifi,4_Khalal,train
M4.S4.B.81.JPG,M4,M,S4,Meneifi,4_Khalal,train
M4.S4.B.82.JPG,M4,M,S4,Meneifi,,train
M4.S4.B.83.JPG,M4,M,S4,Meneifi,4_Khalal,train
M4.S4.B.84.JPG,M4,M,S4,Meneifi,4_Khalal,train
M4.S4.B.85.JPG,M4,M,S4,Meneifi,4_Khalal,train
M4.S4.B.86.JPG,M4,M,S4,Meneifi,4_Khalal,train
M4.S4.B.87.JPG,M4,M,S4,Meneifi,4_Khalal,train
M4.S4.B.88.JPG,M4,M,S4,Meneifi,4_Khalal,train
M4.S4.B.89.JPG,M4,M,S4,Meneifi,4_Khalal,train
M4.S4.B.9.JPG,M4,M,S4,Meneifi,,train
M4.S4.B.90.JPG,M4,M,S4,Meneifi,4_Khalal,train
M4.S4.B.91.JPG,M4,M,S4,Meneifi,,train
M4.S4.B.92.JPG,M4,M,S4,Meneifi,4_Khalal,train
M4.S4.B.93.JPG,M4,M,S4,Meneifi,4_Khalal,train
M4.S4.B.94.JPG,M4,M,S4,Meneifi,5_KhalalwithRutab,train
M4.S4.B.95.JPG,M4,M,S4,Meneifi,5_KhalalwithRutab,train
M4.S4.B.96.JPG,M4,M,S4,Meneifi,5_KhalalwithRutab,train
M4.S4.B.97.JPG,M4,M,S4,Meneifi,5_KhalalwithRutab,train
M4.S4.B.98.JPG,M4,M,S4,Meneifi,4_Khalal,train
M4.S4.B.99.JPG,M4,M,S4,Meneifi,4_Khalal,train
M4.S5.B.1.JPG,M4,M,S5,Meneifi,5_KhalalwithRutab,train
M4.S5.B.10.JPG,M4,M,S5,Meneifi,5_KhalalwithRutab,train
M4.S5.B.11.JPG,M4,M,S5,Meneifi,5_KhalalwithRutab,train
M4.S5.B.12.JPG,M4,M,S5,Meneifi,5_KhalalwithRutab,train
M4.S5.B.13.JPG,M4,M,S5,Meneifi,5_KhalalwithRutab,train
M4.S5.B.14.JPG,M4,M,S5,Meneifi,5_KhalalwithRutab,train
M4.S5.B.15.JPG,M4,M,S5,Meneifi,5_KhalalwithRutab,train
M4.S5.B.16.JPG,M4,M,S5,Meneifi,5_KhalalwithRutab,train
M4.S5.B.17.JPG,M4,M,S5,Meneifi,5_KhalalwithRutab,train
M4.S5.B.18.JPG,M4,M,S5,Meneifi,5_KhalalwithRutab,train
M4.S5.B.19.JPG,M4,M,S5,Meneifi,5_KhalalwithRutab,train
M4.S5.B.2.JPG,M4,M,S5,Meneifi,5_KhalalwithRutab,train
M4.S5.B.20.JPG,M4,M,S5,Meneifi,5_KhalalwithRutab,train
M4.S5.B.21.JPG,M4,M,S5,Meneifi,5_KhalalwithRutab,train
M4.S5.B.22.JPG,M4,M,S5,Meneifi,5_KhalalwithRutab,train
M4.S5.B.23.JPG,M4,M,S5,Meneifi,5_KhalalwithRutab,train
M4.S5.B.24.JPG,M4,M,S5,Meneifi,5_KhalalwithRutab,train
M4.S5.B.25.JPG,M4,M,S5,Meneifi,5_KhalalwithRutab,train
M4.S5.B.26.JPG,M4,M,S5,Meneifi,5_KhalalwithRutab,train
M4.S5.B.27.JPG,M4,M,S5,Meneifi,5_KhalalwithRutab,train
M4.S5.B.28.JPG,M4,M,S5,Meneifi,5_KhalalwithRutab,train
M4.S5.B.29.JPG,M4,M,S5,Meneifi,5_KhalalwithRutab,train
M4.S5.B.3.JPG,M4,M,S5,Meneifi,5_KhalalwithRutab,train
M4.S5.B.30.JPG,M4,M,S5,Meneifi,5_KhalalwithRutab,train
M4.S5.B.31.JPG,M4,M,S5,Meneifi,5_KhalalwithRutab,train
M4.S5.B.32.JPG,M4,M,S5,Meneifi,5_KhalalwithRutab,train
M4.S5.B.33.JPG,M4,M,S5,Meneifi,5_KhalalwithRutab,train
M4.S5.B.34.JPG,M4,M,S5,Meneifi,5_KhalalwithRutab,train
M4.S5.B.35.JPG,M4,M,S5,Meneifi,5_KhalalwithRutab,train
M4.S5.B.36.JPG,M4,M,S5,Meneifi,5_KhalalwithRutab,train
M4.S5.B.37.JPG,M4,M,S5,Meneifi,5_KhalalwithRutab,train
M4.S5.B.38.JPG,M4,M,S5,Meneifi,5_KhalalwithRutab,train
M4.S5.B.39.JPG,M4,M,S5,Meneifi,5_KhalalwithRutab,train
M4.S5.B.4.JPG,M4,M,S5,Meneifi,5_KhalalwithRutab,train
M4.S5.B.40.JPG,M4,M,S5,Meneifi,5_KhalalwithRutab,train
M4.S5.B.41.JPG,M4,M,S5,Meneifi,5_KhalalwithRutab,train
M4.S5.B.42.JPG,M4,M,S5,Meneifi,5_KhalalwithRutab,train
M4.S5.B.43.JPG,M4,M,S5,Meneifi,5_KhalalwithRutab,train
M4.S5.B.44.JPG,M4,M,S5,Meneifi,5_KhalalwithRutab,train
M4.S5.B.45.JPG,M4,M,S5,Meneifi,5_KhalalwithRutab,train
M4.S5.B.46.JPG,M4,M,S5,Meneifi,5_KhalalwithRutab,train
M4.S5.B.47.JPG,M4,M,S5,Meneifi,5_KhalalwithRutab,train
M4.S5.B.48.JPG,M4,M,S5,Meneifi,5_KhalalwithRutab,train
M4.S5.B.49.JPG,M4,M,S5,Meneifi,5_KhalalwithRutab,train
M4.S5.B.5.JPG,M4,M,S5,Meneifi,5_KhalalwithRutab,train
M4.S5.B.50.JPG,M4,M,S5,Meneifi,5_KhalalwithRutab,train
M4.S5.B.51.JPG,M4,M,S5,Meneifi,5_KhalalwithRutab,train
M4.S5.B.52.JPG,M4,M,S5,Meneifi,5_KhalalwithRutab,train
M4.S5.B.53.JPG,M4,M,S5,Meneifi,5_KhalalwithRutab,train
M4.S5.B.54.JPG,M4,M,S5,Meneifi,5_KhalalwithRutab,train
M4.S5.B.55.JPG,M4,M,S5,Meneifi,5_KhalalwithRutab,train
M4.S5.B.56.JPG,M4,M,S5,Meneifi,5_KhalalwithRutab,train
M4.S5.B.57.JPG,M4,M,S5,Meneifi,5_KhalalwithRutab,train
M4.S5.B.58.JPG,M4,M,S5,Meneifi,5_KhalalwithRutab,train
M4.S5.B.59.JPG,M4,M,S5,Meneifi,5_KhalalwithRutab,train
M4.S5.B.6.JPG,M4,M,S5,Meneifi,5_KhalalwithRutab,train
M4.S5.B.60.JPG,M4,M,S5,Meneifi,5_KhalalwithRutab,train
M4.S5.B.61.JPG,M4,M,S5,Meneifi,5_KhalalwithRutab,train
M4.S5.B.62.JPG,M4,M,S5,Meneifi,5_KhalalwithRutab,train
M4.S5.B.63.JPG,M4,M,S5,Meneifi,5_KhalalwithRutab,train
M4.S5.B.7.JPG,M4,M,S5,Meneifi,5_KhalalwithRutab,train
M4.S5.B.8.JPG,M4,M,S5,Meneifi,5_KhalalwithRutab,train
M4.S5.B.9.JPG,M4,M,S5,Meneifi,5_KhalalwithRutab,train
M5.S1.B.1.JPG,M5,M,S1,Meneifi,1_Immature-1,val
M5.S1.B.10.JPG,M5,M,S1,Meneifi,1_Immature-1,val
M5.S1.B.11.JPG,M5,M,S1,Meneifi,1_Immature-1,val
M5.S1.B.12.JPG,M5,M,S1,Meneifi,1_Immature-1,val
M5.S1.B.13.JPG,M5,M,S1,Meneifi,1_Immature-1,val
M5.S1.B.14.JPG,M5,M,S1,Meneifi,1_Immature-1,val
M5.S1.B.15.JPG,M5,M,S1,Meneifi,1_Immature-1,val
M5.S1.B.16.JPG,M5,M,S1,Meneifi,1_Immature-1,val
M5.S1.B.17.JPG,M5,M,S1,Meneifi,1_Immature-1,val
M5.S1.B.18.JPG,M5,M,S1,Meneifi,1_Immature-1,val
M5.S1.B.19.JPG,M5,M,S1,Meneifi,1_Immature-1,val
M5.S1.B.2.JPG,M5,M,S1,Meneifi,1_Immature-1,val
M5.S1.B.20.JPG,M5,M,S1,Meneifi,1_Immature-1,val
M5.S1.B.21.JPG,M5,M,S1,Meneifi,1_Immature-1,val
M5.S1.B.22.JPG,M5,M,S1,Meneifi,1_Immature-1,val
M5.S1.B.23.JPG,M5,M,S1,Meneifi,1_Immature-1,val
M5.S1.B.24.JPG,M5,M,S1,Meneifi,1_Immature-1,val
M5.S1.B.25.JPG,M5,M,S1,Meneifi,1_Immature-1,val
M5.S1.B.26.JPG,M5,M,S1,Meneifi,1_Immature-1,val
M5.S1.B.27.JPG,M5,M,S1,Meneifi,1_Immature-1,val
M5.S1.B.28.JPG,M5,M,S1,Meneifi,1_Immature-1,val
M5.S1.B.29.JPG,M5,M,S1,Meneifi,1_Immature-1,val
M5.S1.B.3.JPG,M5,M,S1,Meneifi,1_Immature-1,val
M5.S1.B.4.JPG,M5,M,S1,Meneifi,1_Immature-1,val
M5.S1.B.5.JPG,M5,M,S1,Meneifi,1_Immature-1,val
M5.S1.B.6.JPG,M5,M,S1,Meneifi,1_Immature-1,val
M5.S1.B.7.JPG,M5,M,S1,Meneifi,1_Immature-1,val
M5.S1.B.8.JPG,M5,M,S1,Meneifi,1_Immature-1,val
M5.S1.B.9.JPG,M5,M,S1,Meneifi,1_Immature-1,val
M5.S2.B.1.JPG,M5,M,S2,Meneifi,1_Immature-1,val
M5.S2.B.10.JPG,M5,M,S2,Meneifi,1_Immature-1,val
M5.S2.B.11.JPG,M5,M,S2,Meneifi,1_Immature-1,val
M5.S2.B.12.JPG,M5,M,S2,Meneifi,1_Immature-1,val
M5.S2.B.13.JPG,M5,M,S2,Meneifi,1_Immature-1,val
M5.S2.B.14.JPG,M5,M,S2,Meneifi,1_Immature-1,val
M5.S2.B.15.JPG,M5,M,S2,Meneifi,1_Immature-1,val
M5.S2.B.16.JPG,M5,M,S2,Meneifi,1_Immature-1,val
M5.S2.B.17.JPG,M5,M,S2,Meneifi,1_Immature-1,val
M5.S2.B.18.JPG,M5,M,S2,Meneifi,1_Immature-1,val
M5.S2.B.19.JPG,M5,M,S2,Meneifi,1_Immature-1,val
M5.S2.B.2.JPG,M5,M,S2,Meneifi,1_Immature-1,val
M5.S2.B.20.JPG,M5,M,S2,Meneifi,1_Immature-1,val
M5.S2.B.21.JPG,M5,M,S2,Meneifi,1_Immature-1,val
M5.S2.B.22.JPG,M5,M,S2,Meneifi,1_Immature-1,val
M5.S2.B.23.JPG,M5,M,S2,Meneifi,1_Immature-1,val
M5.S2.B.24.JPG,M5,M,S2,Meneifi,1_Immature-1,val
M5.S2.B.25.JPG,M5,M,S2,Meneifi,1_Immature-1,val
M5.S2.B.26.JPG,M5,M,S2,Meneifi,1_Immature-1,val
M5.S2.B.27.JPG,M5,M,S2,Meneifi,1_Immature-1,val
M5.S2.B.28.JPG,M5,M,S2,Meneifi,1_Immature-1,val
M5.S2.B.29.JPG,M5,M,S2,Meneifi,1_Immature-1,val
M5.S2.B.3.JPG,M5,M,S2,Meneifi,1_Immature-1,val
M5.S2.B.30.JPG,M5,M,S2,Meneifi,1_Immature-1,val
M5.S2.B.31.JPG,M5,M,S2,Meneifi,1_Immature-1,val
M5.S2.B.32.JPG,M5,M,S2,Meneifi,1_Immature-1,val
M5.S2.B.33.JPG,M5,M,S2,Meneifi,1_Immature-1,val
M5.S2.B.34.JPG,M5,M,S2,Meneifi,1_Immature-1,val
M5.S2.B.35.JPG,M5,M,S2,Meneifi,1_Immature-1,val
M5.S2.B.36.JPG,M5,M,S2,Meneifi,1_Immature-1,val
M5.S2.B.37.JPG,M5,M,S2,Meneifi,1_Immature-1,val
M5.S2.B.4.JPG,M5,M,S2,Meneifi,1_Immature-1,val
M5.S2.B.5.JPG,M5,M,S2,Meneifi,1_Immature-1,val
M5.S2.B.6.JPG,M5,M,S2,Meneifi,1_Immature-1,val
M5.S2.B.7.JPG,M5,M,S2,Meneifi,1_Immature-1,val
M5.S2.B.8.JPG,M5,M,S2,Meneifi,1_Immature-1,val
M5.S2.B.9.JPG,M5,M,S2,Meneifi,1_Immature-1,val
M5.S3.B.1.JPG,M5,M,S3,Meneifi,4_Khalal,val
M5.S3.B.10.JPG,M5,M,S3,Meneifi,3_Pre-Khalal,val
M5.S3.B.11.JPG,M5,M,S3,Meneifi,,val
M5.S3.B.12.JPG,M5,M,S3,Meneifi,,val
M5.S3.B.13.JPG,M5,M,S3,Meneifi,,val
M5.S3.B.14.JPG,M5,M,S3,Meneifi,,val
M5.S3.B.15.JPG,M5,M,S3,Meneifi,2_Immature-2,val
M5.S3.B.16.JPG,M5,M,S3,Meneifi,,val
M5.S3.B.17.JPG,M5,M,S3,Meneifi,,val
M5.S3.B.18.JPG,M5,M,S3,Meneifi,,val
M5.S3.B.19.JPG,M5,M,S3,Meneifi,2_Immature-2,val
M5.S3.B.2.JPG,M5,M,S3,Meneifi,4_Khalal,val
M5.S3.B.20.JPG,M5,M,S3,Meneifi,4_Khalal,val
M5.S3.B.21.JPG,M5,M,S3,Meneifi,4_Khalal,val
M5.S3.B.22.JPG,M5,M,S3,Meneifi,4_Khalal,val
M5.S3.B.23.JPG,M5,M,S3,Meneifi,4_Khalal,val
M5.S3.B.24.JPG,M5,M,S3,Meneifi,4_Khalal,val
M5.S3.B.25.JPG,M5,M,S3,Meneifi,3_Pre-Khalal,val
M5.S3.B.26.JPG,M5,M,S3,Meneifi,2_Immature-2,val
M5.S3.B.27.JPG,M5,M,S3,Meneifi,,val
M5.S3.B.28.JPG,M5,M,S3,Meneifi,,val
M5.S3.B.29.JPG,M5,M,S3,Meneifi,,val
M5.S3.B.3.JPG,M5,M,S3,Meneifi,,val
M5.S3.B.30.JPG,M5,M,S3,Meneifi,,val
M5.S3.B.31.JPG,M5,M,S3,Meneifi,,val
M5.S3.B.32.JPG,M5,M,S3,Meneifi,,val
M5.S3.B.33.JPG,M5,M,S3,Meneifi,,val
M5.S3.B.34.JPG,M5,M,S3,Meneifi,,val
M5.S3.B.35.JPG,M5,M,S3,Meneifi,,val
M5.S3.B.36.JPG,M5,M,S3,Meneifi,,val
M5.S3.B.37.JPG,M5,M,S3,Meneifi,,val
M5.S3.B.38.JPG,M5,M,S3,Meneifi,,val
M5.S3.B.39.JPG,M5,M,S3,Meneifi,,val
M5.S3.B.4.JPG,M5,M,S3,Meneifi,2_Immature-2,val
M5.S3.B.40.JPG,M5,M,S3,Meneifi,,val
M5.S3.B.41.JPG,M5,M,S3,Meneifi,,val
M5.S3.B.42.JPG,M5,M,S3,Meneifi,,val
M5.S3.B.43.JPG,M5,M,S3,Meneifi,,val
M5.S3.B.44.JPG,M5,M,S3,Meneifi,,val
M5.S3.B.45.JPG,M5,M,S3,Meneifi,,val
M5.S3.B.46.JPG,M5,M,S3,Meneifi,,val
M5.S3.B.47.JPG,M5,M,S3,Meneifi,,val
M5.S3.B.48.JPG,M5,M,S3,Meneifi,,val
M5.S3.B.49.JPG,M5,M,S3,Meneifi,,val
M5.S3.B.5.JPG,M5,M,S3,Meneifi,2_Immature-2,val
M5.S3.B.50.JPG,M5,M,S3,Meneifi,,val
M5.S3.B.51.JPG,M5,M,S3,Meneifi,,val
M5.S3.B.52.JPG,M5,M,S3,Meneifi,,val
M5.S3.B.53.JPG,M5,M,S3,Meneifi,,val
M5.S3.B.54.JPG,M5,M,S3,Meneifi,,val
M5.S3.B.55.JPG,M5,M,S3,Meneifi,,val
M5.S3.B.56.JPG,M5,M,S3,Meneifi,,val
M5.S3.B.57.JPG,M5,M,S3,Meneifi,,val
M5.S3.B.58.JPG,M5,M,S3,Meneifi,,val
M5.S3.B.59.JPG,M5,M,S3,Meneifi,,val
M5.S3.B.6.JPG,M5,M,S3,Meneifi,3_Pre-Khalal,val
M5.S3.B.60.JPG,M5,M,S3,Meneifi,,val
M5.S3.B.61.JPG,M5,M,S3,Meneifi,,val
M5.S3.B.62.JPG,M5,M,S3,Meneifi,,val
M5.S3.B.63.JPG,M5,M,S3,Meneifi,,val
M5.S3.B.64.JPG,M5,M,S3,Meneifi,,val
M5.S3.B.65.JPG,M5,M,S3,Meneifi,,val
M5.S3.B.66.JPG,M5,M,S3,Meneifi,,val
M5.S3.B.67.JPG,M5,M,S3,Meneifi,,val
M5.S3.B.7.JPG,M5,M,S3,Meneifi,3_Pre-Khalal,val
M5.S3.B.8.JPG,M5,M,S3,Meneifi,3_Pre-Khalal,val
M5.S3.B.9.JPG,M5,M,S3,Meneifi,3_Pre-Khalal,val
M5.S4.B.1.JPG,M5,M,S4,Meneifi,,val
M5.S4.B.10.JPG,M5,M,S4,Meneifi,,val
M5.S4.B.100.JPG,M5,M,S4,Meneifi,,val
M5.S4.B.101.JPG,M5,M,S4,Meneifi,,val
M5.S4.B.102.JPG,M5,M,S4,Meneifi,,val
M5.S4.B.103.JPG,M5,M,S4,Meneifi,,val
M5.S4.B.104.JPG,M5,M,S4,Meneifi,,val
M5.S4.B.105.JPG,M5,M,S4,Meneifi,,val
M5.S4.B.106.JPG,M5,M,S4,Meneifi,,val
M5.S4.B.11.JPG,M5,M,S4,Meneifi,,val
M5.S4.B.12.JPG,M5,M,S4,Meneifi,,val
M5.S4.B.13.JPG,M5,M,S4,Meneifi,,val
M5.S4.B.14.JPG,M5,M,S4,Meneifi,,val
M5.S4.B.15.JPG,M5,M,S4,Meneifi,,val
M5.S4.B.16.JPG,M5,M,S4,Meneifi,,val
M5.S4.B.17.JPG,M5,M,S4,Meneifi,,val
M5.S4.B.18.JPG,M5,M,S4,Meneifi,,val
M5.S4.B.19.JPG,M5,M,S4,Meneifi,,val
M5.S4.B.2.JPG,M5,M,S4,Meneifi,,val
M5.S4.B.20.JPG,M5,M,S4,Meneifi,,val
M5.S4.B.21.JPG,M5,M,S4,Meneifi,,val
M5.S4.B.22.JPG,M5,M,S4,Meneifi,,val
M5.S4.B.23.JPG,M5,M,S4,Meneifi,,val
M5.S4.B.24.JPG,M5,M,S4,Meneifi,,val
M5.S4.B.25.JPG,M5,M,S4,Meneifi,,val
M5.S4.B.26.JPG,M5,M,S4,Meneifi,,val
M5.S4.B.27.JPG,M5,M,S4,Meneifi,,val
M5.S4.B.28.JPG,M5,M,S4,Meneifi,,val
M5.S4.B.29.JPG,M5,M,S4,Meneifi,,val
M5.S4.B.3.JPG,M5,M,S4,Meneifi,,val
M5.S4.B.30.JPG,M5,M,S4,Meneifi,,val
M5.S4.B.31.JPG,M5,M,S4,Meneifi,,val
M5.S4.B.32.JPG,M5,M,S4,Meneifi,,val
M5.S4.B.33.JPG,M5,M,S4,Meneifi,,val
M5.S4.B.34.JPG,M5,M,S4,Meneifi,,val
M5.S4.B.35.JPG,M5,M,S4,Meneifi,,val
M5.S4.B.36.JPG,M5,M,S4,Meneifi,,val
M5.S4.B.37.JPG,M5,M,S4,Meneifi,,val
M5.S4.B.38.JPG,M5,M,S4,Meneifi,,val
M5.S4.B.39.JPG,M5,M,S4,Meneifi,,val
M5.S4.B.4.JPG,M5,M,S4,Meneifi,,val
M5.S4.B.40.JPG,M5,M,S4,Meneifi,,val
M5.S4.B.41.JPG,M5,M,S4,Meneifi,,val
M5.S4.B.42.JPG,M5,M,S4,Meneifi,,val
M5.S4.B.43.JPG,M5,M,S4,Meneifi,,val
M5.S4.B.44.JPG,M5,M,S4,Meneifi,,val
M5.S4.B.45.JPG,M5,M,S4,Meneifi,,val
M5.S4.B.46.JPG,M5,M,S4,Meneifi,5_KhalalwithRutab,val
M5.S4.B.47.JPG,M5,M,S4,Meneifi,5_KhalalwithRutab,val
M5.S4.B.48.JPG,M5,M,S4,Meneifi,5_KhalalwithRutab,val
M5.S4.B.49.JPG,M5,M,S4,Meneifi,5_KhalalwithRutab,val
M5.S4.B.5.JPG,M5,M,S4,Meneifi,,val
M5.S4.B.50.JPG,M5,M,S4,Meneifi,,val
M5.S4.B.51.JPG,M5,M,S4,Meneifi,,val
M5.S4.B.52.JPG,M5,M,S4,Meneifi,,val
M5.S4.B.53.JPG,M5,M,S4,Meneifi,,val
M5.S4.B.54.JPG,M5,M,S4,Meneifi,,val
M5.S4.B.55.JPG,M5,M,S4,Meneifi,,val
M5.S4.B.56.JPG,M5,M,S4,Meneifi,,val
M5.S4.B.57.JPG,M5,M,S4,Meneifi,,val
M5.S4.B.58.JPG,M5,M,S4,Meneifi,,val
M5.S4.B.59.JPG,M5,M,S4,Meneifi,,val
M5.S4.B.6.JPG,M5,M,S4,Meneifi,,val
M5.S4.B.60.JPG,M5,M,S4,Meneifi,,val
M5.S4.B.61.JPG,M5,M,S4,Meneifi,,val
M5.S4.B.62.JPG,M5,M,S4,Meneifi,,val
M5.S4.B.63.JPG,M5,M,S4,Meneifi,,val
M5.S4.B.64.JPG,M5,M,S4,Meneifi,,val
M5.S4.B.65.JPG,M5,M,S4,Meneifi,,val
M5.S4.B.66.JPG,M5,M,S4,Meneifi,,val
M5.S4.B.67.JPG,M5,M,S4,Meneifi,5_KhalalwithRutab,val
M5.S4.B.68.JPG,M5,M,S4,Meneifi,5_KhalalwithRutab,val
M5.S4.B.69.JPG,M5,M,S4,Meneifi,,val
M5.S4.B.7.JPG,M5,M,S4,Meneifi,,val
M5.S4.B.70.JPG,M5,M,S4,Meneifi,,val
M5.S4.B.71.JPG,M5,M,S4,Meneifi,,val
M5.S4.B.72.JPG,M5,M,S4,Meneifi,,val
M5.S4.B.73.JPG,M5,M,S4,Meneifi,,val
M5.S4.B.74.JPG,M5,M,S4,Meneifi,,val
M5.S4.B.75.JPG,M5,M,S4,Meneifi,5_KhalalwithRutab,val
M5.S4.B.76.JPG,M5,M,S4,Meneifi,5_KhalalwithRutab,val
M5.S4.B.77.JPG,M5,M,S4,Meneifi,5_KhalalwithRutab,val
M5.S4.B.78.JPG,M5,M,S4,Meneifi,5_KhalalwithRutab,val
M5.S4.B.79.JPG,M5,M,S4,Meneifi,,val
M5.S4.B.8.JPG,M5,M,S4,Meneifi,,val
M5.S4.B.80.JPG,M5,M,S4,Meneifi,,val
M5.S4.B.81.JPG,M5,M,S4,Meneifi,3_Pre-Khalal,val
M5.S4.B.82.JPG,M5,M,S4,Meneifi,3_Pre-Khalal,val
M5.S4.B.83.JPG,M5,M,S4,Meneifi,3_Pre-Khalal,val
M5.S4.B.84.JPG,M5,M,S4,Meneifi,,val
M5.S4.B.85.JPG,M5,M,S4,Meneifi,,val
M5.S4.B.86.JPG,M5,M,S4,Meneifi,,val
M5.S4.B.87.JPG,M5,M,S4,Meneifi,,val
M5.S4.B.88.JPG,M5,M,S4,Meneifi,,val
M5.S4.B.89.JPG,M5,M,S4,Meneifi,,val
M5.S4.B.9.JPG,M5,M,S4,Meneifi,,val
M5.S4.B.90.JPG,M5,M,S4,Meneifi,,val
M5.S4.B.91.JPG,M5,M,S4,Meneifi,,val
M5.S4.B.92.JPG,M5,M,S4,Meneifi,,val
M5.S4.B.93.JPG,M5,M,S4,Meneifi,,val
M5.S4.B.94.JPG,M5,M,S4,Meneifi,5_KhalalwithRutab,val
M5.S4.B.95.JPG,M5,M,S4,Meneifi,5_KhalalwithRutab,val
M5.S4.B.96.JPG,M5,M,S4,Meneifi,5_KhalalwithRutab,val
M5.S4.B.97.JPG,M5,M,S4,Meneifi,5_KhalalwithRutab,val
M5.S4.B.98.JPG,M5,M,S4,Meneifi,5_KhalalwithRutab,val
M5.S4.B.99.JPG,M5,M,S4,Meneifi,,val
M5.S5.B.1.JPG,M5,M,S5,Meneifi,5_KhalalwithRutab,val
M5.S5.B.10.JPG,M5,M,S5,Meneifi,5_KhalalwithRutab,val
M5.S5.B.11.JPG,M5,M,S5,Meneifi,5_KhalalwithRutab,val
M5.S5.B.12.JPG,M5,M,S5,Meneifi,5_KhalalwithRutab,val
M5.S5.B.13.JPG,M5,M,S5,Meneifi,5_KhalalwithRutab,val
M5.S5.B.14.JPG,M5,M,S5,Meneifi,5_KhalalwithRutab,val
M5.S5.B.15.JPG,M5,M,S5,Meneifi,5_KhalalwithRutab,val
M5.S5.B.16.JPG,M5,M,S5,Meneifi,5_KhalalwithRutab,val
M5.S5.B.17.JPG,M5,M,S5,Meneifi,5_KhalalwithRutab,val
M5.S5.B.18.JPG,M5,M,S5,Meneifi,5_KhalalwithRutab,val
M5.S5.B.19.JPG,M5,M,S5,Meneifi,5_KhalalwithRutab,val
M5.S5.B.2.JPG,M5,M,S5,Meneifi,5_KhalalwithRutab,val
M5.S5.B.20.JPG,M5,M,S5,Meneifi,5_KhalalwithRutab,val
M5.S5.B.21.JPG,M5,M,S5,Meneifi,5_KhalalwithRutab,val
M5.S5.B.22.JPG,M5,M,S5,Meneifi,5_KhalalwithRutab,val
M5.S5.B.23.JPG,M5,M,S5,Meneifi,5_KhalalwithRutab,val
M5.S5.B.24.JPG,M5,M,S5,Meneifi,5_KhalalwithRutab,val
M5.S5.B.25.JPG,M5,M,S5,Meneifi,5_KhalalwithRutab,val
M5.S5.B.26.JPG,M5,M,S5,Meneifi,5_KhalalwithRutab,val
M5.S5.B.27.JPG,M5,M,S5,Meneifi,5_KhalalwithRutab,val
M5.S5.B.28.JPG,M5,M,S5,Meneifi,5_KhalalwithRutab,val
M5.S5.B.29.JPG,M5,M,S5,Meneifi,5_KhalalwithRutab,val
M5.S5.B.3.JPG,M5,M,S5,Meneifi,5_KhalalwithRutab,val
M5.S5.B.30.JPG,M5,M,S5,Meneifi,5_KhalalwithRutab,val
M5.S5.B.31.JPG,M5,M,S5,Meneifi,5_KhalalwithRutab,val
M5.S5.B.32.JPG,M5,M,S5,Meneifi,5_KhalalwithRutab,val
M5.S5.B.33.JPG,M5,M,S5,Meneifi,5_KhalalwithRutab,val
M5.S5.B.34.JPG,M5,M,S5,Meneifi,5_KhalalwithRutab,val
M5.S5.B.35.JPG,M5,M,S5,Meneifi,5_KhalalwithRutab,val
M5.S5.B.36.JPG,M5,M,S5,Meneifi,5_KhalalwithRutab,val
M5.S5.B.37.JPG,M5,M,S5,Meneifi,5_KhalalwithRutab,val
M5.S5.B.38.JPG,M5,M,S5,Meneifi,5_KhalalwithRutab,val
M5.S5.B.39.JPG,M5,M,S5,Meneifi,5_KhalalwithRutab,val
M5.S5.B.4.JPG,M5,M,S5,Meneifi,5_KhalalwithRutab,val
M5.S5.B.40.JPG,M5,M,S5,Meneifi,5_KhalalwithRutab,val
M5.S5.B.41.JPG,M5,M,S5,Meneifi,5_KhalalwithRutab,val
M5.S5.B.42.JPG,M5,M,S5,Meneifi,5_KhalalwithRutab,val
M5.S5.B.43.JPG,M5,M,S5,Meneifi,5_KhalalwithRutab,val
M5.S5.B.44.JPG,M5,M,S5,Meneifi,5_KhalalwithRutab,val
M5.S5.B.45.JPG,M5,M,S5,Meneifi,5_KhalalwithRutab,val
M5.S5.B.46.JPG,M5,M,S5,Meneifi,5_KhalalwithRutab,val
M5.S5.B.5.JPG,M5,M,S5,Meneifi,5_KhalalwithRutab,val
M5.S5.B.6.JPG,M5,M,S5,Meneifi,5_KhalalwithRutab,val
M5.S5.B.7.JPG,M5,M,S5,Meneifi,5_KhalalwithRutab,val
M5.S5.B.8.JPG,M5,M,S5,Meneifi,5_KhalalwithRutab,val
M5.S5.B.9.JPG,M5,M,S5,Meneifi,5_KhalalwithRutab,val
M5.S6.B.1.JPG,M5,M,S6,,,val
N1.S1.B.1.JPG,N1,N,S1,NabootSaif,1_Immature-1,train
N1.S1.B.10.JPG,N1,N,S1,NabootSaif,1_Immature-1,train
N1.S1.B.11.JPG,N1,N,S1,NabootSaif,1_Immature-1,train
N1.S1.B.12.JPG,N1,N,S1,NabootSaif,1_Immature-1,train
N1.S1.B.2.JPG,N1,N,S1,NabootSaif,1_Immature-1,train
N1.S1.B.3.JPG,N1,N,S1,NabootSaif,1_Immature-1,train
N1.S1.B.4.JPG,N1,N,S1,NabootSaif,1_Immature-1,train
N1.S1.B.5.JPG,N1,N,S1,NabootSaif,1_Immature-1,train
N1.S1.B.6.JPG,N1,N,S1,NabootSaif,1_Immature-1,train
N1.S1.B.7.JPG,N1,N,S1,NabootSaif,1_Immature-1,train
N1.S1.B.8.JPG,N1,N,S1,NabootSaif,1_Immature-1,train
N1.S1.B.9.JPG,N1,N,S1,NabootSaif,1_Immature-1,train
N1.S2.B.1.JPG,N1,N,S2,NabootSaif,1_Immature-1,train
N1.S2.B.10.JPG,N1,N,S2,NabootSaif,1_Immature-1,train
N1.S2.B.11.JPG,N1,N,S2,NabootSaif,1_Immature-1,train
N1.S2.B.12.JPG,N1,N,S2,NabootSaif,1_Immature-1,train
N1.S2.B.13.JPG,N1,N,S2,NabootSaif,1_Immature-1,train
N1.S2.B.14.JPG,N1,N,S2,NabootSaif,2_Immature-2,train
N1.S2.B.15.JPG,N1,N,S2,NabootSaif,1_Immature-1,train
N1.S2.B.16.JPG,N1,N,S2,NabootSaif,1_Immature-1,train
N1.S2.B.17.JPG,N1,N,S2,NabootSaif,1_Immature-1,train
N1.S2.B.18.JPG,N1,N,S2,NabootSaif,1_Immature-1,train
N1.S2.B.19.JPG,N1,N,S2,NabootSaif,1_Immature-1,train
N1.S2.B.2.JPG,N1,N,S2,NabootSaif,1_Immature-1,train
N1.S2.B.20.JPG,N1,N,S2,NabootSaif,1_Immature-1,train
N1.S2.B.21.JPG,N1,N,S2,NabootSaif,1_Immature-1,train
N1.S2.B.22.JPG,N1,N,S2,NabootSaif,1_Immature-1,train
N1.S2.B.23.JPG,N1,N,S2,NabootSaif,1_Immature-1,train
N1.S2.B.24.JPG,N1,N,S2,NabootSaif,1_Immature-1,train
N1.S2.B.25.JPG,N1,N,S2,NabootSaif,1_Immature-1,train
N1.S2.B.26.JPG,N1,N,S2,NabootSaif,1_Immature-1,train
N1.S2.B.27.JPG,N1,N,S2,NabootSaif,1_Immature-1,train
N1.S2.B.28.JPG,N1,N,S2,NabootSaif,1_Immature-1,train
N1.S2.B.29.JPG,N1,N,S2,NabootSaif,1_Immature-1,train
N1.S2.B.3.JPG,N1,N,S2,NabootSaif,1_Immature-1,train
N1.S2.B.30.JPG,N1,N,S2,NabootSaif,1_Immature-1,train
N1.S2.B.31.JPG,N1,N,S2,NabootSaif,1_Immature-1,train
N1.S2.B.32.JPG,N1,N,S2,NabootSaif,1_Immature-1,train
N1.S2.B.33.JPG,N1,N,S2,NabootSaif,1_Immature-1,train
N1.S2.B.34.JPG,N1,N,S2,NabootSaif,1_Immature-1,train
N1.S2.B.35.JPG,N1,N,S2,NabootSaif,1_Immature-1,train
N1.S2.B.36.JPG,N1,N,S2,NabootSaif,1_Immature-1,train
N1.S2.B.37.JPG,N1,N,S2,NabootSaif,1_Immature-1,train
N1.S2.B.38.JPG,N1,N,S2,NabootSaif,1_Immature-1,train
N1.S2.B.39.JPG,N1,N,S2,NabootSaif,1_Immature-1,train
N1.S2.B.4.JPG,N1,N,S2,NabootSaif,1_Immature-1,train
N1.S2.B.40.JPG,N1,N,S2,NabootSaif,1_Immature-1,train
N1.S2.B.41.JPG,N1,N,S2,NabootSaif,1_Immature-1,train
N1.S2.B.42.JPG,N1,N,S2,NabootSaif,1_Immature-1,train
N1.S2.B.43.JPG,N1,N,S2,NabootSaif,1_Immature-1,train
N1.S2.B.44.JPG,N1,N,S2,NabootSaif,1_Immature-1,train
N1.S2.B.45.JPG,N1,N,S2,NabootSaif,1_Immature-1,train
N1.S2.B.5.JPG,N1,N,S2,NabootSaif,1_Immature-1,train
N1.S2.B.6.JPG,N1,N,S2,NabootSaif,1_Immature-1,train
N1.S2.B.7.JPG,N1,N,S2,NabootSaif,1_Immature-1,train
N1.S2.B.8.JPG,N1,N,S2,NabootSaif,1_Immature-1,train
N1.S2.B.9.JPG,N1,N,S2,NabootSaif,1_Immature-1,train
N1.S3.B.1.JPG,N1,N,S3,NabootSaif,,train
N1.S3.B.10.JPG,N1,N,S3,NabootSaif,3_Pre-Khalal,train
N1.S3.B.11.JPG,N1,N,S3,NabootSaif,,train
N1.S3.B.12.JPG,N1,N,S3,NabootSaif,,train
N1.S3.B.13.JPG,N1,N,S3,NabootSaif,,train
N1.S3.B.14.JPG,N1,N,S3,NabootSaif,,train
N1.S3.B.15.JPG,N1,N,S3,NabootSaif,,train
N1.S3.B.16.JPG,N1,N,S3,NabootSaif,,train
N1.S3.B.17.JPG,N1,N,S3,NabootSaif,,train
N1.S3.B.18.JPG,N1,N,S3,NabootSaif,,train
N1.S3.B.19.JPG,N1,N,S3,NabootSaif,,train
N1.S3.B.2.JPG,N1,N,S3,NabootSaif,,train
N1.S3.B.20.JPG,N1,N,S3,NabootSaif,,train
N1.S3.B.21.JPG,N1,N,S3,NabootSaif,,train
N1.S3.B.22.JPG,N1,N,S3,NabootSaif,,train
N1.S3.B.23.JPG,N1,N,S3,NabootSaif,,train
N1.S3.B.24.JPG,N1,N,S3,NabootSaif,,train
N1.S3.B.25.JPG,N1,N,S3,NabootSaif,,train
N1.S3.B.26.JPG,N1,N,S3,NabootSaif,,train
N1.S3.B.3.JPG,N1,N,S3,NabootSaif,,train
N1.S3.B.4.JPG,N1,N,S3,NabootSaif,,train
N1.S3.B.5.JPG,N1,N,S3,NabootSaif,,train
N1.S3.B.6.JPG,N1,N,S3,NabootSaif,,train
N1.S3.B.7.JPG,N1,N,S3,NabootSaif,,train
N1.S3.B.8.JPG,N1,N,S3,NabootSaif,,train
N1.S3.B.9.JPG,N1,N,S3,NabootSaif,,train
N1.S4.B.1.JPG,N1,N,S4,NabootSaif,,train
N1.S4.B.10.JPG,N1,N,S4,NabootSaif,,train
N1.S4.B.11.JPG,N1,N,S4,NabootSaif,,train
N1.S4.B.12.JPG,N1,N,S4,NabootSaif,,train
N1.S4.B.13.JPG,N1,N,S4,NabootSaif,,train
N1.S4.B.14.JPG,N1,N,S4,NabootSaif,,train
N1.S4.B.15.JPG,N1,N,S4,NabootSaif,,train
N1.S4.B.16.JPG,N1,N,S4,NabootSaif,,train
N1.S4.B.17.JPG,N1,N,S4,NabootSaif,,train
N1.S4.B.18.JPG,N1,N,S4,NabootSaif,,train
N1.S4.B.19.JPG,N1,N,S4,NabootSaif,,train
N1.S4.B.2.JPG,N1,N,S4,NabootSaif,,train
N1.S4.B.20.JPG,N1,N,S4,NabootSaif,,train
N1.S4.B.21.JPG,N1,N,S4,NabootSaif,,train
N1.S4.B.22.JPG,N1,N,S4,NabootSaif,,train
N1.S4.B.23.JPG,N1,N,S4,NabootSaif,,train
N1.S4.B.24.JPG,N1,N,S4,NabootSaif,,train
N1.S4.B.25.JPG,N1,N,S4,NabootSaif,,train
N1.S4.B.26.JPG,N1,N,S4,NabootSaif,,train
N1.S4.B.27.JPG,N1,N,S4,NabootSaif,,train
N1.S4.B.28.JPG,N1,N,S4,NabootSaif,,train
N1.S4.B.29.JPG,N1,N,S4,NabootSaif,,train
N1.S4.B.3.JPG,N1,N,S4,NabootSaif,,train
N1.S4.B.30.JPG,N1,N,S4,NabootSaif,,train
N1.S4.B.31.JPG,N1,N,S4,NabootSaif,,train
N1.S4.B.32.JPG,N1,N,S4,NabootSaif,,train
N1.S4.B.33.JPG,N1,N,S4,NabootSaif,,train
N1.S4.B.34.JPG,N1,N,S4,NabootSaif,,train
N1.S4.B.35.JPG,N1,N,S4,NabootSaif,,train
N1.S4.B.36.JPG,N1,N,S4,NabootSaif,,train
N1.S4.B.37.JPG,N1,N,S4,NabootSaif,,train
N1.S4.B.38.JPG,N1,N,S4,NabootSaif,,train
N1.S4.B.39.JPG,N1,N,S4,NabootSaif,,train
N1.S4.B.4.JPG,N1,N,S4,NabootSaif,,train
N1.S4.B.40.JPG,N1,N,S4,NabootSaif,,train
N1.S4.B.41.JPG,N1,N,S4,NabootSaif,,train
N1.S4.B.42.JPG,N1,N,S4,NabootSaif,,train
N1.S4.B.43.JPG,N1,N,S4,NabootSaif,,train
N1.S4.B.44.JPG,N1,N,S4,NabootSaif,,train
N1.S4.B.45.JPG,N1,N,S4,NabootSaif,,train
N1.S4.B.46.JPG,N1,N,S4,NabootSaif,,train
N1.S4.B.47.JPG,N1,N,S4,NabootSaif,,train
N1.S4.B.48.JPG,N1,N,S4,NabootSaif,,train
N1.S4.B.49.JPG,N1,N,S4,NabootSaif,,train
N1.S4.B.5.JPG,N1,N,S4,NabootSaif,,train
N1.S4.B.50.JPG,N1,N,S4,NabootSaif,,train
N1.S4.B.51.JPG,N1,N,S4,NabootSaif,,train
N1.S4.B.52.JPG,N1,N,S4,NabootSaif,,train
N1.S4.B.53.JPG,N1,N,S4,NabootSaif,,train
N1.S4.B.54.JPG,N1,N,S4,NabootSaif,,train
N1.S4.B.55.JPG,N1,N,S4,NabootSaif,,train
N1.S4.B.56.JPG,N1,N,S4,NabootSaif,,train
N1.S4.B.57.JPG,N1,N,S4,NabootSaif,,train
N1.S4.B.58.JPG,N1,N,S4,NabootSaif,,train
N1.S4.B.59.JPG,N1,N,S4,NabootSaif,,train
N1.S4.B.6.JPG,N1,N,S4,NabootSaif,,train
N1.S4.B.60.JPG,N1,N,S4,NabootSaif,,train
N1.S4.B.61.JPG,N1,N,S4,NabootSaif,,train
N1.S4.B.62.JPG,N1,N,S4,NabootSaif,,train
N1.S4.B.63.JPG,N1,N,S4,NabootSaif,,train
N1.S4.B.64.JPG,N1,N,S4,NabootSaif,,train
N1.S4.B.65.JPG,N1,N,S4,NabootSaif,,train
N1.S4.B.66.JPG,N1,N,S4,NabootSaif,,train
N1.S4.B.67.JPG,N1,N,S4,NabootSaif,,train
N1.S4.B.68.JPG,N1,N,S4,NabootSaif,,train
N1.S4.B.69.JPG,N1,N,S4,NabootSaif,,train
N1.S4.B.7.JPG,N1,N,S4,NabootSaif,,train
N1.S4.B.70.JPG,N1,N,S4,NabootSaif,,train
N1.S4.B.71.JPG,N1,N,S4,NabootSaif,,train
N1.S4.B.72.JPG,N1,N,S4,NabootSaif,,train
N1.S4.B.73.JPG,N1,N,S4,NabootSaif,,train
N1.S4.B.8.JPG,N1,N,S4,NabootSaif,,train
N1.S4.B.9.JPG,N1,N,S4,NabootSaif,,train
N1.S5.B.1.JPG,N1,N,S5,NabootSaif,6_Pre-Tamar,train
N1.S5.B.10.JPG,N1,N,S5,NabootSaif,6_Pre-Tamar,train
N1.S5.B.11.JPG,N1,N,S5,NabootSaif,6_Pre-Tamar,train
N1.S5.B.12.JPG,N1,N,S5,NabootSaif,6_Pre-Tamar,train
N1.S5.B.13.JPG,N1,N,S5,NabootSaif,6_Pre-Tamar,train
N1.S5.B.14.JPG,N1,N,S5,NabootSaif,6_Pre-Tamar,train
N1.S5.B.15.JPG,N1,N,S5,NabootSaif,6_Pre-Tamar,train
N1.S5.B.16.JPG,N1,N,S5,NabootSaif,6_Pre-Tamar,train
N1.S5.B.17.JPG,N1,N,S5,NabootSaif,6_Pre-Tamar,train
N1.S5.B.18.JPG,N1,N,S5,NabootSaif,6_Pre-Tamar,train
N1.S5.B.19.JPG,N1,N,S5,NabootSaif,6_Pre-Tamar,train
N1.S5.B.2.JPG,N1,N,S5,NabootSaif,6_Pre-Tamar,train
N1.S5.B.20.JPG,N1,N,S5,NabootSaif,6_Pre-Tamar,train
N1.S5.B.21.JPG,N1,N,S5,NabootSaif,6_Pre-Tamar,train
N1.S5.B.22.JPG,N1,N,S5,NabootSaif,6_Pre-Tamar,train
N1.S5.B.23.JPG,N1,N,S5,NabootSaif,6_Pre-Tamar,train
N1.S5.B.24.JPG,N1,N,S5,NabootSaif,6_Pre-Tamar,train
N1.S5.B.25.JPG,N1,N,S5,NabootSaif,6_Pre-Tamar,train
N1.S5.B.26.JPG,N1,N,S5,NabootSaif,6_Pre-Tamar,train
N1.S5.B.27.JPG,N1,N,S5,NabootSaif,6_Pre-Tamar,train
N1.S5.B.28.JPG,N1,N,S5,NabootSaif,6_Pre-Tamar,train
N1.S5.B.29.JPG,N1,N,S5,NabootSaif,6_Pre-Tamar,train
N1.S5.B.3.JPG,N1,N,S5,NabootSaif,6_Pre-Tamar,train
N1.S5.B.30.JPG,N1,N,S5,NabootSaif,6_Pre-Tamar,train
N1.S5.B.31.JPG,N1,N,S5,NabootSaif,6_Pre-Tamar,train
N1.S5.B.32.JPG,N1,N,S5,NabootSaif,6_Pre-Tamar,train
N1.S5.B.33.JPG,N1,N,S5,NabootSaif,6_Pre-Tamar,train
N1.S5.B.34.JPG,N1,N,S5,NabootSaif,6_Pre-Tamar,train
N1.S5.B.35.JPG,N1,N,S5,NabootSaif,6_Pre-Tamar,train
N1.S5.B.36.JPG,N1,N,S5,NabootSaif,6_Pre-Tamar,train
N1.S5.B.37.JPG,N1,N,S5,NabootSaif,6_Pre-Tamar,train
N1.S5.B.38.JPG,N1,N,S5,NabootSaif,6_Pre-Tamar,train
N1.S5.B.39.JPG,N1,N,S5,NabootSaif,6_Pre-Tamar,train
N1.S5.B.4.JPG,N1,N,S5,NabootSaif,6_Pre-Tamar,train
N1.S5.B.40.JPG,N1,N,S5,NabootSaif,6_Pre-Tamar,train
N1.S5.B.41.JPG,N1,N,S5,NabootSaif,6_Pre-Tamar,train
N1.S5.B.42.JPG,N1,N,S5,NabootSaif,6_Pre-Tamar,train
N1.S5.B.43.JPG,N1,N,S5,NabootSaif,6_Pre-Tamar,train
N1.S5.B.44.JPG,N1,N,S5,NabootSaif,6_Pre-Tamar,train
N1.S5.B.45.JPG,N1,N,S5,NabootSaif,6_Pre-Tamar,train
N1.S5.B.46.JPG,N1,N,S5,NabootSaif,6_Pre-Tamar,train
N1.S5.B.47.JPG,N1,N,S5,NabootSaif,6_Pre-Tamar,train
N1.S5.B.48.JPG,N1,N,S5,NabootSaif,6_Pre-Tamar,train
N1.S5.B.49.JPG,N1,N,S5,NabootSaif,6_Pre-Tamar,train
N1.S5.B.5.JPG,N1,N,S5,NabootSaif,6_Pre-Tamar,train
N1.S5.B.50.JPG,N1,N,S5,NabootSaif,6_Pre-Tamar,train
N1.S5.B.51.JPG,N1,N,S5,NabootSaif,6_Pre-Tamar,train
N1.S5.B.52.JPG,N1,N,S5,NabootSaif,6_Pre-Tamar,train
N1.S5.B.53.JPG,N1,N,S5,NabootSaif,6_Pre-Tamar,train
N1.S5.B.6.JPG,N1,N,S5,NabootSaif,6_Pre-Tamar,train
N1.S5.B.7.JPG,N1,N,S5,NabootSaif,6_Pre-Tamar,train
N1.S5.B.8.JPG,N1,N,S5,NabootSaif,6_Pre-Tamar,train
N1.S5.B.9.JPG,N1,N,S5,NabootSaif,6_Pre-Tamar,train
N1.S6.B.1.JPG,N1,N,S6,NabootSaif,7_Tamar,train
N1.S6.B.10.JPG,N1,N,S6,NabootSaif,7_Tamar,train
N1.S6.B.11.JPG,N1,N,S6,NabootSaif,7_Tamar,train
N1.S6.B.12.JPG,N1,N,S6,NabootSaif,7_Tamar,train
N1.S6.B.13.JPG,N1,N,S6,NabootSaif,7_Tamar,train
N1.S6.B.14.JPG,N1,N,S6,NabootSaif,7_Tamar,train
N1.S6.B.15.JPG,N1,N,S6,NabootSaif,7_Tamar,train
N1.S6.B.16.JPG,N1,N,S6,NabootSaif,7_Tamar,train
N1.S6.B.17.JPG,N1,N,S6,NabootSaif,7_Tamar,train
N1.S6.B.18.JPG,N1,N,S6,NabootSaif,7_Tamar,train
N1.S6.B.19.JPG,N1,N,S6,NabootSaif,7_Tamar,train
N1.S6.B.2.JPG,N1,N,S6,NabootSaif,7_Tamar,train
N1.S6.B.20.JPG,N1,N,S6,NabootSaif,7_Tamar,train
N1.S6.B.21.JPG,N1,N,S6,NabootSaif,7_Tamar,train
N1.S6.B.22.JPG,N1,N,S6,NabootSaif,7_Tamar,train
N1.S6.B.23.JPG,N1,N,S6,NabootSaif,7_Tamar,train
N1.S6.B.24.JPG,N1,N,S6,NabootSaif,7_Tamar,train
N1.S6.B.25.JPG,N1,N,S6,NabootSaif,7_Tamar,train
N1.S6.B.26.JPG,N1,N,S6,NabootSaif,7_Tamar,train
N1.S6.B.27.JPG,N1,N,S6,NabootSaif,7_Tamar,train
N1.S6.B.28.JPG,N1,N,S6,NabootSaif,7_Tamar,train
N1.S6.B.29.JPG,N1,N,S6,NabootSaif,7_Tamar,train
N1.S6.B.3.JPG,N1,N,S6,NabootSaif,7_Tamar,train
N1.S6.B.30.JPG,N1,N,S6,NabootSaif,7_Tamar,train
N1.S6.B.31.JPG,N1,N,S6,NabootSaif,7_Tamar,train
N1.S6.B.32.JPG,N1,N,S6,NabootSaif,7_Tamar,train
N1.S6.B.33.JPG,N1,N,S6,NabootSaif,7_Tamar,train
N1.S6.B.34.JPG,N1,N,S6,NabootSaif,7_Tamar,train
N1.S6.B.35.JPG,N1,N,S6,NabootSaif,7_Tamar,train
N1.S6.B.36.JPG,N1,N,S6,NabootSaif,7_Tamar,train
N1.S6.B.37.JPG,N1,N,S6,NabootSaif,7_Tamar,train
N1.S6.B.38.JPG,N1,N,S6,NabootSaif,7_Tamar,train
N1.S6.B.39.JPG,N1,N,S6,NabootSaif,7_Tamar,train
N1.S6.B.4.JPG,N1,N,S6,NabootSaif,7_Tamar,train
N1.S6.B.40.JPG,N1,N,S6,NabootSaif,7_Tamar,train
N1.S6.B.41.JPG,N1,N,S6,NabootSaif,7_Tamar,train
N1.S6.B.42.JPG,N1,N,S6,NabootSaif,7_Tamar,train
N1.S6.B.43.JPG,N1,N,S6,NabootSaif,7_Tamar,train
N1.S6.B.44.JPG,N1,N,S6,NabootSaif,7_Tamar,train
N1.S6.B.45.JPG,N1,N,S6,NabootSaif,7_Tamar,train
N1.S6.B.46.JPG,N1,N,S6,NabootSaif,7_Tamar,train
N1.S6.B.47.JPG,N1,N,S6,NabootSaif,7_Tamar,train
N1.S6.B.48.JPG,N1,N,S6,NabootSaif,7_Tamar,train
N1.S6.B.49.JPG,N1,N,S6,NabootSaif,7_Tamar,train
N1.S6.B.5.JPG,N1,N,S6,NabootSaif,7_Tamar,train
N1.S6.B.50.JPG,N1,N,S6,NabootSaif,7_Tamar,train
N1.S6.B.51.JPG,N1,N,S6,NabootSaif,7_Tamar,train
N1.S6.B.52.JPG,N1,N,S6,NabootSaif,7_Tamar,train
N1.S6.B.53.JPG,N1,N,S6,NabootSaif,7_Tamar,train
N1.S6.B.54.JPG,N1,N,S6,NabootSaif,7_Tamar,train
N1.S6.B.55.JPG,N1,N,S6,NabootSaif,7_Tamar,train
N1.S6.B.6.JPG,N1,N,S6,NabootSaif,7_Tamar,train
N1.S6.B.7.JPG,N1,N,S6,NabootSaif,7_Tamar,train
N1.S6.B.8.JPG,N1,N,S6,NabootSaif,7_Tamar,train
N1.S6.B.9.JPG,N1,N,S6,NabootSaif,7_Tamar,train
N2.S1.B.1.JPG,N2,N,S1,NabootSaif,1_Immature-1,val
N2.S1.B.10.JPG,N2,N,S1,NabootSaif,1_Immature-1,val
N2.S1.B.11.JPG,N2,N,S1,NabootSaif,1_Immature-1,val
N2.S1.B.12.JPG,N2,N,S1,NabootSaif,1_Immature-1,val
N2.S1.B.13.JPG,N2,N,S1,NabootSaif,1_Immature-1,val
N2.S1.B.14.JPG,N2,N,S1,NabootSaif,1_Immature-1,val
N2.S1.B.15.JPG,N2,N,S1,NabootSaif,1_Immature-1,val
N2.S1.B.16.JPG,N2,N,S1,NabootSaif,1_Immature-1,val
N2.S1.B.17.JPG,N2,N,S1,NabootSaif,1_Immature-1,val
N2.S1.B.18.JPG,N2,N,S1,NabootSaif,1_Immature-1,val
N2.S1.B.19.JPG,N2,N,S1,NabootSaif,1_Immature-1,val
N2.S1.B.2.JPG,N2,N,S1,NabootSaif,1_Immature-1,val
N2.S1.B.20.JPG,N2,N,S1,NabootSaif,1_Immature-1,val
N2.S1.B.21.JPG,N2,N,S1,NabootSaif,1_Immature-1,val
N2.S1.B.22.JPG,N2,N,S1,NabootSaif,1_Immature-1,val
N2.S1.B.23.JPG,N2,N,S1,NabootSaif,1_Immature-1,val
N2.S1.B.24.JPG,N2,N,S1,NabootSaif,1_Immature-1,val
N2.S1.B.25.JPG,N2,N,S1,NabootSaif,1_Immature-1,val
N2.S1.B.26.JPG,N2,N,S1,NabootSaif,1_Immature-1,val
N2.S1.B.27.JPG,N2,N,S1,NabootSaif,1_Immature-1,val
N2.S1.B.3.JPG,N2,N,S1,NabootSaif,1_Immature-1,val
N2.S1.B.4.JPG,N2,N,S1,NabootSaif,1_Immature-1,val
N2.S1.B.5.JPG,N2,N,S1,NabootSaif,1_Immature-1,val
N2.S1.B.6.JPG,N2,N,S1,NabootSaif,1_Immature-1,val
N2.S1.B.7.JPG,N2,N,S1,NabootSaif,1_Immature-1,val
N2.S1.B.8.JPG,N2,N,S1,NabootSaif,1_Immature-1,val
N2.S1.B.9.JPG,N2,N,S1,NabootSaif,1_Immature-1,val
N2.S2.B.1.JPG,N2,N,S2,NabootSaif,1_Immature-1,val
N2.S2.B.10.JPG,N2,N,S2,NabootSaif,1_Immature-1,val
N2.S2.B.11.JPG,N2,N,S2,NabootSaif,1_Immature-1,val
N2.S2.B.12.JPG,N2,N,S2,NabootSaif,1_Immature-1,val
N2.S2.B.13.JPG,N2,N,S2,NabootSaif,1_Immature-1,val
N2.S2.B.14.JPG,N2,N,S2,NabootSaif,2_Immature-2,val
N2.S2.B.15.JPG,N2,N,S2,NabootSaif,2_Immature-2,val
N2.S2.B.16.JPG,N2,N,S2,NabootSaif,1_Immature-1,val
N2.S2.B.17.JPG,N2,N,S2,NabootSaif,2_Immature-2,val
N2.S2.B.18.JPG,N2,N,S2,NabootSaif,1_Immature-1,val
N2.S2.B.19.JPG,N2,N,S2,NabootSaif,1_Immature-1,val
N2.S2.B.2.JPG,N2,N,S2,NabootSaif,1_Immature-1,val
N2.S2.B.20.JPG,N2,N,S2,NabootSaif,1_Immature-1,val
N2.S2.B.21.JPG,N2,N,S2,NabootSaif,1_Immature-1,val
N2.S2.B.22.JPG,N2,N,S2,NabootSaif,1_Immature-1,val
N2.S2.B.23.JPG,N2,N,S2,NabootSaif,1_Immature-1,val
N2.S2.B.24.JPG,N2,N,S2,NabootSaif,1_Immature-1,val
N2.S2.B.25.JPG,N2,N,S2,NabootSaif,1_Immature-1,val
N2.S2.B.26.JPG,N2,N,S2,NabootSaif,1_Immature-1,val
N2.S2.B.27.JPG,N2,N,S2,NabootSaif,1_Immature-1,val
N2.S2.B.28.JPG,N2,N,S2,NabootSaif,1_Immature-1,val
N2.S2.B.29.JPG,N2,N,S2,NabootSaif,1_Immature-1,val
N2.S2.B.3.JPG,N2,N,S2,NabootSaif,1_Immature-1,val
N2.S2.B.30.JPG,N2,N,S2,NabootSaif,1_Immature-1,val
N2.S2.B.31.JPG,N2,N,S2,NabootSaif,1_Immature-1,val
N2.S2.B.32.JPG,N2,N,S2,NabootSaif,1_Immature-1,val
N2.S2.B.33.JPG,N2,N,S2,NabootSaif,1_Immature-1,val
N2.S2.B.34.JPG,N2,N,S2,NabootSaif,1_Immature-1,val
N2.S2.B.35.JPG,N2,N,S2,NabootSaif,1_Immature-1,val
N2.S2.B.36.JPG,N2,N,S2,NabootSaif,2_Immature-2,val
N2.S2.B.37.JPG,N2,N,S2,NabootSaif,2_Immature-2,val
N2.S2.B.38.JPG,N2,N,S2,NabootSaif,2_Immature-2,val
N2.S2.B.39.JPG,N2,N,S2,NabootSaif,2_Immature-2,val
N2.S2.B.4.JPG,N2,N,S2,NabootSaif,1_Immature-1,val
N2.S2.B.40.JPG,N2,N,S2,NabootSaif,2_Immature-2,val
N2.S2.B.41.JPG,N2,N,S2,NabootSaif,2_Immature-2,val
N2.S2.B.42.JPG,N2,N,S2,NabootSaif,2_Immature-2,val
N2.S2.B.43.JPG,N2,N,S2,NabootSaif,2_Immature-2,val
N2.S2.B.44.JPG,N2,N,S2,NabootSaif,2_Immature-2,val
N2.S2.B.45.JPG,N2,N,S2,NabootSaif,2_Immature-2,val
N2.S2.B.46.JPG,N2,N,S2,NabootSaif,1_Immature-1,val
N2.S2.B.47.JPG,N2,N,S2,NabootSaif,1_Immature-1,val
N2.S2.B.48.JPG,N2,N,S2,NabootSaif,1_Immature-1,val
N2.S2.B.49.JPG,N2,N,S2,NabootSaif,1_Immature-1,val
N2.S2.B.5.JPG,N2,N,S2,NabootSaif,1_Immature-1,val
N2.S2.B.6.JPG,N2,N,S2,NabootSaif,1_Immature-1,val
N2.S2.B.7.JPG,N2,N,S2,NabootSaif,1_Immature-1,val
N2.S2.B.8.JPG,N2,N,S2,NabootSaif,1_Immature-1,val
N2.S2.B.9.JPG,N2,N,S2,NabootSaif,1_Immature-1,val
N2.S3.B.1.JPG,N2,N,S3,NabootSaif,,val
N2.S3.B.10.JPG,N2,N,S3,NabootSaif,,val
N2.S3.B.11.JPG,N2,N,S3,NabootSaif,,val
N2.S3.B.12.JPG,N2,N,S3,NabootSaif,,val
N2.S3.B.13.JPG,N2,N,S3,NabootSaif,,val
N2.S3.B.14.JPG,N2,N,S3,NabootSaif,3_Pre-Khalal,val
N2.S3.B.15.JPG,N2,N,S3,NabootSaif,,val
N2.S3.B.16.JPG,N2,N,S3,NabootSaif,,val
N2.S3.B.17.JPG,N2,N,S3,NabootSaif,3_Pre-Khalal,val
N2.S3.B.18.JPG,N2,N,S3,NabootSaif,,val
N2.S3.B.19.JPG,N2,N,S3,NabootSaif,,val
N2.S3.B.2.JPG,N2,N,S3,NabootSaif,,val
N2.S3.B.20.JPG,N2,N,S3,NabootSaif,,val
N2.S3.B.21.JPG,N2,N,S3,NabootSaif,,val
N2.S3.B.22.JPG,N2,N,S3,NabootSaif,,val
N2.S3.B.23.JPG,N2,N,S3,NabootSaif,,val
N2.S3.B.24.JPG,N2,N,S3,NabootSaif,,val
N2.S3.B.25.JPG,N2,N,S3,NabootSaif,,val
N2.S3.B.26.JPG,N2,N,S3,NabootSaif,,val
N2.S3.B.27.JPG,N2,N,S3,NabootSaif,,val
N2.S3.B.28.JPG,N2,N,S3,NabootSaif,,val
N2.S3.B.29.JPG,N2,N,S3,NabootSaif,,val
N2.S3.B.3.JPG,N2,N,S3,NabootSaif,,val
N2.S3.B.30.JPG,N2,N,S3,NabootSaif,,val
N2.S3.B.31.JPG,N2,N,S3,NabootSaif,,val
N2.S3.B.4.JPG,N2,N,S3,NabootSaif,,val
N2.S3.B.5.JPG,N2,N,S3,NabootSaif,,val
N2.S3.B.6.JPG,N2,N,S3,NabootSaif,3_Pre-Khalal,val
N2.S3.B.7.JPG,N2,N,S3,NabootSaif,,val
N2.S3.B.8.JPG,N2,N,S3,NabootSaif,,val
N2.S3.B.9.JPG,N2,N,S3,NabootSaif,2_Immature-2,val
N2.S4.B.1.JPG,N2,N,S4,NabootSaif,5_KhalalwithRutab,val
N2.S4.B.10.JPG,N2,N,S4,NabootSaif,3_Pre-Khalal,val
N2.S4.B.11.JPG,N2,N,S4,NabootSaif,3_Pre-Khalal,val
N2.S4.B.12.JPG,N2,N,S4,NabootSaif,3_Pre-Khalal,val
N2.S4.B.13.JPG,N2,N,S4,NabootSaif,5_KhalalwithRutab,val
N2.S4.B.14.JPG,N2,N,S4,NabootSaif,5_KhalalwithRutab,val
N2.S4.B.15.JPG,N2,N,S4,NabootSaif,5_KhalalwithRutab,val
N2.S4.B.16.JPG,N2,N,S4,NabootSaif,5_KhalalwithRutab,val
N2.S4.B.17.JPG,N2,N,S4,NabootSaif,5_KhalalwithRutab,val
N2.S4.B.18.JPG,N2,N,S4,NabootSaif,5_KhalalwithRutab,val
N2.S4.B.19.JPG,N2,N,S4,NabootSaif,5_KhalalwithRutab,val
N2.S4.B.2.JPG,N2,N,S4,NabootSaif,5_KhalalwithRutab,val
N2.S4.B.20.JPG,N2,N,S4,NabootSaif,5_KhalalwithRutab,val
N2.S4.B.21.JPG,N2,N,S4,NabootSaif,5_KhalalwithRutab,val
N2.S4.B.22.JPG,N2,N,S4,NabootSaif,5_KhalalwithRutab,val
N2.S4.B.23.JPG,N2,N,S4,NabootSaif,5_KhalalwithRutab,val
N2.S4.B.24.JPG,N2,N,S4,NabootSaif,5_KhalalwithRutab,val
N2.S4.B.25.JPG,N2,N,S4,NabootSaif,5_KhalalwithRutab,val
N2.S4.B.26.JPG,N2,N,S4,NabootSaif,5_KhalalwithRutab,val
N2.S4.B.27.JPG,N2,N,S4,NabootSaif,5_KhalalwithRutab,val
N2.S4.B.28.JPG,N2,N,S4,NabootSaif,5_KhalalwithRutab,val
N2.S4.B.29.JPG,N2,N,S4,NabootSaif,5_KhalalwithRutab,val
N2.S4.B.3.JPG,N2,N,S4,NabootSaif,5_KhalalwithRutab,val
N2.S4.B.30.JPG,N2,N,S4,NabootSaif,5_KhalalwithRutab,val
N2.S4.B.31.JPG,N2,N,S4,NabootSaif,5_KhalalwithRutab,val
N2.S4.B.32.JPG,N2,N,S4,NabootSaif,5_KhalalwithRutab,val
N2.S4.B.33.JPG,N2,N,S4,NabootSaif,5_KhalalwithRutab,val
N2.S4.B.34.JPG,N2,N,S4,NabootSaif,5_KhalalwithRutab,val
N2.S4.B.35.JPG,N2,N,S4,NabootSaif,5_KhalalwithRutab,val
N2.S4.B.36.JPG,N2,N,S4,NabootSaif,5_KhalalwithRutab,val
N2.S4.B.37.JPG,N2,N,S4,NabootSaif,5_KhalalwithRutab,val
N2.S4.B.38.JPG,N2,N,S4,NabootSaif,5_KhalalwithRutab,val
N2.S4.B.39.JPG,N2,N,S4,NabootSaif,5_KhalalwithRutab,val
N2.S4.B.4.JPG,N2,N,S4,NabootSaif,5_KhalalwithRutab,val
N2.S4.B.40.JPG,N2,N,S4,NabootSaif,5_KhalalwithRutab,val
N2.S4.B.41.JPG,N2,N,S4,NabootSaif,5_KhalalwithRutab,val
N2.S4.B.42.JPG,N2,N,S4,NabootSaif,5_KhalalwithRutab,val
N2.S4.B.43.JPG,N2,N,S4,NabootSaif,5_KhalalwithRutab,val
N2.S4.B.44.JPG,N2,N,S4,NabootSaif,5_KhalalwithRutab,val
N2.S4.B.45.JPG,N2,N,S4,NabootSaif,5_KhalalwithRutab,val
N2.S4.B.46.JPG,N2,N,S4,NabootSaif,5_KhalalwithRutab,val
N2.S4.B.47.JPG,N2,N,S4,NabootSaif,5_KhalalwithRutab,val
N2.S4.B.48.JPG,N2,N,S4,NabootSaif,5_KhalalwithRutab,val
N2.S4.B.49.JPG,N2,N,S4,NabootSaif,5_KhalalwithRutab,val
N2.S4.B.5.JPG,N2,N,S4,NabootSaif,5_KhalalwithRutab,val
N2.S4.B.50.JPG,N2,N,S4,NabootSaif,5_KhalalwithRutab,val
N2.S4.B.51.JPG,N2,N,S4,NabootSaif,5_KhalalwithRutab,val
N2.S4.B.52.JPG,N2,N,S4,NabootSaif,5_KhalalwithRutab,val
N2.S4.B.53.JPG,N2,N,S4,NabootSaif,5_KhalalwithRutab,val
N2.S4.B.54.JPG,N2,N,S4,NabootSaif,5_KhalalwithRutab,val
N2.S4.B.55.JPG,N2,N,S4,NabootSaif,5_KhalalwithRutab,val
N2.S4.B.56.JPG,N2,N,S4,NabootSaif,5_KhalalwithRutab,val
N2.S4.B.57.JPG,N2,N,S4,NabootSaif,5_KhalalwithRutab,val
N2.S4.B.58.JPG,N2,N,S4,NabootSaif,5_KhalalwithRutab,val
N2.S4.B.6.JPG,N2,N,S4,NabootSaif,5_KhalalwithRutab,val
N2.S4.B.7.JPG,N2,N,S4,NabootSaif,5_KhalalwithRutab,val
N2.S4.B.8.JPG,N2,N,S4,NabootSaif,5_KhalalwithRutab,val
N2.S4.B.9.JPG,N2,N,S4,NabootSaif,3_Pre-Khalal,val
N2.S5.B.1.JPG,N2,N,S5,NabootSaif,6_Pre-Tamar,val
N2.S5.B.10.JPG,N2,N,S5,NabootSaif,6_Pre-Tamar,val
N2.S5.B.11.JPG,N2,N,S5,NabootSaif,6_Pre-Tamar,val
N2.S5.B.12.JPG,N2,N,S5,NabootSaif,6_Pre-Tamar,val
N2.S5.B.13.JPG,N2,N,S5,NabootSaif,6_Pre-Tamar,val
N2.S5.B.14.JPG,N2,N,S5,NabootSaif,6_Pre-Tamar,val
N2.S5.B.15.JPG,N2,N,S5,NabootSaif,6_Pre-Tamar,val
N2.S5.B.16.JPG,N2,N,S5,NabootSaif,6_Pre-Tamar,val
N2.S5.B.17.JPG,N2,N,S5,NabootSaif,6_Pre-Tamar,val
N2.S5.B.18.JPG,N2,N,S5,NabootSaif,6_Pre-Tamar,val
N2.S5.B.19.JPG,N2,N,S5,NabootSaif,6_Pre-Tamar,val
N2.S5.B.2.JPG,N2,N,S5,NabootSaif,6_Pre-Tamar,val
N2.S5.B.20.JPG,N2,N,S5,NabootSaif,6_Pre-Tamar,val
N2.S5.B.21.JPG,N2,N,S5,NabootSaif,6_Pre-Tamar,val
N2.S5.B.22.JPG,N2,N,S5,NabootSaif,6_Pre-Tamar,val
N2.S5.B.23.JPG,N2,N,S5,NabootSaif,6_Pre-Tamar,val
N2.S5.B.24.JPG,N2,N,S5,NabootSaif,6_Pre-Tamar,val
N2.S5.B.25.JPG,N2,N,S5,NabootSaif,6_Pre-Tamar,val
N2.S5.B.26.JPG,N2,N,S5,NabootSaif,6_Pre-Tamar,val
N2.S5.B.27.JPG,N2,N,S5,NabootSaif,6_Pre-Tamar,val
N2.S5.B.28.JPG,N2,N,S5,NabootSaif,6_Pre-Tamar,val
N2.S5.B.29.JPG,N2,N,S5,NabootSaif,6_Pre-Tamar,val
N2.S5.B.3.JPG,N2,N,S5,NabootSaif,6_Pre-Tamar,val
N2.S5.B.30.JPG,N2,N,S5,NabootSaif,6_Pre-Tamar,val
N2.S5.B.31.JPG,N2,N,S5,NabootSaif,6_Pre-Tamar,val
N2.S5.B.32.JPG,N2,N,S5,NabootSaif,6_Pre-Tamar,val
N2.S5.B.33.JPG,N2,N,S5,NabootSaif,6_Pre-Tamar,val
N2.S5.B.34.JPG,N2,N,S5,NabootSaif,6_Pre-Tamar,val
N2.S5.B.35.JPG,N2,N,S5,NabootSaif,6_Pre-Tamar,val
N2.S5.B.36.JPG,N2,N,S5,NabootSaif,6_Pre-Tamar,val
N2.S5.B.37.JPG,N2,N,S5,NabootSaif,6_Pre-Tamar,val
N2.S5.B.38.JPG,N2,N,S5,NabootSaif,6_Pre-Tamar,val
N2.S5.B.39.JPG,N2,N,S5,NabootSaif,6_Pre-Tamar,val
N2.S5.B.4.JPG,N2,N,S5,NabootSaif,6_Pre-Tamar,val
N2.S5.B.40.JPG,N2,N,S5,NabootSaif,6_Pre-Tamar,val
N2.S5.B.41.JPG,N2,N,S5,NabootSaif,6_Pre-Tamar,val
N2.S5.B.42.JPG,N2,N,S5,NabootSaif,6_Pre-Tamar,val
N2.S5.B.43.JPG,N2,N,S5,NabootSaif,6_Pre-Tamar,val
N2.S5.B.44.JPG,N2,N,S5,NabootSaif,6_Pre-Tamar,val
N2.S5.B.45.JPG,N2,N,S5,NabootSaif,6_Pre-Tamar,val
N2.S5.B.46.JPG,N2,N,S5,NabootSaif,6_Pre-Tamar,val
N2.S5.B.47.JPG,N2,N,S5,NabootSaif,6_Pre-Tamar,val
N2.S5.B.48.JPG,N2,N,S5,NabootSaif,6_Pre-Tamar,val
N2.S5.B.49.JPG,N2,N,S5,NabootSaif,6_Pre-Tamar,val
N2.S5.B.5.JPG,N2,N,S5,NabootSaif,6_Pre-Tamar,val
N2.S5.B.50.JPG,N2,N,S5,NabootSaif,6_Pre-Tamar,val
N2.S5.B.51.JPG,N2,N,S5,NabootSaif,6_Pre-Tamar,val
N2.S5.B.52.JPG,N2,N,S5,NabootSaif,6_Pre-Tamar,val
N2.S5.B.53.JPG,N2,N,S5,NabootSaif,6_Pre-Tamar,val
N2.S5.B.54.JPG,N2,N,S5,NabootSaif,6_Pre-Tamar,val
N2.S5.B.55.JPG,N2,N,S5,NabootSaif,6_Pre-Tamar,val
N2.S5.B.56.JPG,N2,N,S5,NabootSaif,6_Pre-Tamar,val
N2.S5.B.57.JPG,N2,N,S5,NabootSaif,6_Pre-Tamar,val
N2.S5.B.58.JPG,N2,N,S5,NabootSaif,6_Pre-Tamar,val
N2.S5.B.59.JPG,N2,N,S5,NabootSaif,6_Pre-Tamar,val
N2.S5.B.6.JPG,N2,N,S5,NabootSaif,6_Pre-Tamar,val
N2.S5.B.60.JPG,N2,N,S5,NabootSaif,6_Pre-Tamar,val
N2.S5.B.61.JPG,N2,N,S5,NabootSaif,6_Pre-Tamar,val
N2.S5.B.62.JPG,N2,N,S5,NabootSaif,6_Pre-Tamar,val
N2.S5.B.7.JPG,N2,N,S5,NabootSaif,6_Pre-Tamar,val
N2.S5.B.8.JPG,N2,N,S5,NabootSaif,6_Pre-Tamar,val
N2.S5.B.9.JPG,N2,N,S5,NabootSaif,6_Pre-Tamar,val
N2.S6.B.1.JPG,N2,N,S6,NabootSaif,7_Tamar,val
N2.S6.B.10.JPG,N2,N,S6,NabootSaif,7_Tamar,val
N2.S6.B.11.JPG,N2,N,S6,NabootSaif,7_Tamar,val
N2.S6.B.12.JPG,N2,N,S6,NabootSaif,7_Tamar,val
N2.S6.B.13.JPG,N2,N,S6,NabootSaif,7_Tamar,val
N2.S6.B.14.JPG,N2,N,S6,NabootSaif,7_Tamar,val
N2.S6.B.15.JPG,N2,N,S6,NabootSaif,7_Tamar,val
N2.S6.B.16.JPG,N2,N,S6,NabootSaif,7_Tamar,val
N2.S6.B.17.JPG,N2,N,S6,NabootSaif,7_Tamar,val
N2.S6.B.18.JPG,N2,N,S6,NabootSaif,7_Tamar,val
N2.S6.B.19.JPG,N2,N,S6,NabootSaif,7_Tamar,val
N2.S6.B.2.JPG,N2,N,S6,NabootSaif,7_Tamar,val
N2.S6.B.20.JPG,N2,N,S6,NabootSaif,7_Tamar,val
N2.S6.B.21.JPG,N2,N,S6,NabootSaif,7_Tamar,val
N2.S6.B.22.JPG,N2,N,S6,NabootSaif,7_Tamar,val
N2.S6.B.23.JPG,N2,N,S6,NabootSaif,7_Tamar,val
N2.S6.B.24.JPG,N2,N,S6,NabootSaif,7_Tamar,val
N2.S6.B.25.JPG,N2,N,S6,NabootSaif,7_Tamar,val
N2.S6.B.26.JPG,N2,N,S6,NabootSaif,7_Tamar,val
N2.S6.B.27.JPG,N2,N,S6,NabootSaif,7_Tamar,val
N2.S6.B.28.JPG,N2,N,S6,NabootSaif,7_Tamar,val
N2.S6.B.29.JPG,N2,N,S6,NabootSaif,7_Tamar,val
N2.S6.B.3.JPG,N2,N,S6,NabootSaif,7_Tamar,val
N2.S6.B.30.JPG,N2,N,S6,NabootSaif,7_Tamar,val
N2.S6.B.31.JPG,N2,N,S6,NabootSaif,7_Tamar,val
N2.S6.B.32.JPG,N2,N,S6,NabootSaif,7_Tamar,val
N2.S6.B.33.JPG,N2,N,S6,NabootSaif,7_Tamar,val
N2.S6.B.34.JPG,N2,N,S6,NabootSaif,7_Tamar,val
N2.S6.B.35.JPG,N2,N,S6,NabootSaif,7_Tamar,val
N2.S6.B.36.JPG,N2,N,S6,NabootSaif,7_Tamar,val
N2.S6.B.37.JPG,N2,N,S6,NabootSaif,7_Tamar,val
N2.S6.B.38.JPG,N2,N,S6,NabootSaif,7_Tamar,val
N2.S6.B.39.JPG,N2,N,S6,NabootSaif,7_Tamar,val
N2.S6.B.4.JPG,N2,N,S6,NabootSaif,7_Tamar,val
N2.S6.B.40.JPG,N2,N,S6,NabootSaif,7_Tamar,val
N2.S6.B.41.JPG,N2,N,S6,NabootSaif,7_Tamar,val
N2.S6.B.42.JPG,N2,N,S6,NabootSaif,7_Tamar,val
N2.S6.B.43.JPG,N2,N,S6,NabootSaif,7_Tamar,val
N2.S6.B.44.JPG,N2,N,S6,NabootSaif,7_Tamar,val
N2.S6.B.45.JPG,N2,N,S6,NabootSaif,7_Tamar,val
N2.S6.B.46.JPG,N2,N,S6,NabootSaif,7_Tamar,val
N2.S6.B.47.JPG,N2,N,S6,NabootSaif,7_Tamar,val
N2.S6.B.48.JPG,N2,N,S6,NabootSaif,7_Tamar,val
N2.S6.B.49.JPG,N2,N,S6,NabootSaif,7_Tamar,val
N2.S6.B.5.JPG,N2,N,S6,NabootSaif,7_Tamar,val
N2.S6.B.50.JPG,N2,N,S6,NabootSaif,7_Tamar,val
N2.S6.B.51.JPG,N2,N,S6,NabootSaif,7_Tamar,val
N2.S6.B.52.JPG,N2,N,S6,NabootSaif,7_Tamar,val
N2.S6.B.53.JPG,N2,N,S6,NabootSaif,7_Tamar,val
N2.S6.B.54.JPG,N2,N,S6,NabootSaif,7_Tamar,val
N2.S6.B.55.JPG,N2,N,S6,NabootSaif,7_Tamar,val
N2.S6.B.56.JPG,N2,N,S6,NabootSaif,7_Tamar,val
N2.S6.B.57.JPG,N2,N,S6,NabootSaif,7_Tamar,val
N2.S6.B.58.JPG,N2,N,S6,NabootSaif,7_Tamar,val
N2.S6.B.59.JPG,N2,N,S6,NabootSaif,7_Tamar,val
N2.S6.B.6.JPG,N2,N,S6,NabootSaif,7_Tamar,val
N2.S6.B.7.JPG,N2,N,S6,NabootSaif,7_Tamar,val
N2.S6.B.8.JPG,N2,N,S6,NabootSaif,7_Tamar,val
N2.S6.B.9.JPG,N2,N,S6,NabootSaif,7_Tamar,val
N3.S1.B.1.JPG,N3,N,S1,NabootSaif,1_Immature-1,test
N3.S1.B.10.JPG,N3,N,S1,NabootSaif,1_Immature-1,test
N3.S1.B.11.JPG,N3,N,S1,NabootSaif,1_Immature-1,test
N3.S1.B.12.JPG,N3,N,S1,NabootSaif,1_Immature-1,test
N3.S1.B.13.JPG,N3,N,S1,NabootSaif,1_Immature-1,test
N3.S1.B.14.JPG,N3,N,S1,NabootSaif,1_Immature-1,test
N3.S1.B.15.JPG,N3,N,S1,NabootSaif,1_Immature-1,test
N3.S1.B.16.JPG,N3,N,S1,NabootSaif,1_Immature-1,test
N3.S1.B.17.JPG,N3,N,S1,NabootSaif,1_Immature-1,test
N3.S1.B.18.JPG,N3,N,S1,NabootSaif,1_Immature-1,test
N3.S1.B.19.JPG,N3,N,S1,NabootSaif,1_Immature-1,test
N3.S1.B.2.JPG,N3,N,S1,NabootSaif,1_Immature-1,test
N3.S1.B.20.JPG,N3,N,S1,NabootSaif,1_Immature-1,test
N3.S1.B.3.JPG,N3,N,S1,NabootSaif,1_Immature-1,test
N3.S1.B.4.JPG,N3,N,S1,NabootSaif,1_Immature-1,test
N3.S1.B.5.JPG,N3,N,S1,NabootSaif,1_Immature-1,test
N3.S1.B.6.JPG,N3,N,S1,NabootSaif,1_Immature-1,test
N3.S1.B.7.JPG,N3,N,S1,NabootSaif,1_Immature-1,test
N3.S1.B.8.JPG,N3,N,S1,NabootSaif,1_Immature-1,test
N3.S1.B.9.JPG,N3,N,S1,NabootSaif,1_Immature-1,test
N3.S2.B.1.JPG,N3,N,S2,NabootSaif,1_Immature-1,test
N3.S2.B.10.JPG,N3,N,S2,NabootSaif,1_Immature-1,test
N3.S2.B.11.JPG,N3,N,S2,NabootSaif,1_Immature-1,test
N3.S2.B.12.JPG,N3,N,S2,NabootSaif,1_Immature-1,test
N3.S2.B.13.JPG,N3,N,S2,NabootSaif,1_Immature-1,test
N3.S2.B.14.JPG,N3,N,S2,NabootSaif,1_Immature-1,test
N3.S2.B.15.JPG,N3,N,S2,NabootSaif,1_Immature-1,test
N3.S2.B.16.JPG,N3,N,S2,NabootSaif,1_Immature-1,test
N3.S2.B.17.JPG,N3,N,S2,NabootSaif,1_Immature-1,test
N3.S2.B.18.JPG,N3,N,S2,NabootSaif,1_Immature-1,test
N3.S2.B.19.JPG,N3,N,S2,NabootSaif,1_Immature-1,test
N3.S2.B.2.JPG,N3,N,S2,NabootSaif,1_Immature-1,test
N3.S2.B.20.JPG,N3,N,S2,NabootSaif,1_Immature-1,test
N3.S2.B.21.JPG,N3,N,S2,NabootSaif,1_Immature-1,test
N3.S2.B.22.JPG,N3,N,S2,NabootSaif,1_Immature-1,test
N3.S2.B.23.JPG,N3,N,S2,NabootSaif,1_Immature-1,test
N3.S2.B.24.JPG,N3,N,S2,NabootSaif,1_Immature-1,test
N3.S2.B.25.JPG,N3,N,S2,NabootSaif,1_Immature-1,test
N3.S2.B.26.JPG,N3,N,S2,NabootSaif,1_Immature-1,test
N3.S2.B.27.JPG,N3,N,S2,NabootSaif,1_Immature-1,test
N3.S2.B.28.JPG,N3,N,S2,NabootSaif,1_Immature-1,test
N3.S2.B.29.JPG,N3,N,S2,NabootSaif,1_Immature-1,test
N3.S2.B.3.JPG,N3,N,S2,NabootSaif,2_Immature-2,test
N3.S2.B.30.JPG,N3,N,S2,NabootSaif,1_Immature-1,test
N3.S2.B.31.JPG,N3,N,S2,NabootSaif,1_Immature-1,test
N3.S2.B.32.JPG,N3,N,S2,NabootSaif,1_Immature-1,test
N3.S2.B.33.JPG,N3,N,S2,NabootSaif,1_Immature-1,test
N3.S2.B.34.JPG,N3,N,S2,NabootSaif,1_Immature-1,test
N3.S2.B.35.JPG,N3,N,S2,NabootSaif,1_Immature-1,test
N3.S2.B.36.JPG,N3,N,S2,NabootSaif,1_Immature-1,test
N3.S2.B.37.JPG,N3,N,S2,NabootSaif,1_Immature-1,test
N3.S2.B.4.JPG,N3,N,S2,NabootSaif,2_Immature-2,test
N3.S2.B.5.JPG,N3,N,S2,NabootSaif,2_Immature-2,test
N3.S2.B.6.JPG,N3,N,S2,NabootSaif,2_Immature-2,test
N3.S2.B.7.JPG,N3,N,S2,NabootSaif,2_Immature-2,test
N3.S2.B.8.JPG,N3,N,S2,NabootSaif,2_Immature-2,test
N3.S2.B.9.JPG,N3,N,S2,NabootSaif,1_Immature-1,test
N3.S3.B.1.JPG,N3,N,S3,NabootSaif,,test
N3.S3.B.10.JPG,N3,N,S3,NabootSaif,3_Pre-Khalal,test
N3.S3.B.11.JPG,N3,N,S3,NabootSaif,,test
N3.S3.B.12.JPG,N3,N,S3,NabootSaif,3_Pre-Khalal,test
N3.S3.B.13.JPG,N3,N,S3,NabootSaif,,test
N3.S3.B.14.JPG,N3,N,S3,NabootSaif,,test
N3.S3.B.15.JPG,N3,N,S3,NabootSaif,,test
N3.S3.B.16.JPG,N3,N,S3,NabootSaif,,test
N3.S3.B.17.JPG,N3,N,S3,NabootSaif,2_Immature-2,test
N3.S3.B.18.JPG,N3,N,S3,NabootSaif,,test
N3.S3.B.19.JPG,N3,N,S3,NabootSaif,,test
N3.S3.B.2.JPG,N3,N,S3,NabootSaif,,test
N3.S3.B.20.JPG,N3,N,S3,NabootSaif,,test
N3.S3.B.21.JPG,N3,N,S3,NabootSaif,,test
N3.S3.B.22.JPG,N3,N,S3,NabootSaif,,test
N3.S3.B.23.JPG,N3,N,S3,NabootSaif,,test
N3.S3.B.24.JPG,N3,N,S3,NabootSaif,,test
N3.S3.B.25.JPG,N3,N,S3,NabootSaif,,test
N3.S3.B.26.JPG,N3,N,S3,NabootSaif,,test
N3.S3.B.27.JPG,N3,N,S3,NabootSaif,,test
N3.S3.B.28.JPG,N3,N,S3,NabootSaif,,test
N3.S3.B.29.JPG,N3,N,S3,NabootSaif,,test
N3.S3.B.3.JPG,N3,N,S3,NabootSaif,,test
N3.S3.B.30.JPG,N3,N,S3,NabootSaif,,test
N3.S3.B.31.JPG,N3,N,S3,NabootSaif,,test
N3.S3.B.32.JPG,N3,N,S3,NabootSaif,,test
N3.S3.B.33.JPG,N3,N,S3,NabootSaif,,test
N3.S3.B.4.JPG,N3,N,S3,NabootSaif,,test
N3.S3.B.5.JPG,N3,N,S3,NabootSaif,,test
N3.S3.B.6.JPG,N3,N,S3,NabootSaif,,test
N3.S3.B.7.JPG,N3,N,S3,NabootSaif,,test
N3.S3.B.8.JPG,N3,N,S3,NabootSaif,,test
N3.S3.B.9.JPG,N3,N,S3,NabootSaif,,test
N3.S4.B.1.JPG,N3,N,S4,NabootSaif,5_KhalalwithRutab,test
N3.S4.B.10.JPG,N3,N,S4,NabootSaif,5_KhalalwithRutab,test
N3.S4.B.11.JPG,N3,N,S4,NabootSaif,5_KhalalwithRutab,test
N3.S4.B.12.JPG,N3,N,S4,NabootSaif,5_KhalalwithRutab,test
N3.S4.B.13.JPG,N3,N,S4,NabootSaif,5_KhalalwithRutab,test
N3.S4.B.14.JPG,N3,N,S4,NabootSaif,5_KhalalwithRutab,test
N3.S4.B.15.JPG,N3,N,S4,NabootSaif,5_KhalalwithRutab,test
N3.S4.B.16.JPG,N3,N,S4,NabootSaif,,test
N3.S4.B.17.JPG,N3,N,S4,NabootSaif,,test
N3.S4.B.18.JPG,N3,N,S4,NabootSaif,,test
N3.S4.B.19.JPG,N3,N,S4,NabootSaif,,test
N3.S4.B.2.JPG,N3,N,S4,NabootSaif,5_KhalalwithRutab,test
N3.S4.B.20.JPG,N3,N,S4,NabootSaif,,test
N3.S4.B.21.JPG,N3,N,S4,NabootSaif,,test
N3.S4.B.22.JPG,N3,N,S4,NabootSaif,,test
N3.S4.B.23.JPG,N3,N,S4,NabootSaif,,test
N3.S4.B.24.JPG,N3,N,S4,NabootSaif,,test
N3.S4.B.25.JPG,N3,N,S4,NabootSaif,,test
N3.S4.B.26.JPG,N3,N,S4,NabootSaif,,test
N3.S4.B.27.JPG,N3,N,S4,NabootSaif,5_KhalalwithRutab,test
N3.S4.B.28.JPG,N3,N,S4,NabootSaif,5_KhalalwithRutab,test
N3.S4.B.29.JPG,N3,N,S4,NabootSaif,5_KhalalwithRutab,test
N3.S4.B.3.JPG,N3,N,S4,NabootSaif,5_KhalalwithRutab,test
N3.S4.B.30.JPG,N3,N,S4,NabootSaif,,test
N3.S4.B.31.JPG,N3,N,S4,NabootSaif,,test
N3.S4.B.32.JPG,N3,N,S4,NabootSaif,,test
N3.S4.B.33.JPG,N3,N,S4,NabootSaif,,test
N3.S4.B.34.JPG,N3,N,S4,NabootSaif,5_KhalalwithRutab,test
N3.S4.B.35.JPG,N3,N,S4,NabootSaif,5_KhalalwithRutab,test
N3.S4.B.36.JPG,N3,N,S4,NabootSaif,5_KhalalwithRutab,test
N3.S4.B.37.JPG,N3,N,S4,NabootSaif,5_KhalalwithRutab,test
N3.S4.B.38.JPG,N3,N,S4,NabootSaif,5_KhalalwithRutab,test
N3.S4.B.39.JPG,N3,N,S4,NabootSaif,5_KhalalwithRutab,test
N3.S4.B.4.JPG,N3,N,S4,NabootSaif,5_KhalalwithRutab,test
N3.S4.B.40.JPG,N3,N,S4,NabootSaif,,test
N3.S4.B.41.JPG,N3,N,S4,NabootSaif,5_KhalalwithRutab,test
N3.S4.B.42.JPG,N3,N,S4,NabootSaif,5_KhalalwithRutab,test
N3.S4.B.43.JPG,N3,N,S4,NabootSaif,,test
N3.S4.B.44.JPG,N3,N,S4,NabootSaif,,test
N3.S4.B.45.JPG,N3,N,S4,NabootSaif,5_KhalalwithRutab,test
N3.S4.B.46.JPG,N3,N,S4,NabootSaif,5_KhalalwithRutab,test
N3.S4.B.47.JPG,N3,N,S4,NabootSaif,5_KhalalwithRutab,test
N3.S4.B.48.JPG,N3,N,S4,NabootSaif,5_KhalalwithRutab,test
N3.S4.B.49.JPG,N3,N,S4,NabootSaif,5_KhalalwithRutab,test
N3.S4.B.5.JPG,N3,N,S4,NabootSaif,5_KhalalwithRutab,test
N3.S4.B.50.JPG,N3,N,S4,NabootSaif,,test
N3.S4.B.51.JPG,N3,N,S4,NabootSaif,,test
N3.S4.B.52.JPG,N3,N,S4,NabootSaif,5_KhalalwithRutab,test
N3.S4.B.53.JPG,N3,N,S4,NabootSaif,5_KhalalwithRutab,test
N3.S4.B.54.JPG,N3,N,S4,NabootSaif,5_KhalalwithRutab,test
N3.S4.B.55.JPG,N3,N,S4,NabootSaif,5_KhalalwithRutab,test
N3.S4.B.56.JPG,N3,N,S4,NabootSaif,5_KhalalwithRutab,test
N3.S4.B.57.JPG,N3,N,S4,NabootSaif,5_KhalalwithRutab,test
N3.S4.B.58.JPG,N3,N,S4,NabootSaif,5_KhalalwithRutab,test
N3.S4.B.59.JPG,N3,N,S4,NabootSaif,,test
N3.S4.B.6.JPG,N3,N,S4,NabootSaif,5_KhalalwithRutab,test
N3.S4.B.60.JPG,N3,N,S4,NabootSaif,,test
N3.S4.B.61.JPG,N3,N,S4,NabootSaif,,test
N3.S4.B.62.JPG,N3,N,S4,NabootSaif,,test
N3.S4.B.63.JPG,N3,N,S4,NabootSaif,,test
N3.S4.B.64.JPG,N3,N,S4,NabootSaif,5_KhalalwithRutab,test
N3.S4.B.65.JPG,N3,N,S4,NabootSaif,5_KhalalwithRutab,test
N3.S4.B.66.JPG,N3,N,S4,NabootSaif,5_KhalalwithRutab,test
N3.S4.B.67.JPG,N3,N,S4,NabootSaif,5_KhalalwithRutab,test
N3.S4.B.68.JPG,N3,N,S4,NabootSaif,5_KhalalwithRutab,test
N3.S4.B.69.JPG,N3,N,S4,NabootSaif,5_KhalalwithRutab,test
N3.S4.B.7.JPG,N3,N,S4,NabootSaif,,test
N3.S4.B.70.JPG,N3,N,S4,NabootSaif,,test
N3.S4.B.71.JPG,N3,N,S4,NabootSaif,,test
N3.S4.B.8.JPG,N3,N,S4,NabootSaif,5_KhalalwithRutab,test
N3.S4.B.9.JPG,N3,N,S4,NabootSaif,5_KhalalwithRutab,test
N3.S5.B.1.JPG,N3,N,S5,NabootSaif,6_Pre-Tamar,test
N3.S5.B.10.JPG,N3,N,S5,NabootSaif,6_Pre-Tamar,test
N3.S5.B.11.JPG,N3,N,S5,NabootSaif,6_Pre-Tamar,test
N3.S5.B.12.JPG,N3,N,S5,NabootSaif,6_Pre-Tamar,test
N3.S5.B.13.JPG,N3,N,S5,NabootSaif,6_Pre-Tamar,test
N3.S5.B.14.JPG,N3,N,S5,NabootSaif,6_Pre-Tamar,test
N3.S5.B.15.JPG,N3,N,S5,NabootSaif,6_Pre-Tamar,test
N3.S5.B.16.JPG,N3,N,S5,NabootSaif,6_Pre-Tamar,test
N3.S5.B.17.JPG,N3,N,S5,NabootSaif,6_Pre-Tamar,test
N3.S5.B.18.JPG,N3,N,S5,NabootSaif,6_Pre-Tamar,test
N3.S5.B.19.JPG,N3,N,S5,NabootSaif,6_Pre-Tamar,test
N3.S5.B.2.JPG,N3,N,S5,NabootSaif,6_Pre-Tamar,test
N3.S5.B.20.JPG,N3,N,S5,NabootSaif,6_Pre-Tamar,test
N3.S5.B.21.JPG,N3,N,S5,NabootSaif,6_Pre-Tamar,test
N3.S5.B.22.JPG,N3,N,S5,NabootSaif,6_Pre-Tamar,test
N3.S5.B.23.JPG,N3,N,S5,NabootSaif,6_Pre-Tamar,test
N3.S5.B.24.JPG,N3,N,S5,NabootSaif,6_Pre-Tamar,test
N3.S5.B.25.JPG,N3,N,S5,NabootSaif,6_Pre-Tamar,test
N3.S5.B.26.JPG,N3,N,S5,NabootSaif,6_Pre-Tamar,test
N3.S5.B.27.JPG,N3,N,S5,NabootSaif,6_Pre-Tamar,test
N3.S5.B.28.JPG,N3,N,S5,NabootSaif,6_Pre-Tamar,test
N3.S5.B.29.JPG,N3,N,S5,NabootSaif,6_Pre-Tamar,test
N3.S5.B.3.JPG,N3,N,S5,NabootSaif,6_Pre-Tamar,test
N3.S5.B.30.JPG,N3,N,S5,NabootSaif,6_Pre-Tamar,test
N3.S5.B.31.JPG,N3,N,S5,NabootSaif,6_Pre-Tamar,test
N3.S5.B.32.JPG,N3,N,S5,NabootSaif,6_Pre-Tamar,test
N3.S5.B.33.JPG,N3,N,S5,NabootSaif,6_Pre-Tamar,test
N3.S5.B.34.JPG,N3,N,S5,NabootSaif,6_Pre-Tamar,test
N3.S5.B.35.JPG,N3,N,S5,NabootSaif,6_Pre-Tamar,test
N3.S5.B.36.JPG,N3,N,S5,NabootSaif,6_Pre-Tamar,test
N3.S5.B.37.JPG,N3,N,S5,NabootSaif,6_Pre-Tamar,test
N3.S5.B.38.JPG,N3,N,S5,NabootSaif,6_Pre-Tamar,test
N3.S5.B.39.JPG,N3,N,S5,NabootSaif,6_Pre-Tamar,test
N3.S5.B.4.JPG,N3,N,S5,NabootSaif,6_Pre-Tamar,test
N3.S5.B.40.JPG,N3,N,S5,NabootSaif,6_Pre-Tamar,test
N3.S5.B.41.JPG,N3,N,S5,NabootSaif,6_Pre-Tamar,test
N3.S5.B.42.JPG,N3,N,S5,NabootSaif,,test
N3.S5.B.43.JPG,N3,N,S5,NabootSaif,,test
N3.S5.B.44.JPG,N3,N,S5,NabootSaif,,test
N3.S5.B.45.JPG,N3,N,S5,NabootSaif,,test
N3.S5.B.46.JPG,N3,N,S5,NabootSaif,6_Pre-Tamar,test
N3.S5.B.47.JPG,N3,N,S5,NabootSaif,6_Pre-Tamar,test
N3.S5.B.48.JPG,N3,N,S5,NabootSaif,6_Pre-Tamar,test
N3.S5.B.49.JPG,N3,N,S5,NabootSaif,6_Pre-Tamar,test
N3.S5.B.5.JPG,N3,N,S5,NabootSaif,6_Pre-Tamar,test
N3.S5.B.50.JPG,N3,N,S5,NabootSaif,6_Pre-Tamar,test
N3.S5.B.51.JPG,N3,N,S5,NabootSaif,6_Pre-Tamar,test
N3.S5.B.52.JPG,N3,N,S5,NabootSaif,6_Pre-Tamar,test
N3.S5.B.53.JPG,N3,N,S5,NabootSaif,6_Pre-Tamar,test
N3.S5.B.54.JPG,N3,N,S5,NabootSaif,6_Pre-Tamar,test
N3.S5.B.55.JPG,N3,N,S5,NabootSaif,6_Pre-Tamar,test
N3.S5.B.56.JPG,N3,N,S5,NabootSaif,6_Pre-Tamar,test
N3.S5.B.57.JPG,N3,N,S5,NabootSaif,6_Pre-Tamar,test
N3.S5.B.58.JPG,N3,N,S5,NabootSaif,6_Pre-Tamar,test
N3.S5.B.59.JPG,N3,N,S5,NabootSaif,6_Pre-Tamar,test
N3.S5.B.6.JPG,N3,N,S5,NabootSaif,6_Pre-Tamar,test
N3.S5.B.60.JPG,N3,N,S5,NabootSaif,6_Pre-Tamar,test
N3.S5.B.61.JPG,N3,N,S5,NabootSaif,,test
N3.S5.B.62.JPG,N3,N,S5,NabootSaif,6_Pre-Tamar,test
N3.S5.B.63.JPG,N3,N,S5,NabootSaif,6_Pre-Tamar,test
N3.S5.B.64.JPG,N3,N,S5,NabootSaif,6_Pre-Tamar,test
N3.S5.B.7.JPG,N3,N,S5,NabootSaif,6_Pre-Tamar,test
N3.S5.B.8.JPG,N3,N,S5,NabootSaif,6_Pre-Tamar,test
N3.S5.B.9.JPG,N3,N,S5,NabootSaif,6_Pre-Tamar,test
N3.S6.B.1.JPG,N3,N,S6,NabootSaif,7_Tamar,test
N3.S6.B.10.JPG,N3,N,S6,NabootSaif,7_Tamar,test
N3.S6.B.11.JPG,N3,N,S6,NabootSaif,7_Tamar,test
N3.S6.B.12.JPG,N3,N,S6,NabootSaif,7_Tamar,test
N3.S6.B.13.JPG,N3,N,S6,NabootSaif,7_Tamar,test
N3.S6.B.14.JPG,N3,N,S6,NabootSaif,7_Tamar,test
N3.S6.B.15.JPG,N3,N,S6,NabootSaif,7_Tamar,test
N3.S6.B.16.JPG,N3,N,S6,NabootSaif,7_Tamar,test
N3.S6.B.17.JPG,N3,N,S6,NabootSaif,7_Tamar,test
N3.S6.B.18.JPG,N3,N,S6,NabootSaif,7_Tamar,test
N3.S6.B.19.JPG,N3,N,S6,NabootSaif,7_Tamar,test
N3.S6.B.2.JPG,N3,N,S6,NabootSaif,7_Tamar,test
N3.S6.B.20.JPG,N3,N,S6,NabootSaif,7_Tamar,test
N3.S6.B.21.JPG,N3,N,S6,NabootSaif,7_Tamar,test
N3.S6.B.22.JPG,N3,N,S6,NabootSaif,7_Tamar,test
N3.S6.B.23.JPG,N3,N,S6,NabootSaif,7_Tamar,test
N3.S6.B.24.JPG,N3,N,S6,NabootSaif,7_Tamar,test
N3.S6.B.25.JPG,N3,N,S6,NabootSaif,7_Tamar,test
N3.S6.B.26.JPG,N3,N,S6,NabootSaif,7_Tamar,test
N3.S6.B.27.JPG,N3,N,S6,NabootSaif,7_Tamar,test
N3.S6.B.28.JPG,N3,N,S6,NabootSaif,7_Tamar,test
N3.S6.B.29.JPG,N3,N,S6,NabootSaif,7_Tamar,test
N3.S6.B.3.JPG,N3,N,S6,NabootSaif,7_Tamar,test
N3.S6.B.30.JPG,N3,N,S6,NabootSaif,7_Tamar,test
N3.S6.B.31.JPG,N3,N,S6,NabootSaif,7_Tamar,test
N3.S6.B.32.JPG,N3,N,S6,NabootSaif,7_Tamar,test
N3.S6.B.33.JPG,N3,N,S6,NabootSaif,7_Tamar,test
N3.S6.B.34.JPG,N3,N,S6,NabootSaif,7_Tamar,test
N3.S6.B.35.JPG,N3,N,S6,NabootSaif,7_Tamar,test
N3.S6.B.36.JPG,N3,N,S6,NabootSaif,7_Tamar,test
N3.S6.B.4.JPG,N3,N,S6,NabootSaif,7_Tamar,test
N3.S6.B.5.JPG,N3,N,S6,NabootSaif,7_Tamar,test
N3.S6.B.6.JPG,N3,N,S6,NabootSaif,7_Tamar,test
N3.S6.B.7.JPG,N3,N,S6,NabootSaif,7_Tamar,test
N3.S6.B.8.JPG,N3,N,S6,NabootSaif,7_Tamar,test
N3.S6.B.9.JPG,N3,N,S6,NabootSaif,7_Tamar,test
N4.S1.B.1.JPG,N4,N,S1,NabootSaif,1_Immature-1,train
N4.S1.B.10.JPG,N4,N,S1,NabootSaif,1_Immature-1,train
N4.S1.B.11.JPG,N4,N,S1,NabootSaif,1_Immature-1,train
N4.S1.B.12.JPG,N4,N,S1,NabootSaif,1_Immature-1,train
N4.S1.B.13.JPG,N4,N,S1,NabootSaif,1_Immature-1,train
N4.S1.B.14.JPG,N4,N,S1,NabootSaif,1_Immature-1,train
N4.S1.B.15.JPG,N4,N,S1,NabootSaif,1_Immature-1,train
N4.S1.B.16.JPG,N4,N,S1,NabootSaif,1_Immature-1,train
N4.S1.B.17.JPG,N4,N,S1,NabootSaif,1_Immature-1,train
N4.S1.B.18.JPG,N4,N,S1,NabootSaif,1_Immature-1,train
N4.S1.B.19.JPG,N4,N,S1,NabootSaif,1_Immature-1,train
N4.S1.B.2.JPG,N4,N,S1,NabootSaif,1_Immature-1,train
N4.S1.B.20.JPG,N4,N,S1,NabootSaif,1_Immature-1,train
N4.S1.B.21.JPG,N4,N,S1,NabootSaif,1_Immature-1,train
N4.S1.B.22.JPG,N4,N,S1,NabootSaif,1_Immature-1,train
N4.S1.B.23.JPG,N4,N,S1,NabootSaif,1_Immature-1,train
N4.S1.B.24.JPG,N4,N,S1,NabootSaif,1_Immature-1,train
N4.S1.B.25.JPG,N4,N,S1,NabootSaif,1_Immature-1,train
N4.S1.B.26.JPG,N4,N,S1,NabootSaif,1_Immature-1,train
N4.S1.B.27.JPG,N4,N,S1,NabootSaif,1_Immature-1,train
N4.S1.B.28.JPG,N4,N,S1,NabootSaif,1_Immature-1,train
N4.S1.B.29.JPG,N4,N,S1,NabootSaif,1_Immature-1,train
N4.S1.B.3.JPG,N4,N,S1,NabootSaif,1_Immature-1,train
N4.S1.B.30.JPG,N4,N,S1,NabootSaif,1_Immature-1,train
N4.S1.B.4.JPG,N4,N,S1,NabootSaif,1_Immature-1,train
N4.S1.B.5.JPG,N4,N,S1,NabootSaif,1_Immature-1,train
N4.S1.B.6.JPG,N4,N,S1,NabootSaif,1_Immature-1,train
N4.S1.B.7.JPG,N4,N,S1,NabootSaif,1_Immature-1,train
N4.S1.B.8.JPG,N4,N,S1,NabootSaif,1_Immature-1,train
N4.S1.B.9.JPG,N4,N,S1,NabootSaif,1_Immature-1,train
N4.S2.B.1.JPG,N4,N,S2,NabootSaif,2_Immature-2,train
N4.S2.B.10.JPG,N4,N,S2,NabootSaif,2_Immature-2,train
N4.S2.B.11.JPG,N4,N,S2,NabootSaif,2_Immature-2,train
N4.S2.B.12.JPG,N4,N,S2,NabootSaif,2_Immature-2,train
N4.S2.B.13.JPG,N4,N,S2,NabootSaif,2_Immature-2,train
N4.S2.B.14.JPG,N4,N,S2,NabootSaif,2_Immature-2,train
N4.S2.B.15.JPG,N4,N,S2,NabootSaif,2_Immature-2,train
N4.S2.B.16.JPG,N4,N,S2,NabootSaif,1_Immature-1,train
N4.S2.B.17.JPG,N4,N,S2,NabootSaif,1_Immature-1,train
N4.S2.B.18.JPG,N4,N,S2,NabootSaif,1_Immature-1,train
N4.S2.B.19.JPG,N4,N,S2,NabootSaif,1_Immature-1,train
N4.S2.B.2.JPG,N4,N,S2,NabootSaif,2_Immature-2,train
N4.S2.B.20.JPG,N4,N,S2,NabootSaif,1_Immature-1,train
N4.S2.B.21.JPG,N4,N,S2,NabootSaif,1_Immature-1,train
N4.S2.B.22.JPG,N4,N,S2,NabootSaif,1_Immature-1,train
N4.S2.B.23.JPG,N4,N,S2,NabootSaif,1_Immature-1,train
N4.S2.B.24.JPG,N4,N,S2,NabootSaif,1_Immature-1,train
N4.S2.B.25.JPG,N4,N,S2,NabootSaif,1_Immature-1,train
N4.S2.B.26.JPG,N4,N,S2,NabootSaif,1_Immature-1,train
N4.S2.B.27.JPG,N4,N,S2,NabootSaif,1_Immature-1,train
N4.S2.B.28.JPG,N4,N,S2,NabootSaif,1_Immature-1,train
N4.S2.B.29.JPG,N4,N,S2,NabootSaif,1_Immature-1,train
N4.S2.B.3.JPG,N4,N,S2,NabootSaif,2_Immature-2,train
N4.S2.B.30.JPG,N4,N,S2,NabootSaif,1_Immature-1,train
N4.S2.B.31.JPG,N4,N,S2,NabootSaif,1_Immature-1,train
N4.S2.B.32.JPG,N4,N,S2,NabootSaif,1_Immature-1,train
N4.S2.B.33.JPG,N4,N,S2,NabootSaif,1_Immature-1,train
N4.S2.B.34.JPG,N4,N,S2,NabootSaif,1_Immature-1,train
N4.S2.B.35.JPG,N4,N,S2,NabootSaif,1_Immature-1,train
N4.S2.B.36.JPG,N4,N,S2,NabootSaif,1_Immature-1,train
N4.S2.B.37.JPG,N4,N,S2,NabootSaif,1_Immature-1,train
N4.S2.B.38.JPG,N4,N,S2,NabootSaif,1_Immature-1,train
N4.S2.B.39.JPG,N4,N,S2,NabootSaif,1_Immature-1,train
N4.S2.B.4.JPG,N4,N,S2,NabootSaif,2_Immature-2,train
N4.S2.B.40.JPG,N4,N,S2,NabootSaif,1_Immature-1,train
N4.S2.B.41.JPG,N4,N,S2,NabootSaif,1_Immature-1,train
N4.S2.B.42.JPG,N4,N,S2,NabootSaif,1_Immature-1,train
N4.S2.B.43.JPG,N4,N,S2,NabootSaif,1_Immature-1,train
N4.S2.B.44.JPG,N4,N,S2,NabootSaif,1_Immature-1,train
N4.S2.B.45.JPG,N4,N,S2,NabootSaif,1_Immature-1,train
N4.S2.B.46.JPG,N4,N,S2,NabootSaif,1_Immature-1,train
N4.S2.B.47.JPG,N4,N,S2,NabootSaif,1_Immature-1,train
N4.S2.B.48.JPG,N4,N,S2,NabootSaif,1_Immature-1,train
N4.S2.B.49.JPG,N4,N,S2,NabootSaif,1_Immature-1,train
N4.S2.B.5.JPG,N4,N,S2,NabootSaif,2_Immature-2,train
N4.S2.B.50.JPG,N4,N,S2,NabootSaif,1_Immature-1,train
N4.S2.B.51.JPG,N4,N,S2,NabootSaif,1_Immature-1,train
N4.S2.B.52.JPG,N4,N,S2,NabootSaif,1_Immature-1,train
N4.S2.B.53.JPG,N4,N,S2,NabootSaif,1_Immature-1,train
N4.S2.B.54.JPG,N4,N,S2,NabootSaif,1_Immature-1,train
N4.S2.B.55.JPG,N4,N,S2,NabootSaif,1_Immature-1,train
N4.S2.B.56.JPG,N4,N,S2,NabootSaif,1_Immature-1,train
N4.S2.B.6.JPG,N4,N,S2,NabootSaif,2_Immature-2,train
N4.S2.B.7.JPG,N4,N,S2,NabootSaif,2_Immature-2,train
N4.S2.B.8.JPG,N4,N,S2,NabootSaif,2_Immature-2,train
N4.S2.B.9.JPG,N4,N,S2,NabootSaif,2_Immature-2,train
N4.S3.B.1.JPG,N4,N,S3,NabootSaif,,train
N4.S3.B.10.JPG,N4,N,S3,NabootSaif,2_Immature-2,train
N4.S3.B.11.JPG,N4,N,S3,NabootSaif,,train
N4.S3.B.12.JPG,N4,N,S3,NabootSaif,,train
N4.S3.B.13.JPG,N4,N,S3,NabootSaif,,train
N4.S3.B.14.JPG,N4,N,S3,NabootSaif,2_Immature-2,train
N4.S3.B.15.JPG,N4,N,S3,NabootSaif,,train
N4.S3.B.16.JPG,N4,N,S3,NabootSaif,,train
N4.S3.B.17.JPG,N4,N,S3,NabootSaif,,train
N4.S3.B.18.JPG,N4,N,S3,NabootSaif,,train
N4.S3.B.19.JPG,N4,N,S3,NabootSaif,,train
N4.S3.B.2.JPG,N4,N,S3,NabootSaif,,train
N4.S3.B.20.JPG,N4,N,S3,NabootSaif,,train
N4.S3.B.21.JPG,N4,N,S3,NabootSaif,,train
N4.S3.B.22.JPG,N4,N,S3,NabootSaif,,train
N4.S3.B.23.JPG,N4,N,S3,NabootSaif,,train
N4.S3.B.24.JPG,N4,N,S3,NabootSaif,,train
N4.S3.B.25.JPG,N4,N,S3,NabootSaif,,train
N4.S3.B.26.JPG,N4,N,S3,NabootSaif,,train
N4.S3.B.27.JPG,N4,N,S3,NabootSaif,,train
N4.S3.B.28.JPG,N4,N,S3,NabootSaif,,train
N4.S3.B.29.JPG,N4,N,S3,NabootSaif,,train
N4.S3.B.3.JPG,N4,N,S3,NabootSaif,,train
N4.S3.B.30.JPG,N4,N,S3,NabootSaif,,train
N4.S3.B.4.JPG,N4,N,S3,NabootSaif,,train
N4.S3.B.5.JPG,N4,N,S3,NabootSaif,,train
N4.S3.B.6.JPG,N4,N,S3,NabootSaif,,train
N4.S3.B.7.JPG,N4,N,S3,NabootSaif,,train
N4.S3.B.8.JPG,N4,N,S3,NabootSaif,,train
N4.S3.B.9.JPG,N4,N,S3,NabootSaif,2_Immature-2,train
N4.S4.B.1.JPG,N4,N,S4,NabootSaif,5_KhalalwithRutab,train
N4.S4.B.10.JPG,N4,N,S4,NabootSaif,5_KhalalwithRutab,train
N4.S4.B.11.JPG,N4,N,S4,NabootSaif,3_Pre-Khalal,train
N4.S4.B.12.JPG,N4,N,S4,NabootSaif,3_Pre-Khalal,train
N4.S4.B.13.JPG,N4,N,S4,NabootSaif,3_Pre-Khalal,train
N4.S4.B.14.JPG,N4,N,S4,NabootSaif,3_Pre-Khalal,train
N4.S4.B.15.JPG,N4,N,S4,NabootSaif,,train
N4.S4.B.16.JPG,N4,N,S4,NabootSaif,,train
N4.S4.B.17.JPG,N4,N,S4,NabootSaif,,train
N4.S4.B.18.JPG,N4,N,S4,NabootSaif,,train
N4.S4.B.19.JPG,N4,N,S4,NabootSaif,,train
N4.S4.B.2.JPG,N4,N,S4,NabootSaif,5_KhalalwithRutab,train
N4.S4.B.20.JPG,N4,N,S4,NabootSaif,,train
N4.S4.B.21.JPG,N4,N,S4,NabootSaif,,train
N4.S4.B.22.JPG,N4,N,S4,NabootSaif,,train
N4.S4.B.23.JPG,N4,N,S4,NabootSaif,,train
N4.S4.B.24.JPG,N4,N,S4,NabootSaif,,train
N4.S4.B.25.JPG,N4,N,S4,NabootSaif,,train
N4.S4.B.26.JPG,N4,N,S4,NabootSaif,,train
N4.S4.B.27.JPG,N4,N,S4,NabootSaif,,train
N4.S4.B.28.JPG,N4,N,S4,NabootSaif,,train
N4.S4.B.29.JPG,N4,N,S4,NabootSaif,,train
N4.S4.B.3.JPG,N4,N,S4,NabootSaif,5_KhalalwithRutab,train
N4.S4.B.30.JPG,N4,N,S4,NabootSaif,,train
N4.S4.B.31.JPG,N4,N,S4,NabootSaif,,train
N4.S4.B.32.JPG,N4,N,S4,NabootSaif,,train
N4.S4.B.33.JPG,N4,N,S4,NabootSaif,,train
N4.S4.B.34.JPG,N4,N,S4,NabootSaif,5_KhalalwithRutab,train
N4.S4.B.35.JPG,N4,N,S4,NabootSaif,5_KhalalwithRutab,train
N4.S4.B.36.JPG,N4,N,S4,NabootSaif,5_KhalalwithRutab,train
N4.S4.B.37.JPG,N4,N,S4,NabootSaif,5_KhalalwithRutab,train
N4.S4.B.38.JPG,N4,N,S4,NabootSaif,5_KhalalwithRutab,train
N4.S4.B.39.JPG,N4,N,S4,NabootSaif,,train
N4.S4.B.4.JPG,N4,N,S4,NabootSaif,5_KhalalwithRutab,train
N4.S4.B.40.JPG,N4,N,S4,NabootSaif,,train
N4.S4.B.41.JPG,N4,N,S4,NabootSaif,5_KhalalwithRutab,train
N4.S4.B.42.JPG,N4,N,S4,NabootSaif,5_KhalalwithRutab,train
N4.S4.B.43.JPG,N4,N,S4,NabootSaif,5_KhalalwithRutab,train
N4.S4.B.44.JPG,N4,N,S4,NabootSaif,5_KhalalwithRutab,train
N4.S4.B.45.JPG,N4,N,S4,NabootSaif,,train
N4.S4.B.46.JPG,N4,N,S4,NabootSaif,,train
N4.S4.B.47.JPG,N4,N,S4,NabootSaif,,train
N4.S4.B.48.JPG,N4,N,S4,NabootSaif,,train
N4.S4.B.49.JPG,N4,N,S4,NabootSaif,,train
N4.S4.B.5.JPG,N4,N,S4,NabootSaif,5_KhalalwithRutab,train
N4.S4.B.50.JPG,N4,N,S4,NabootSaif,5_KhalalwithRutab,train
N4.S4.B.51.JPG,N4,N,S4,NabootSaif,5_KhalalwithRutab,train
N4.S4.B.52.JPG,N4,N,S4,NabootSaif,5_KhalalwithRutab,train
N4.S4.B.53.JPG,N4,N,S4,NabootSaif,5_KhalalwithRutab,train
N4.S4.B.54.JPG,N4,N,S4,NabootSaif,5_KhalalwithRutab,train
N4.S4.B.55.JPG,N4,N,S4,NabootSaif,5_KhalalwithRutab,train
N4.S4.B.56.JPG,N4,N,S4,NabootSaif,5_KhalalwithRutab,train
N4.S4.B.57.JPG,N4,N,S4,NabootSaif,5_KhalalwithRutab,train
N4.S4.B.58.JPG,N4,N,S4,NabootSaif,,train
N4.S4.B.59.JPG,N4,N,S4,NabootSaif,,train
N4.S4.B.6.JPG,N4,N,S4,NabootSaif,5_KhalalwithRutab,train
N4.S4.B.60.JPG,N4,N,S4,NabootSaif,5_KhalalwithRutab,train
N4.S4.B.61.JPG,N4,N,S4,NabootSaif,5_KhalalwithRutab,train
N4.S4.B.62.JPG,N4,N,S4,NabootSaif,5_KhalalwithRutab,train
N4.S4.B.63.JPG,N4,N,S4,NabootSaif,5_KhalalwithRutab,train
N4.S4.B.64.JPG,N4,N,S4,NabootSaif,,train
N4.S4.B.65.JPG,N4,N,S4,NabootSaif,,train
N4.S4.B.66.JPG,N4,N,S4,NabootSaif,,train
N4.S4.B.67.JPG,N4,N,S4,NabootSaif,,train
N4.S4.B.68.JPG,N4,N,S4,NabootSaif,,train
N4.S4.B.69.JPG,N4,N,S4,NabootSaif,,train
N4.S4.B.7.JPG,N4,N,S4,NabootSaif,5_KhalalwithRutab,train
N4.S4.B.70.JPG,N4,N,S4,NabootSaif,,train
N4.S4.B.71.JPG,N4,N,S4,NabootSaif,5_KhalalwithRutab,train
N4.S4.B.72.JPG,N4,N,S4,NabootSaif,5_KhalalwithRutab,train
N4.S4.B.73.JPG,N4,N,S4,NabootSaif,5_KhalalwithRutab,train
N4.S4.B.74.JPG,N4,N,S4,NabootSaif,5_KhalalwithRutab,train
N4.S4.B.75.JPG,N4,N,S4,NabootSaif,,train
N4.S4.B.76.JPG,N4,N,S4,NabootSaif,5_KhalalwithRutab,train
N4.S4.B.77.JPG,N4,N,S4,NabootSaif,5_KhalalwithRutab,train
N4.S4.B.78.JPG,N4,N,S4,NabootSaif,,train
N4.S4.B.79.JPG,N4,N,S4,NabootSaif,,train
N4.S4.B.8.JPG,N4,N,S4,NabootSaif,5_KhalalwithRutab,train
N4.S4.B.80.JPG,N4,N,S4,NabootSaif,,train
N4.S4.B.81.JPG,N4,N,S4,NabootSaif,,train
N4.S4.B.82.JPG,N4,N,S4,NabootSaif,,train
N4.S4.B.83.JPG,N4,N,S4,NabootSaif,,train
N4.S4.B.84.JPG,N4,N,S4,NabootSaif,,train
N4.S4.B.85.JPG,N4,N,S4,NabootSaif,,train
N4.S4.B.86.JPG,N4,N,S4,NabootSaif,5_KhalalwithRutab,train
N4.S4.B.87.JPG,N4,N,S4,NabootSaif,5_KhalalwithRutab,train
N4.S4.B.88.JPG,N4,N,S4,NabootSaif,5_KhalalwithRutab,train
N4.S4.B.89.JPG,N4,N,S4,NabootSaif,,train
N4.S4.B.9.JPG,N4,N,S4,NabootSaif,5_KhalalwithRutab,train
N4.S4.B.90.JPG,N4,N,S4,NabootSaif,,train
N4.S5.B.1.JPG,N4,N,S5,NabootSaif,6_Pre-Tamar,train
N4.S5.B.10.JPG,N4,N,S5,NabootSaif,6_Pre-Tamar,train
N4.S5.B.11.JPG,N4,N,S5,NabootSaif,6_Pre-Tamar,train
N4.S5.B.12.JPG,N4,N,S5,NabootSaif,6_Pre-Tamar,train
N4.S5.B.13.JPG,N4,N,S5,NabootSaif,6_Pre-Tamar,train
N4.S5.B.14.JPG,N4,N,S5,NabootSaif,6_Pre-Tamar,train
N4.S5.B.15.JPG,N4,N,S5,NabootSaif,6_Pre-Tamar,train
N4.S5.B.16.JPG,N4,N,S5,NabootSaif,6_Pre-Tamar,train
N4.S5.B.17.JPG,N4,N,S5,NabootSaif,6_Pre-Tamar,train
N4.S5.B.18.JPG,N4,N,S5,NabootSaif,6_Pre-Tamar,train
N4.S5.B.19.JPG,N4,N,S5,NabootSaif,6_Pre-Tamar,train
N4.S5.B.2.JPG,N4,N,S5,NabootSaif,6_Pre-Tamar,train
N4.S5.B.20.JPG,N4,N,S5,NabootSaif,6_Pre-Tamar,train
N4.S5.B.21.JPG,N4,N,S5,NabootSaif,6_Pre-Tamar,train
N4.S5.B.22.JPG,N4,N,S5,NabootSaif,6_Pre-Tamar,train
N4.S5.B.23.JPG,N4,N,S5,NabootSaif,6_Pre-Tamar,train
N4.S5.B.24.JPG,N4,N,S5,NabootSaif,6_Pre-Tamar,train
N4.S5.B.25.JPG,N4,N,S5,NabootSaif,6_Pre-Tamar,train
N4.S5.B.26.JPG,N4,N,S5,NabootSaif,6_Pre-Tamar,train
N4.S5.B.27.JPG,N4,N,S5,NabootSaif,6_Pre-Tamar,train
N4.S5.B.28.JPG,N4,N,S5,NabootSaif,6_Pre-Tamar,train
N4.S5.B.29.JPG,N4,N,S5,NabootSaif,6_Pre-Tamar,train
N4.S5.B.3.JPG,N4,N,S5,NabootSaif,6_Pre-Tamar,train
N4.S5.B.30.JPG,N4,N,S5,NabootSaif,6_Pre-Tamar,train
N4.S5.B.31.JPG,N4,N,S5,NabootSaif,6_Pre-Tamar,train
N4.S5.B.32.JPG,N4,N,S5,NabootSaif,6_Pre-Tamar,train
N4.S5.B.33.JPG,N4,N,S5,NabootSaif,6_Pre-Tamar,train
N4.S5.B.34.JPG,N4,N,S5,NabootSaif,6_Pre-Tamar,train
N4.S5.B.35.JPG,N4,N,S5,NabootSaif,6_Pre-Tamar,train
N4.S5.B.36.JPG,N4,N,S5,NabootSaif,6_Pre-Tamar,train
N4.S5.B.37.JPG,N4,N,S5,NabootSaif,6_Pre-Tamar,train
N4.S5.B.38.JPG,N4,N,S5,NabootSaif,6_Pre-Tamar,train
N4.S5.B.39.JPG,N4,N,S5,NabootSaif,6_Pre-Tamar,train
N4.S5.B.4.JPG,N4,N,S5,NabootSaif,6_Pre-Tamar,train
N4.S5.B.40.JPG,N4,N,S5,NabootSaif,6_Pre-Tamar,train
N4.S5.B.41.JPG,N4,N,S5,NabootSaif,6_Pre-Tamar,train
N4.S5.B.42.JPG,N4,N,S5,NabootSaif,6_Pre-Tamar,train
N4.S5.B.43.JPG,N4,N,S5,NabootSaif,6_Pre-Tamar,train
N4.S5.B.44.JPG,N4,N,S5,NabootSaif,6_Pre-Tamar,train
N4.S5.B.45.JPG,N4,N,S5,NabootSaif,6_Pre-Tamar,train
N4.S5.B.46.JPG,N4,N,S5,NabootSaif,6_Pre-Tamar,train
N4.S5.B.47.JPG,N4,N,S5,NabootSaif,6_Pre-Tamar,train
N4.S5.B.48.JPG,N4,N,S5,NabootSaif,6_Pre-Tamar,train
N4.S5.B.49.JPG,N4,N,S5,NabootSaif,6_Pre-Tamar,train
N4.S5.B.5.JPG,N4,N,S5,NabootSaif,6_Pre-Tamar,train
N4.S5.B.6.JPG,N4,N,S5,NabootSaif,6_Pre-Tamar,train
N4.S5.B.7.JPG,N4,N,S5,NabootSaif,6_Pre-Tamar,train
N4.S5.B.8.JPG,N4,N,S5,NabootSaif,6_Pre-Tamar,train
N4.S5.B.9.JPG,N4,N,S5,NabootSaif,6_Pre-Tamar,train
N4.S6.B.1.JPG,N4,N,S6,NabootSaif,7_Tamar,train
N4.S6.B.10.JPG,N4,N,S6,NabootSaif,7_Tamar,train
N4.S6.B.11.JPG,N4,N,S6,NabootSaif,7_Tamar,train
N4.S6.B.12.JPG,N4,N,S6,NabootSaif,7_Tamar,train
N4.S6.B.13.JPG,N4,N,S6,NabootSaif,7_Tamar,train
N4.S6.B.14.JPG,N4,N,S6,NabootSaif,7_Tamar,train
N4.S6.B.15.JPG,N4,N,S6,NabootSaif,7_Tamar,train
N4.S6.B.16.JPG,N4,N,S6,NabootSaif,7_Tamar,train
N4.S6.B.17.JPG,N4,N,S6,NabootSaif,7_Tamar,train
N4.S6.B.18.JPG,N4,N,S6,NabootSaif,7_Tamar,train
N4.S6.B.19.JPG,N4,N,S6,NabootSaif,7_Tamar,train
N4.S6.B.2.JPG,N4,N,S6,NabootSaif,7_Tamar,train
N4.S6.B.20.JPG,N4,N,S6,NabootSaif,7_Tamar,train
N4.S6.B.21.JPG,N4,N,S6,NabootSaif,7_Tamar,train
N4.S6.B.22.JPG,N4,N,S6,NabootSaif,7_Tamar,train
N4.S6.B.23.JPG,N4,N,S6,NabootSaif,7_Tamar,train
N4.S6.B.24.JPG,N4,N,S6,NabootSaif,7_Tamar,train
N4.S6.B.25.JPG,N4,N,S6,NabootSaif,7_Tamar,train
N4.S6.B.26.JPG,N4,N,S6,NabootSaif,7_Tamar,train
N4.S6.B.27.JPG,N4,N,S6,NabootSaif,7_Tamar,train
N4.S6.B.28.JPG,N4,N,S6,NabootSaif,7_Tamar,train
N4.S6.B.29.JPG,N4,N,S6,NabootSaif,7_Tamar,train
N4.S6.B.3.JPG,N4,N,S6,NabootSaif,7_Tamar,train
N4.S6.B.4.JPG,N4,N,S6,NabootSaif,7_Tamar,train
N4.S6.B.5.JPG,N4,N,S6,NabootSaif,7_Tamar,train
N4.S6.B.6.JPG,N4,N,S6,NabootSaif,7_Tamar,train
N4.S6.B.7.JPG,N4,N,S6,NabootSaif,7_Tamar,train
N4.S6.B.8.JPG,N4,N,S6,NabootSaif,7_Tamar,train
N4.S6.B.9.JPG,N4,N,S6,NabootSaif,7_Tamar,train
N5.S1.B.1.JPG,N5,N,S1,NabootSaif,1_Immature-1,train
N5.S1.B.10.JPG,N5,N,S1,NabootSaif,1_Immature-1,train
N5.S1.B.11.JPG,N5,N,S1,NabootSaif,1_Immature-1,train
N5.S1.B.12.JPG,N5,N,S1,NabootSaif,1_Immature-1,train
N5.S1.B.13.JPG,N5,N,S1,NabootSaif,1_Immature-1,train
N5.S1.B.14.JPG,N5,N,S1,NabootSaif,1_Immature-1,train
N5.S1.B.15.JPG,N5,N,S1,NabootSaif,1_Immature-1,train
N5.S1.B.16.JPG,N5,N,S1,NabootSaif,1_Immature-1,train
N5.S1.B.17.JPG,N5,N,S1,NabootSaif,1_Immature-1,train
N5.S1.B.18.JPG,N5,N,S1,NabootSaif,1_Immature-1,train
N5.S1.B.19.JPG,N5,N,S1,NabootSaif,1_Immature-1,train
N5.S1.B.2.JPG,N5,N,S1,NabootSaif,1_Immature-1,train
N5.S1.B.20.JPG,N5,N,S1,NabootSaif,1_Immature-1,train
N5.S1.B.21.JPG,N5,N,S1,NabootSaif,1_Immature-1,train
N5.S1.B.22.JPG,N5,N,S1,NabootSaif,1_Immature-1,train
N5.S1.B.23.JPG,N5,N,S1,NabootSaif,1_Immature-1,train
N5.S1.B.24.JPG,N5,N,S1,NabootSaif,1_Immature-1,train
N5.S1.B.25.JPG,N5,N,S1,NabootSaif,1_Immature-1,train
N5.S1.B.26.JPG,N5,N,S1,NabootSaif,1_Immature-1,train
N5.S1.B.27.JPG,N5,N,S1,NabootSaif,1_Immature-1,train
N5.S1.B.28.JPG,N5,N,S1,NabootSaif,1_Immature-1,train
N5.S1.B.29.JPG,N5,N,S1,NabootSaif,1_Immature-1,train
N5.S1.B.3.JPG,N5,N,S1,NabootSaif,1_Immature-1,train
N5.S1.B.30.JPG,N5,N,S1,NabootSaif,1_Immature-1,train
N5.S1.B.31.JPG,N5,N,S1,NabootSaif,1_Immature-1,train
N5.S1.B.32.JPG,N5,N,S1,NabootSaif,1_Immature-1,train
N5.S1.B.33.JPG,N5,N,S1,NabootSaif,1_Immature-1,train
N5.S1.B.34.JPG,N5,N,S1,NabootSaif,1_Immature-1,train
N5.S1.B.35.JPG,N5,N,S1,NabootSaif,1_Immature-1,train
N5.S1.B.4.JPG,N5,N,S1,NabootSaif,1_Immature-1,train
N5.S1.B.5.JPG,N5,N,S1,NabootSaif,1_Immature-1,train
N5.S1.B.6.JPG,N5,N,S1,NabootSaif,1_Immature-1,train
N5.S1.B.7.JPG,N5,N,S1,NabootSaif,1_Immature-1,train
N5.S1.B.8.JPG,N5,N,S1,NabootSaif,1_Immature-1,train
N5.S1.B.9.JPG,N5,N,S1,NabootSaif,1_Immature-1,train
N5.S2.B.1.JPG,N5,N,S2,NabootSaif,1_Immature-1,train
N5.S2.B.10.JPG,N5,N,S2,NabootSaif,1_Immature-1,train
N5.S2.B.11.JPG,N5,N,S2,NabootSaif,1_Immature-1,train
N5.S2.B.12.JPG,N5,N,S2,NabootSaif,1_Immature-1,train
N5.S2.B.13.JPG,N5,N,S2,NabootSaif,1_Immature-1,train
N5.S2.B.14.JPG,N5,N,S2,NabootSaif,1_Immature-1,train
N5.S2.B.15.JPG,N5,N,S2,NabootSaif,1_Immature-1,train
N5.S2.B.16.JPG,N5,N,S2,NabootSaif,1_Immature-1,train
N5.S2.B.17.JPG,N5,N,S2,NabootSaif,1_Immature-1,train
N5.S2.B.18.JPG,N5,N,S2,NabootSaif,1_Immature-1,train
N5.S2.B.19.JPG,N5,N,S2,NabootSaif,1_Immature-1,train
N5.S2.B.2.JPG,N5,N,S2,NabootSaif,1_Immature-1,train
N5.S2.B.20.JPG,N5,N,S2,NabootSaif,1_Immature-1,train
N5.S2.B.21.JPG,N5,N,S2,NabootSaif,1_Immature-1,train
N5.S2.B.22.JPG,N5,N,S2,NabootSaif,1_Immature-1,train
N5.S2.B.23.JPG,N5,N,S2,NabootSaif,1_Immature-1,train
N5.S2.B.24.JPG,N5,N,S2,NabootSaif,1_Immature-1,train
N5.S2.B.25.JPG,N5,N,S2,NabootSaif,1_Immature-1,train
N5.S2.B.26.JPG,N5,N,S2,NabootSaif,1_Immature-1,train
N5.S2.B.27.JPG,N5,N,S2,NabootSaif,1_Immature-1,train
N5.S2.B.28.JPG,N5,N,S2,NabootSaif,2_Immature-2,train
N5.S2.B.29.JPG,N5,N,S2,NabootSaif,1_Immature-1,train
N5.S2.B.3.JPG,N5,N,S2,NabootSaif,1_Immature-1,train
N5.S2.B.30.JPG,N5,N,S2,NabootSaif,2_Immature-2,train
N5.S2.B.31.JPG,N5,N,S2,NabootSaif,1_Immature-1,train
N5.S2.B.32.JPG,N5,N,S2,NabootSaif,1_Immature-1,train
N5.S2.B.33.JPG,N5,N,S2,NabootSaif,1_Immature-1,train
N5.S2.B.34.JPG,N5,N,S2,NabootSaif,1_Immature-1,train
N5.S2.B.35.JPG,N5,N,S2,NabootSaif,1_Immature-1,train
N5.S2.B.36.JPG,N5,N,S2,NabootSaif,1_Immature-1,train
N5.S2.B.37.JPG,N5,N,S2,NabootSaif,1_Immature-1,train
N5.S2.B.38.JPG,N5,N,S2,NabootSaif,1_Immature-1,train
N5.S2.B.39.JPG,N5,N,S2,NabootSaif,1_Immature-1,train
N5.S2.B.4.JPG,N5,N,S2,NabootSaif,1_Immature-1,train
N5.S2.B.40.JPG,N5,N,S2,NabootSaif,1_Immature-1,train
N5.S2.B.41.JPG,N5,N,S2,NabootSaif,1_Immature-1,train
N5.S2.B.42.JPG,N5,N,S2,NabootSaif,1_Immature-1,train
N5.S2.B.43.JPG,N5,N,S2,NabootSaif,1_Immature-1,train
N5.S2.B.44.JPG,N5,N,S2,NabootSaif,1_Immature-1,train
N5.S2.B.45.JPG,N5,N,S2,NabootSaif,1_Immature-1,train
N5.S2.B.46.JPG,N5,N,S2,NabootSaif,1_Immature-1,train
N5.S2.B.47.JPG,N5,N,S2,NabootSaif,1_Immature-1,train
N5.S2.B.48.JPG,N5,N,S2,NabootSaif,1_Immature-1,train
N5.S2.B.49.JPG,N5,N,S2,NabootSaif,1_Immature-1,train
N5.S2.B.5.JPG,N5,N,S2,NabootSaif,1_Immature-1,train
N5.S2.B.50.JPG,N5,N,S2,NabootSaif,1_Immature-1,train
N5.S2.B.51.JPG,N5,N,S2,NabootSaif,1_Immature-1,train
N5.S2.B.52.JPG,N5,N,S2,NabootSaif,1_Immature-1,train
N5.S2.B.53.JPG,N5,N,S2,NabootSaif,1_Immature-1,train
N5.S2.B.54.JPG,N5,N,S2,NabootSaif,1_Immature-1,train
N5.S2.B.55.JPG,N5,N,S2,NabootSaif,1_Immature-1,train
N5.S2.B.56.JPG,N5,N,S2,NabootSaif,1_Immature-1,train
N5.S2.B.57.JPG,N5,N,S2,NabootSaif,1_Immature-1,train
N5.S2.B.58.JPG,N5,N,S2,NabootSaif,1_Immature-1,train
N5.S2.B.6.JPG,N5,N,S2,NabootSaif,1_Immature-1,train
N5.S2.B.7.JPG,N5,N,S2,NabootSaif,1_Immature-1,train
N5.S2.B.8.JPG,N5,N,S2,NabootSaif,1_Immature-1,train
N5.S2.B.9.JPG,N5,N,S2,NabootSaif,1_Immature-1,train
N5.S3.B.1.JPG,N5,N,S3,NabootSaif,,train
N5.S3.B.10.JPG,N5,N,S3,NabootSaif,,train
N5.S3.B.11.JPG,N5,N,S3,NabootSaif,,train
N5.S3.B.12.JPG,N5,N,S3,NabootSaif,,train
N5.S3.B.13.JPG,N5,N,S3,NabootSaif,,train
N5.S3.B.14.JPG,N5,N,S3,NabootSaif,,train
N5.S3.B.15.JPG,N5,N,S3,NabootSaif,,train
N5.S3.B.16.JPG,N5,N,S3,NabootSaif,3_Pre-Khalal,train
N5.S3.B.17.JPG,N5,N,S3,NabootSaif,2_Immature-2,train
N5.S3.B.18.JPG,N5,N,S3,NabootSaif,2_Immature-2,train
N5.S3.B.19.JPG,N5,N,S3,NabootSaif,,train
N5.S3.B.2.JPG,N5,N,S3,NabootSaif,2_Immature-2,train
N5.S3.B.20.JPG,N5,N,S3,NabootSaif,,train
N5.S3.B.21.JPG,N5,N,S3,NabootSaif,,train
N5.S3.B.22.JPG,N5,N,S3,NabootSaif,,train
N5.S3.B.23.JPG,N5,N,S3,NabootSaif,,train
N5.S3.B.24.JPG,N5,N,S3,NabootSaif,,train
N5.S3.B.25.JPG,N5,N,S3,NabootSaif,,train
N5.S3.B.26.JPG,N5,N,S3,NabootSaif,,train
N5.S3.B.27.JPG,N5,N,S3,NabootSaif,,train
N5.S3.B.28.JPG,N5,N,S3,NabootSaif,,train
N5.S3.B.29.JPG,N5,N,S3,NabootSaif,,train
N5.S3.B.3.JPG,N5,N,S3,NabootSaif,,train
N5.S3.B.30.JPG,N5,N,S3,NabootSaif,,train
N5.S3.B.31.JPG,N5,N,S3,NabootSaif,,train
N5.S3.B.32.JPG,N5,N,S3,NabootSaif,,train
N5.S3.B.33.JPG,N5,N,S3,NabootSaif,,train
N5.S3.B.34.JPG,N5,N,S3,NabootSaif,,train
N5.S3.B.35.JPG,N5,N,S3,NabootSaif,,train
N5.S3.B.36.JPG,N5,N,S3,NabootSaif,,train
N5.S3.B.4.JPG,N5,N,S3,NabootSaif,,train
N5.S3.B.5.JPG,N5,N,S3,NabootSaif,3_Pre-Khalal,train
N5.S3.B.6.JPG,N5,N,S3,NabootSaif,,train
N5.S3.B.7.JPG,N5,N,S3,NabootSaif,,train
N5.S3.B.8.JPG,N5,N,S3,NabootSaif,,train
N5.S3.B.9.JPG,N5,N,S3,NabootSaif,,train
N5.S4.B.1.JPG,N5,N,S4,NabootSaif,5_KhalalwithRutab,train
N5.S4.B.10.JPG,N5,N,S4,NabootSaif,5_KhalalwithRutab,train
N5.S4.B.100.JPG,N5,N,S4,NabootSaif,,train
N5.S4.B.101.JPG,N5,N,S4,NabootSaif,5_KhalalwithRutab,train
N5.S4.B.102.JPG,N5,N,S4,NabootSaif,5_KhalalwithRutab,train
N5.S4.B.103.JPG,N5,N,S4,NabootSaif,5_KhalalwithRutab,train
N5.S4.B.104.JPG,N5,N,S4,NabootSaif,5_KhalalwithRutab,train
N5.S4.B.105.JPG,N5,N,S4,NabootSaif,,train
N5.S4.B.106.JPG,N5,N,S4,NabootSaif,,train
N5.S4.B.107.JPG,N5,N,S4,NabootSaif,,train
N5.S4.B.108.JPG,N5,N,S4,NabootSaif,5_KhalalwithRutab,train
N5.S4.B.109.JPG,N5,N,S4,NabootSaif,,train
N5.S4.B.11.JPG,N5,N,S4,NabootSaif,,train
N5.S4.B.12.JPG,N5,N,S4,NabootSaif,,train
N5.S4.B.13.JPG,N5,N,S4,NabootSaif,,train
N5.S4.B.14.JPG,N5,N,S4,NabootSaif,,train
N5.S4.B.15.JPG,N5,N,S4,NabootSaif,,train
N5.S4.B.16.JPG,N5,N,S4,NabootSaif,,train
N5.S4.B.17.JPG,N5,N,S4,NabootSaif,,train
N5.S4.B.18.JPG,N5,N,S4,NabootSaif,,train
N5.S4.B.19.JPG,N5,N,S4,NabootSaif,,train
N5.S4.B.2.JPG,N5,N,S4,NabootSaif,5_KhalalwithRutab,train
N5.S4.B.20.JPG,N5,N,S4,NabootSaif,,train
N5.S4.B.21.JPG,N5,N,S4,NabootSaif,5_KhalalwithRutab,train
N5.S4.B.22.JPG,N5,N,S4,NabootSaif,5_KhalalwithRutab,train
N5.S4.B.23.JPG,N5,N,S4,NabootSaif,5_KhalalwithRutab,train
N5.S4.B.24.JPG,N5,N,S4,NabootSaif,5_KhalalwithRutab,train
N5.S4.B.25.JPG,N5,N,S4,NabootSaif,5_KhalalwithRutab,train
N5.S4.B.26.JPG,N5,N,S4,NabootSaif,5_KhalalwithRutab,train
N5.S4.B.27.JPG,N5,N,S4,NabootSaif,5_KhalalwithRutab,train
N5.S4.B.28.JPG,N5,N,S4,NabootSaif,5_KhalalwithRutab,train
N5.S4.B.29.JPG,N5,N,S4,NabootSaif,,train
N5.S4.B.3.JPG,N5,N,S4,NabootSaif,5_KhalalwithRutab,train
N5.S4.B.30.JPG,N5,N,S4,NabootSaif,,train
N5.S4.B.31.JPG,N5,N,S4,NabootSaif,5_KhalalwithRutab,train
N5.S4.B.32.JPG,N5,N,S4,NabootSaif,5_KhalalwithRutab,train
N5.S4.B.33.JPG,N5,N,S4,NabootSaif,5_KhalalwithRutab,train
N5.S4.B.34.JPG,N5,N,S4,NabootSaif,5_KhalalwithRutab,train
N5.S4.B.35.JPG,N5,N,S4,NabootSaif,5_KhalalwithRutab,train
N5.S4.B.36.JPG,N5,N,S4,NabootSaif,5_KhalalwithRutab,train
N5.S4.B.37.JPG,N5,N,S4,NabootSaif,5_KhalalwithRutab,train
N5.S4.B.38.JPG,N5,N,S4,NabootSaif,,train
N5.S4.B.39.JPG,N5,N,S4,NabootSaif,,train
N5.S4.B.4.JPG,N5,N,S4,NabootSaif,5_KhalalwithRutab,train
N5.S4.B.40.JPG,N5,N,S4,NabootSaif,,train
N5.S4.B.41.JPG,N5,N,S4,NabootSaif,,train
N5.S4.B.42.JPG,N5,N,S4,NabootSaif,,train
N5.S4.B.43.JPG,N5,N,S4,NabootSaif,,train
N5.S4.B.44.JPG,N5,N,S4,NabootSaif,,train
N5.S4.B.45.JPG,N5,N,S4,NabootSaif,5_KhalalwithRutab,train
N5.S4.B.46.JPG,N5,N,S4,NabootSaif,5_KhalalwithRutab,train
N5.S4.B.47.JPG,N5,N,S4,NabootSaif,5_KhalalwithRutab,train
N5.S4.B.48.JPG,N5,N,S4,NabootSaif,5_KhalalwithRutab,train
N5.S4.B.49.JPG,N5,N,S4,NabootSaif,,train
N5.S4.B.5.JPG,N5,N,S4,NabootSaif,5_KhalalwithRutab,train
N5.S4.B.50.JPG,N5,N,S4,NabootSaif,,train
N5.S4.B.51.JPG,N5,N,S4,NabootSaif,,train
N5.S4.B.52.JPG,N5,N,S4,NabootSaif,,train
N5.S4.B.53.JPG,N5,N,S4,NabootSaif,5_KhalalwithRutab,train
N5.S4.B.54.JPG,N5,N,S4,NabootSaif,,train
N5.S4.B.55.JPG,N5,N,S4,NabootSaif,,train
N5.S4.B.56.JPG,N5,N,S4,NabootSaif,5_KhalalwithRutab,train
N5.S4.B.57.JPG,N5,N,S4,NabootSaif,5_KhalalwithRutab,train
N5.S4.B.58.JPG,N5,N,S4,NabootSaif,,train
N5.S4.B.59.JPG,N5,N,S4,NabootSaif,,train
N5.S4.B.6.JPG,N5,N,S4,NabootSaif,5_KhalalwithRutab,train
N5.S4.B.60.JPG,N5,N,S4,NabootSaif,5_KhalalwithRutab,train
N5.S4.B.61.JPG,N5,N,S4,NabootSaif,5_KhalalwithRutab,train
N5.S4.B.62.JPG,N5,N,S4,NabootSaif,5_KhalalwithRutab,train
N5.S4.B.63.JPG,N5,N,S4,NabootSaif,5_KhalalwithRutab,train
N5.S4.B.64.JPG,N5,N,S4,NabootSaif,5_KhalalwithRutab,train
N5.S4.B.65.JPG,N5,N,S4,NabootSaif,,train
N5.S4.B.66.JPG,N5,N,S4,NabootSaif,,train
N5.S4.B.67.JPG,N5,N,S4,NabootSaif,,train
N5.S4.B.68.JPG,N5,N,S4,NabootSaif,,train
N5.S4.B.69.JPG,N5,N,S4,NabootSaif,5_KhalalwithRutab,train
N5.S4.B.7.JPG,N5,N,S4,NabootSaif,5_KhalalwithRutab,train
N5.S4.B.70.JPG,N5,N,S4,NabootSaif,5_KhalalwithRutab,train
N5.S4.B.71.JPG,N5,N,S4,NabootSaif,5_KhalalwithRutab,train
N5.S4.B.72.JPG,N5,N,S4,NabootSaif,,train
N5.S4.B.73.JPG,N5,N,S4,NabootSaif,,train
N5.S4.B.74.JPG,N5,N,S4,NabootSaif,,train
N5.S4.B.75.JPG,N5,N,S4,NabootSaif,5_KhalalwithRutab,train
N5.S4.B.76.JPG,N5,N,S4,NabootSaif,5_KhalalwithRutab,train
N5.S4.B.77.JPG,N5,N,S4,NabootSaif,,train
N5.S4.B.78.JPG,N5,N,S4,NabootSaif,,train
N5.S4.B.79.JPG,N5,N,S4,NabootSaif,,train
N5.S4.B.8.JPG,N5,N,S4,NabootSaif,5_KhalalwithRutab,train
N5.S4.B.80.JPG,N5,N,S4,NabootSaif,,train
N5.S4.B.81.JPG,N5,N,S4,NabootSaif,5_KhalalwithRutab,train
N5.S4.B.82.JPG,N5,N,S4,NabootSaif,5_KhalalwithRutab,train
N5.S4.B.83.JPG,N5,N,S4,NabootSaif,5_KhalalwithRutab,train
N5.S4.B.84.JPG,N5,N,S4,NabootSaif,5_KhalalwithRutab,train
N5.S4.B.85.JPG,N5,N,S4,NabootSaif,5_KhalalwithRutab,train
N5.S4.B.86.JPG,N5,N,S4,NabootSaif,5_KhalalwithRutab,train
N5.S4.B.87.JPG,N5,N,S4,NabootSaif,5_KhalalwithRutab,train
N5.S4.B.88.JPG,N5,N,S4,NabootSaif,5_KhalalwithRutab,train
N5.S4.B.89.JPG,N5,N,S4,NabootSaif,5_KhalalwithRutab,train
N5.S4.B.9.JPG,N5,N,S4,NabootSaif,5_KhalalwithRutab,train
N5.S4.B.90.JPG,N5,N,S4,NabootSaif,,train
N5.S4.B.91.JPG,N5,N,S4,NabootSaif,,train
N5.S4.B.92.JPG,N5,N,S4,NabootSaif,5_KhalalwithRutab,train
N5.S4.B.93.JPG,N5,N,S4,NabootSaif,5_KhalalwithRutab,train
N5.S4.B.94.JPG,N5,N,S4,NabootSaif,,train
N5.S4.B.95.JPG,N5,N,S4,NabootSaif,5_KhalalwithRutab,train
N5.S4.B.96.JPG,N5,N,S4,NabootSaif,,train
N5.S4.B.97.JPG,N5,N,S4,NabootSaif,5_KhalalwithRutab,train
N5.S4.B.98.JPG,N5,N,S4,NabootSaif,,train
N5.S4.B.99.JPG,N5,N,S4,NabootSaif,,train
N5.S5.B.1.JPG,N5,N,S5,NabootSaif,6_Pre-Tamar,train
N5.S5.B.10.JPG,N5,N,S5,NabootSaif,6_Pre-Tamar,train
N5.S5.B.11.JPG,N5,N,S5,NabootSaif,6_Pre-Tamar,train
N5.S5.B.12.JPG,N5,N,S5,NabootSaif,6_Pre-Tamar,train
N5.S5.B.13.JPG,N5,N,S5,NabootSaif,6_Pre-Tamar,train
N5.S5.B.14.JPG,N5,N,S5,NabootSaif,6_Pre-Tamar,train
N5.S5.B.15.JPG,N5,N,S5,NabootSaif,6_Pre-Tamar,train
N5.S5.B.16.JPG,N5,N,S5,NabootSaif,6_Pre-Tamar,train
N5.S5.B.17.JPG,N5,N,S5,NabootSaif,6_Pre-Tamar,train
N5.S5.B.18.JPG,N5,N,S5,NabootSaif,6_Pre-Tamar,train
N5.S5.B.19.JPG,N5,N,S5,NabootSaif,6_Pre-Tamar,train
N5.S5.B.2.JPG,N5,N,S5,NabootSaif,6_Pre-Tamar,train
N5.S5.B.20.JPG,N5,N,S5,NabootSaif,6_Pre-Tamar,train
N5.S5.B.21.JPG,N5,N,S5,NabootSaif,6_Pre-Tamar,train
N5.S5.B.22.JPG,N5,N,S5,NabootSaif,6_Pre-Tamar,train
N5.S5.B.23.JPG,N5,N,S5,NabootSaif,6_Pre-Tamar,train
N5.S5.B.24.JPG,N5,N,S5,NabootSaif,6_Pre-Tamar,train
N5.S5.B.25.JPG,N5,N,S5,NabootSaif,6_Pre-Tamar,train
N5.S5.B.26.JPG,N5,N,S5,NabootSaif,6_Pre-Tamar,train
N5.S5.B.27.JPG,N5,N,S5,NabootSaif,6_Pre-Tamar,train
N5.S5.B.28.JPG,N5,N,S5,NabootSaif,6_Pre-Tamar,train
N5.S5.B.29.JPG,N5,N,S5,NabootSaif,6_Pre-Tamar,train
N5.S5.B.3.JPG,N5,N,S5,NabootSaif,6_Pre-Tamar,train
N5.S5.B.30.JPG,N5,N,S5,NabootSaif,6_Pre-Tamar,train
N5.S5.B.31.JPG,N5,N,S5,NabootSaif,6_Pre-Tamar,train
N5.S5.B.32.JPG,N5,N,S5,NabootSaif,6_Pre-Tamar,train
N5.S5.B.33.JPG,N5,N,S5,NabootSaif,6_Pre-Tamar,train
N5.S5.B.34.JPG,N5,N,S5,NabootSaif,6_Pre-Tamar,train
N5.S5.B.35.JPG,N5,N,S5,NabootSaif,6_Pre-Tamar,train
N5.S5.B.36.JPG,N5,N,S5,NabootSaif,6_Pre-Tamar,train
N5.S5.B.37.JPG,N5,N,S5,NabootSaif,6_Pre-Tamar,train
N5.S5.B.38.JPG,N5,N,S5,NabootSaif,6_Pre-Tamar,train
N5.S5.B.39.JPG,N5,N,S5,NabootSaif,6_Pre-Tamar,train
N5.S5.B.4.JPG,N5,N,S5,NabootSaif,6_Pre-Tamar,train
N5.S5.B.40.JPG,N5,N,S5,NabootSaif,6_Pre-Tamar,train
N5.S5.B.41.JPG,N5,N,S5,NabootSaif,6_Pre-Tamar,train
N5.S5.B.42.JPG,N5,N,S5,NabootSaif,6_Pre-Tamar,train
N5.S5.B.43.JPG,N5,N,S5,NabootSaif,6_Pre-Tamar,train
N5.S5.B.44.JPG,N5,N,S5,NabootSaif,6_Pre-Tamar,train
N5.S5.B.45.JPG,N5,N,S5,NabootSaif,6_Pre-Tamar,train
N5.S5.B.46.JPG,N5,N,S5,NabootSaif,6_Pre-Tamar,train
N5.S5.B.47.JPG,N5,N,S5,NabootSaif,6_Pre-Tamar,train
N5.S5.B.48.JPG,N5,N,S5,NabootSaif,6_Pre-Tamar,train
N5.S5.B.49.JPG,N5,N,S5,NabootSaif,6_Pre-Tamar,train
N5.S5.B.5.JPG,N5,N,S5,NabootSaif,6_Pre-Tamar,train
N5.S5.B.50.JPG,N5,N,S5,NabootSaif,6_Pre-Tamar,train
N5.S5.B.51.JPG,N5,N,S5,NabootSaif,6_Pre-Tamar,train
N5.S5.B.52.JPG,N5,N,S5,NabootSaif,6_Pre-Tamar,train
N5.S5.B.53.JPG,N5,N,S5,NabootSaif,6_Pre-Tamar,train
N5.S5.B.54.JPG,N5,N,S5,NabootSaif,6_Pre-Tamar,train
N5.S5.B.55.JPG,N5,N,S5,NabootSaif,6_Pre-Tamar,train
N5.S5.B.56.JPG,N5,N,S5,NabootSaif,6_Pre-Tamar,train
N5.S5.B.57.JPG,N5,N,S5,NabootSaif,6_Pre-Tamar,train
N5.S5.B.58.JPG,N5,N,S5,NabootSaif,6_Pre-Tamar,train
N5.S5.B.6.JPG,N5,N,S5,NabootSaif,6_Pre-Tamar,train
N5.S5.B.7.JPG,N5,N,S5,NabootSaif,6_Pre-Tamar,train
N5.S5.B.8.JPG,N5,N,S5,NabootSaif,6_Pre-Tamar,train
N5.S5.B.9.JPG,N5,N,S5,NabootSaif,6_Pre-Tamar,train
N5.S6.B.1.JPG,N5,N,S6,NabootSaif,7_Tamar,train
N5.S6.B.10.JPG,N5,N,S6,NabootSaif,7_Tamar,train
N5.S6.B.11.JPG,N5,N,S6,NabootSaif,7_Tamar,train
N5.S6.B.12.JPG,N5,N,S6,NabootSaif,7_Tamar,train
N5.S6.B.13.JPG,N5,N,S6,NabootSaif,7_Tamar,train
N5.S6.B.14.JPG,N5,N,S6,NabootSaif,7_Tamar,train
N5.S6.B.15.JPG,N5,N,S6,NabootSaif,7_Tamar,train
N5.S6.B.16.JPG,N5,N,S6,NabootSaif,7_Tamar,train
N5.S6.B.17.JPG,N5,N,S6,NabootSaif,7_Tamar,train
N5.S6.B.18.JPG,N5,N,S6,NabootSaif,7_Tamar,train
N5.S6.B.19.JPG,N5,N,S6,NabootSaif,7_Tamar,train
N5.S6.B.2.JPG,N5,N,S6,NabootSaif,7_Tamar,train
N5.S6.B.20.JPG,N5,N,S6,NabootSaif,7_Tamar,train
N5.S6.B.21.JPG,N5,N,S6,NabootSaif,7_Tamar,train
N5.S6.B.22.JPG,N5,N,S6,NabootSaif,7_Tamar,train
N5.S6.B.23.JPG,N5,N,S6,NabootSaif,7_Tamar,train
N5.S6.B.24.JPG,N5,N,S6,NabootSaif,7_Tamar,train
N5.S6.B.25.JPG,N5,N,S6,NabootSaif,7_Tamar,train
N5.S6.B.26.JPG,N5,N,S6,NabootSaif,7_Tamar,train
N5.S6.B.27.JPG,N5,N,S6,NabootSaif,7_Tamar,train
N5.S6.B.28.JPG,N5,N,S6,NabootSaif,7_Tamar,train
N5.S6.B.29.JPG,N5,N,S6,NabootSaif,7_Tamar,train
N5.S6.B.3.JPG,N5,N,S6,NabootSaif,7_Tamar,train
N5.S6.B.30.JPG,N5,N,S6,NabootSaif,7_Tamar,train
N5.S6.B.31.JPG,N5,N,S6,NabootSaif,7_Tamar,train
N5.S6.B.32.JPG,N5,N,S6,NabootSaif,7_Tamar,train
N5.S6.B.33.JPG,N5,N,S6,NabootSaif,7_Tamar,train
N5.S6.B.4.JPG,N5,N,S6,NabootSaif,7_Tamar,train
N5.S6.B.5.JPG,N5,N,S6,NabootSaif,7_Tamar,train
N5.S6.B.6.JPG,N5,N,S6,NabootSaif,7_Tamar,train
N5.S6.B.7.JPG,N5,N,S6,NabootSaif,7_Tamar,train
N5.S6.B.8.JPG,N5,N,S6,NabootSaif,7_Tamar,train
N5.S6.B.9.JPG,N5,N,S6,NabootSaif,7_Tamar,train
S1.S1.B.1.JPG,S1,S,S1,Sullaj,1_Immature-1,train
S1.S1.B.10.JPG,S1,S,S1,Sullaj,1_Immature-1,train
S1.S1.B.11.JPG,S1,S,S1,Sullaj,1_Immature-1,train
S1.S1.B.12.JPG,S1,S,S1,Sullaj,1_Immature-1,train
S1.S1.B.13.JPG,S1,S,S1,Sullaj,1_Immature-1,train
S1.S1.B.14.JPG,S1,S,S1,Sullaj,1_Immature-1,train
S1.S1.B.15.JPG,S1,S,S1,Sullaj,1_Immature-1,train
S1.S1.B.16.JPG,S1,S,S1,Sullaj,1_Immature-1,train
S1.S1.B.17.JPG,S1,S,S1,Sullaj,1_Immature-1,train
S1.S1.B.18.JPG,S1,S,S1,Sullaj,1_Immature-1,train
S1.S1.B.19.JPG,S1,S,S1,Sullaj,1_Immature-1,train
S1.S1.B.2.JPG,S1,S,S1,Sullaj,1_Immature-1,train
S1.S1.B.20.JPG,S1,S,S1,Sullaj,1_Immature-1,train
S1.S1.B.21.JPG,S1,S,S1,Sullaj,1_Immature-1,train
S1.S1.B.22.JPG,S1,S,S1,Sullaj,1_Immature-1,train
S1.S1.B.23.JPG,S1,S,S1,Sullaj,1_Immature-1,train
S1.S1.B.24.JPG,S1,S,S1,Sullaj,1_Immature-1,train
S1.S1.B.25.JPG,S1,S,S1,Sullaj,1_Immature-1,train
S1.S1.B.26.JPG,S1,S,S1,Sullaj,1_Immature-1,train
S1.S1.B.27.JPG,S1,S,S1,Sullaj,1_Immature-1,train
S1.S1.B.28.JPG,S1,S,S1,Sullaj,1_Immature-1,train
S1.S1.B.29.JPG,S1,S,S1,Sullaj,1_Immature-1,train
S1.S1.B.3.JPG,S1,S,S1,Sullaj,1_Immature-1,train
S1.S1.B.30.JPG,S1,S,S1,Sullaj,1_Immature-1,train
S1.S1.B.31.JPG,S1,S,S1,Sullaj,1_Immature-1,train
S1.S1.B.32.JPG,S1,S,S1,Sullaj,1_Immature-1,train
S1.S1.B.33.JPG,S1,S,S1,Sullaj,1_Immature-1,train
S1.S1.B.34.JPG,S1,S,S1,Sullaj,1_Immature-1,train
S1.S1.B.35.JPG,S1,S,S1,Sullaj,1_Immature-1,train
S1.S1.B.36.JPG,S1,S,S1,Sullaj,1_Immature-1,train
S1.S1.B.37.JPG,S1,S,S1,Sullaj,1_Immature-1,train
S1.S1.B.38.JPG,S1,S,S1,Sullaj,1_Immature-1,train
S1.S1.B.39.JPG,S1,S,S1,Sullaj,1_Immature-1,train
S1.S1.B.4.JPG,S1,S,S1,Sullaj,1_Immature-1,train
S1.S1.B.40.JPG,S1,S,S1,Sullaj,1_Immature-1,train
S1.S1.B.41.JPG,S1,S,S1,Sullaj,1_Immature-1,train
S1.S1.B.5.JPG,S1,S,S1,Sullaj,1_Immature-1,train
S1.S1.B.6.JPG,S1,S,S1,Sullaj,1_Immature-1,train
S1.S1.B.7.JPG,S1,S,S1,Sullaj,1_Immature-1,train
S1.S1.B.8.JPG,S1,S,S1,Sullaj,1_Immature-1,train
S1.S1.B.9.JPG,S1,S,S1,Sullaj,1_Immature-1,train
S1.S2.B.1.JPG,S1,S,S2,Sullaj,2_Immature-2,train
S1.S2.B.10.JPG,S1,S,S2,Sullaj,2_Immature-2,train
S1.S2.B.11.JPG,S1,S,S2,Sullaj,,train
S1.S2.B.12.JPG,S1,S,S2,Sullaj,,train
S1.S2.B.13.JPG,S1,S,S2,Sullaj,3_Pre-Khalal,train
S1.S2.B.14.JPG,S1,S,S2,Sullaj,3_Pre-Khalal,train
S1.S2.B.15.JPG,S1,S,S2,Sullaj,2_Immature-2,train
S1.S2.B.16.JPG,S1,S,S2,Sullaj,2_Immature-2,train
S1.S2.B.17.JPG,S1,S,S2,Sullaj,2_Immature-2,train
S1.S2.B.18.JPG,S1,S,S2,Sullaj,2_Immature-2,train
S1.S2.B.19.JPG,S1,S,S2,Sullaj,,train
S1.S2.B.2.JPG,S1,S,S2,Sullaj,2_Immature-2,train
S1.S2.B.20.JPG,S1,S,S2,Sullaj,,train
S1.S2.B.21.JPG,S1,S,S2,Sullaj,,train
S1.S2.B.22.JPG,S1,S,S2,Sullaj,2_Immature-2,train
S1.S2.B.23.JPG,S1,S,S2,Sullaj,2_Immature-2,train
S1.S2.B.24.JPG,S1,S,S2,Sullaj,2_Immature-2,train
S1.S2.B.25.JPG,S1,S,S2,Sullaj,2_Immature-2,train
S1.S2.B.26.JPG,S1,S,S2,Sullaj,,train
S1.S2.B.27.JPG,S1,S,S2,Sullaj,2_Immature-2,train
S1.S2.B.28.JPG,S1,S,S2,Sullaj,2_Immature-2,train
S1.S2.B.29.JPG,S1,S,S2,Sullaj,2_Immature-2,train
S1.S2.B.3.JPG,S1,S,S2,Sullaj,2_Immature-2,train
S1.S2.B.30.JPG,S1,S,S2,Sullaj,2_Immature-2,train
S1.S2.B.31.JPG,S1,S,S2,Sullaj,2_Immature-2,train
S1.S2.B.32.JPG,S1,S,S2,Sullaj,2_Immature-2,train
S1.S2.B.33.JPG,S1,S,S2,Sullaj,1_Immature-1,train
S1.S2.B.34.JPG,S1,S,S2,Sullaj,2_Immature-2,train
S1.S2.B.35.JPG,S1,S,S2,Sullaj,2_Immature-2,train
S1.S2.B.36.JPG,S1,S,S2,Sullaj,1_Immature-1,train
S1.S2.B.37.JPG,S1,S,S2,Sullaj,1_Immature-1,train
S1.S2.B.38.JPG,S1,S,S2,Sullaj,2_Immature-2,train
S1.S2.B.39.JPG,S1,S,S2,Sullaj,2_Immature-2,train
S1.S2.B.4.JPG,S1,S,S2,Sullaj,2_Immature-2,train
S1.S2.B.40.JPG,S1,S,S2,Sullaj,1_Immature-1,train
S1.S2.B.41.JPG,S1,S,S2,Sullaj,2_Immature-2,train
S1.S2.B.42.JPG,S1,S,S2,Sullaj,2_Immature-2,train
S1.S2.B.43.JPG,S1,S,S2,Sullaj,2_Immature-2,train
S1.S2.B.44.JPG,S1,S,S2,Sullaj,1_Immature-1,train
S1.S2.B.45.JPG,S1,S,S2,Sullaj,2_Immature-2,train
S1.S2.B.46.JPG,S1,S,S2,Sullaj,2_Immature-2,train
S1.S2.B.5.JPG,S1,S,S2,Sullaj,2_Immature-2,train
S1.S2.B.6.JPG,S1,S,S2,Sullaj,2_Immature-2,train
S1.S2.B.7.JPG,S1,S,S2,Sullaj,2_Immature-2,train
S1.S2.B.8.JPG,S1,S,S2,Sullaj,2_Immature-2,train
S1.S2.B.9.JPG,S1,S,S2,Sullaj,2_Immature-2,train
S1.S3.B.1.JPG,S1,S,S3,Sullaj,,train
S1.S3.B.10.JPG,S1,S,S3,Sullaj,5_KhalalwithRutab,train
S1.S3.B.11.JPG,S1,S,S3,Sullaj,,train
S1.S3.B.12.JPG,S1,S,S3,Sullaj,5_KhalalwithRutab,train
S1.S3.B.13.JPG,S1,S,S3,Sullaj,,train
S1.S3.B.14.JPG,S1,S,S3,Sullaj,5_KhalalwithRutab,train
S1.S3.B.15.JPG,S1,S,S3,Sullaj,5_KhalalwithRutab,train
S1.S3.B.16.JPG,S1,S,S3,Sullaj,5_KhalalwithRutab,train
S1.S3.B.17.JPG,S1,S,S3,Sullaj,,train
S1.S3.B.18.JPG,S1,S,S3,Sullaj,,train
S1.S3.B.19.JPG,S1,S,S3,Sullaj,,train
S1.S3.B.2.JPG,S1,S,S3,Sullaj,,train
S1.S3.B.20.JPG,S1,S,S3,Sullaj,5_KhalalwithRutab,train
S1.S3.B.21.JPG,S1,S,S3,Sullaj,5_KhalalwithRutab,train
S1.S3.B.22.JPG,S1,S,S3,Sullaj,5_KhalalwithRutab,train
S1.S3.B.23.JPG,S1,S,S3,Sullaj,5_KhalalwithRutab,train
S1.S3.B.24.JPG,S1,S,S3,Sullaj,5_KhalalwithRutab,train
S1.S3.B.25.JPG,S1,S,S3,Sullaj,5_KhalalwithRutab,train
S1.S3.B.26.JPG,S1,S,S3,Sullaj,,train
S1.S3.B.27.JPG,S1,S,S3,Sullaj,,train
S1.S3.B.28.JPG,S1,S,S3,Sullaj,,train
S1.S3.B.29.JPG,S1,S,S3,Sullaj,,train
S1.S3.B.3.JPG,S1,S,S3,Sullaj,,train
S1.S3.B.30.JPG,S1,S,S3,Sullaj,,train
S1.S3.B.31.JPG,S1,S,S3,Sullaj,,train
S1.S3.B.32.JPG,S1,S,S3,Sullaj,,train
S1.S3.B.33.JPG,S1,S,S3,Sullaj,,train
S1.S3.B.34.JPG,S1,S,S3,Sullaj,,train
S1.S3.B.35.JPG,S1,S,S3,Sullaj,,train
S1.S3.B.36.JPG,S1,S,S3,Sullaj,,train
S1.S3.B.37.JPG,S1,S,S3,Sullaj,5_KhalalwithRutab,train
S1.S3.B.38.JPG,S1,S,S3,Sullaj,,train
S1.S3.B.39.JPG,S1,S,S3,Sullaj,,train
S1.S3.B.4.JPG,S1,S,S3,Sullaj,,train
S1.S3.B.40.JPG,S1,S,S3,Sullaj,,train
S1.S3.B.41.JPG,S1,S,S3,Sullaj,5_KhalalwithRutab,train
S1.S3.B.42.JPG,S1,S,S3,Sullaj,5_KhalalwithRutab,train
S1.S3.B.43.JPG,S1,S,S3,Sullaj,5_KhalalwithRutab,train
S1.S3.B.44.JPG,S1,S,S3,Sullaj,5_KhalalwithRutab,train
S1.S3.B.45.JPG,S1,S,S3,Sullaj,,train
S1.S3.B.46.JPG,S1,S,S3,Sullaj,,train
S1.S3.B.47.JPG,S1,S,S3,Sullaj,,train
S1.S3.B.48.JPG,S1,S,S3,Sullaj,,train
S1.S3.B.49.JPG,S1,S,S3,Sullaj,,train
S1.S3.B.5.JPG,S1,S,S3,Sullaj,,train
S1.S3.B.50.JPG,S1,S,S3,Sullaj,5_KhalalwithRutab,train
S1.S3.B.51.JPG,S1,S,S3,Sullaj,5_KhalalwithRutab,train
S1.S3.B.52.JPG,S1,S,S3,Sullaj,,train
S1.S3.B.53.JPG,S1,S,S3,Sullaj,,train
S1.S3.B.54.JPG,S1,S,S3,Sullaj,,train
S1.S3.B.55.JPG,S1,S,S3,Sullaj,,train
S1.S3.B.56.JPG,S1,S,S3,Sullaj,,train
S1.S3.B.57.JPG,S1,S,S3,Sullaj,,train
S1.S3.B.58.JPG,S1,S,S3,Sullaj,5_KhalalwithRutab,train
S1.S3.B.59.JPG,S1,S,S3,Sullaj,5_KhalalwithRutab,train
S1.S3.B.6.JPG,S1,S,S3,Sullaj,5_KhalalwithRutab,train
S1.S3.B.60.JPG,S1,S,S3,Sullaj,5_KhalalwithRutab,train
S1.S3.B.61.JPG,S1,S,S3,Sullaj,5_KhalalwithRutab,train
S1.S3.B.62.JPG,S1,S,S3,Sullaj,,train
S1.S3.B.63.JPG,S1,S,S3,Sullaj,5_KhalalwithRutab,train
S1.S3.B.64.JPG,S1,S,S3,Sullaj,5_KhalalwithRutab,train
S1.S3.B.65.JPG,S1,S,S3,Sullaj,5_KhalalwithRutab,train
S1.S3.B.66.JPG,S1,S,S3,Sullaj,5_KhalalwithRutab,train
S1.S3.B.67.JPG,S1,S,S3,Sullaj,5_KhalalwithRutab,train
S1.S3.B.68.JPG,S1,S,S3,Sullaj,,train
S1.S3.B.69.JPG,S1,S,S3,Sullaj,,train
S1.S3.B.7.JPG,S1,S,S3,Sullaj,5_KhalalwithRutab,train
S1.S3.B.70.JPG,S1,S,S3,Sullaj,,train
S1.S3.B.71.JPG,S1,S,S3,Sullaj,5_KhalalwithRutab,train
S1.S3.B.72.JPG,S1,S,S3,Sullaj,5_KhalalwithRutab,train
S1.S3.B.73.JPG,S1,S,S3,Sullaj,,train
S1.S3.B.74.JPG,S1,S,S3,Sullaj,,train
S1.S3.B.75.JPG,S1,S,S3,Sullaj,,train
S1.S3.B.76.JPG,S1,S,S3,Sullaj,5_KhalalwithRutab,train
S1.S3.B.77.JPG,S1,S,S3,Sullaj,5_KhalalwithRutab,train
S1.S3.B.78.JPG,S1,S,S3,Sullaj,5_KhalalwithRutab,train
S1.S3.B.8.JPG,S1,S,S3,Sullaj,,train
S1.S3.B.9.JPG,S1,S,S3,Sullaj,5_KhalalwithRutab,train
S1.S4.B.1.JPG,S1,S,S4,Sullaj,4_Khalal,train
S1.S4.B.10.JPG,S1,S,S4,Sullaj,4_Khalal,train
S1.S4.B.100.JPG,S1,S,S4,Sullaj,4_Khalal,train
S1.S4.B.101.JPG,S1,S,S4,Sullaj,,train
S1.S4.B.102.JPG,S1,S,S4,Sullaj,,train
S1.S4.B.103.JPG,S1,S,S4,Sullaj,,train
S1.S4.B.104.JPG,S1,S,S4,Sullaj,,train
S1.S4.B.11.JPG,S1,S,S4,Sullaj,4_Khalal,train
S1.S4.B.12.JPG,S1,S,S4,Sullaj,4_Khalal,train
S1.S4.B.13.JPG,S1,S,S4,Sullaj,4_Khalal,train
S1.S4.B.14.JPG,S1,S,S4,Sullaj,4_Khalal,train
S1.S4.B.15.JPG,S1,S,S4,Sullaj,4_Khalal,train
S1.S4.B.16.JPG,S1,S,S4,Sullaj,4_Khalal,train
S1.S4.B.17.JPG,S1,S,S4,Sullaj,4_Khalal,train
S1.S4.B.18.JPG,S1,S,S4,Sullaj,4_Khalal,train
S1.S4.B.19.JPG,S1,S,S4,Sullaj,4_Khalal,train
S1.S4.B.2.JPG,S1,S,S4,Sullaj,4_Khalal,train
S1.S4.B.20.JPG,S1,S,S4,Sullaj,4_Khalal,train
S1.S4.B.21.JPG,S1,S,S4,Sullaj,4_Khalal,train
S1.S4.B.22.JPG,S1,S,S4,Sullaj,4_Khalal,train
S1.S4.B.23.JPG,S1,S,S4,Sullaj,4_Khalal,train
S1.S4.B.24.JPG,S1,S,S4,Sullaj,4_Khalal,train
S1.S4.B.25.JPG,S1,S,S4,Sullaj,4_Khalal,train
S1.S4.B.26.JPG,S1,S,S4,Sullaj,4_Khalal,train
S1.S4.B.27.JPG,S1,S,S4,Sullaj,4_Khalal,train
S1.S4.B.28.JPG,S1,S,S4,Sullaj,4_Khalal,train
S1.S4.B.29.JPG,S1,S,S4,Sullaj,4_Khalal,train
S1.S4.B.3.JPG,S1,S,S4,Sullaj,4_Khalal,train
S1.S4.B.30.JPG,S1,S,S4,Sullaj,4_Khalal,train
S1.S4.B.31.JPG,S1,S,S4,Sullaj,4_Khalal,train
S1.S4.B.32.JPG,S1,S,S4,Sullaj,4_Khalal,train
S1.S4.B.33.JPG,S1,S,S4,Sullaj,4_Khalal,train
S1.S4.B.34.JPG,S1,S,S4,Sullaj,4_Khalal,train
S1.S4.B.35.JPG,S1,S,S4,Sullaj,4_Khalal,train
S1.S4.B.36.JPG,S1,S,S4,Sullaj,4_Khalal,train
S1.S4.B.37.JPG,S1,S,S4,Sullaj,4_Khalal,train
S1.S4.B.38.JPG,S1,S,S4,Sullaj,4_Khalal,train
S1.S4.B.39.JPG,S1,S,S4,Sullaj,4_Khalal,train
S1.S4.B.4.JPG,S1,S,S4,Sullaj,4_Khalal,train
S1.S4.B.40.JPG,S1,S,S4,Sullaj,4_Khalal,train
S1.S4.B.41.JPG,S1,S,S4,Sullaj,4_Khalal,train
S1.S4.B.42.JPG,S1,S,S4,Sullaj,4_Khalal,train
S1.S4.B.43.JPG,S1,S,S4,Sullaj,4_Khalal,train
S1.S4.B.44.JPG,S1,S,S4,Sullaj,4_Khalal,train
S1.S4.B.45.JPG,S1,S,S4,Sullaj,4_Khalal,train
S1.S4.B.46.JPG,S1,S,S4,Sullaj,4_Khalal,train
S1.S4.B.47.JPG,S1,S,S4,Sullaj,4_Khalal,train
S1.S4.B.48.JPG,S1,S,S4,Sullaj,4_Khalal,train
S1.S4.B.49.JPG,S1,S,S4,Sullaj,4_Khalal,train
S1.S4.B.5.JPG,S1,S,S4,Sullaj,4_Khalal,train
S1.S4.B.50.JPG,S1,S,S4,Sullaj,4_Khalal,train
S1.S4.B.51.JPG,S1,S,S4,Sullaj,4_Khalal,train
S1.S4.B.52.JPG,S1,S,S4,Sullaj,4_Khalal,train
S1.S4.B.53.JPG,S1,S,S4,Sullaj,4_Khalal,train
S1.S4.B.54.JPG,S1,S,S4,Sullaj,4_Khalal,train
S1.S4.B.55.JPG,S1,S,S4,Sullaj,4_Khalal,train
S1.S4.B.56.JPG,S1,S,S4,Sullaj,4_Khalal,train
S1.S4.B.57.JPG,S1,S,S4,Sullaj,4_Khalal,train
S1.S4.B.58.JPG,S1,S,S4,Sullaj,4_Khalal,train
S1.S4.B.59.JPG,S1,S,S4,Sullaj,4_Khalal,train
S1.S4.B.6.JPG,S1,S,S4,Sullaj,4_Khalal,train
S1.S4.B.60.JPG,S1,S,S4,Sullaj,4_Khalal,train
S1.S4.B.61.JPG,S1,S,S4,Sullaj,4_Khalal,train
S1.S4.B.62.JPG,S1,S,S4,Sullaj,4_Khalal,train
S1.S4.B.63.JPG,S1,S,S4,Sullaj,4_Khalal,train
S1.S4.B.64.JPG,S1,S,S4,Sullaj,4_Khalal,train
S1.S4.B.65.JPG,S1,S,S4,Sullaj,4_Khalal,train
S1.S4.B.66.JPG,S1,S,S4,Sullaj,4_Khalal,train
S1.S4.B.67.JPG,S1,S,S4,Sullaj,4_Khalal,train
S1.S4.B.68.JPG,S1,S,S4,Sullaj,4_Khalal,train
S1.S4.B.69.JPG,S1,S,S4,Sullaj,4_Khalal,train
S1.S4.B.7.JPG,S1,S,S4,Sullaj,4_Khalal,train
S1.S4.B.70.JPG,S1,S,S4,Sullaj,4_Khalal,train
S1.S4.B.71.JPG,S1,S,S4,Sullaj,,train
S1.S4.B.72.JPG,S1,S,S4,Sullaj,,train
S1.S4.B.73.JPG,S1,S,S4,Sullaj,,train
S1.S4.B.74.JPG,S1,S,S4,Sullaj,4_Khalal,train
S1.S4.B.75.JPG,S1,S,S4,Sullaj,4_Khalal,train
S1.S4.B.76.JPG,S1,S,S4,Sullaj,,train
S1.S4.B.77.JPG,S1,S,S4,Sullaj,,train
S1.S4.B.78.JPG,S1,S,S4,Sullaj,4_Khalal,train
S1.S4.B.79.JPG,S1,S,S4,Sullaj,4_Khalal,train
S1.S4.B.8.JPG,S1,S,S4,Sullaj,4_Khalal,train
S1.S4.B.80.JPG,S1,S,S4,Sullaj,,train
S1.S4.B.81.JPG,S1,S,S4,Sullaj,4_Khalal,train
S1.S4.B.82.JPG,S1,S,S4,Sullaj,4_Khalal,train
S1.S4.B.83.JPG,S1,S,S4,Sullaj,4_Khalal,train
S1.S4.B.84.JPG,S1,S,S4,Sullaj,4_Khalal,train
S1.S4.B.85.JPG,S1,S,S4,Sullaj,4_Khalal,train
S1.S4.B.86.JPG,S1,S,S4,Sullaj,4_Khalal,train
S1.S4.B.87.JPG,S1,S,S4,Sullaj,4_Khalal,train
S1.S4.B.88.JPG,S1,S,S4,Sullaj,,train
S1.S4.B.89.JPG,S1,S,S4,Sullaj,4_Khalal,train
S1.S4.B.9.JPG,S1,S,S4,Sullaj,4_Khalal,train
S1.S4.B.90.JPG,S1,S,S4,Sullaj,4_Khalal,train
S1.S4.B.91.JPG,S1,S,S4,Sullaj,4_Khalal,train
S1.S4.B.92.JPG,S1,S,S4,Sullaj,4_Khalal,train
S1.S4.B.93.JPG,S1,S,S4,Sullaj,4_Khalal,train
S1.S4.B.94.JPG,S1,S,S4,Sullaj,4_Khalal,train
S1.S4.B.95.JPG,S1,S,S4,Sullaj,4_Khalal,train
S1.S4.B.96.JPG,S1,S,S4,Sullaj,,train
S1.S4.B.97.JPG,S1,S,S4,Sullaj,,train
S1.S4.B.98.JPG,S1,S,S4,Sullaj,4_Khalal,train
S1.S4.B.99.JPG,S1,S,S4,Sullaj,4_Khalal,train
S1.S5.B.1.JPG,S1,S,S5,Sullaj,,train
S1.S5.B.2.JPG,S1,S,S5,Sullaj,,train
S1.S5.B.3.JPG,S1,S,S5,Sullaj,,train
S1.S5.B.4.JPG,S1,S,S5,Sullaj,,train
S1.S5.B.5.JPG,S1,S,S5,Sullaj,,train
S1.S5.B.6.JPG,S1,S,S5,Sullaj,,train
S1.S6.B.1.JPG,S1,S,S6,Sullaj,7_Tamar,train
S1.S6.B.2.JPG,S1,S,S6,Sullaj,7_Tamar,train
S2.S1.B.1.JPG,S2,S,S1,Sullaj,1_Immature-1,val
S2.S1.B.10.JPG,S2,S,S1,Sullaj,1_Immature-1,val
S2.S1.B.11.JPG,S2,S,S1,Sullaj,1_Immature-1,val
S2.S1.B.12.JPG,S2,S,S1,Sullaj,1_Immature-1,val
S2.S1.B.13.JPG,S2,S,S1,Sullaj,1_Immature-1,val
S2.S1.B.14.JPG,S2,S,S1,Sullaj,1_Immature-1,val
S2.S1.B.15.JPG,S2,S,S1,Sullaj,1_Immature-1,val
S2.S1.B.16.JPG,S2,S,S1,Sullaj,1_Immature-1,val
S2.S1.B.17.JPG,S2,S,S1,Sullaj,1_Immature-1,val
S2.S1.B.18.JPG,S2,S,S1,Sullaj,1_Immature-1,val
S2.S1.B.19.JPG,S2,S,S1,Sullaj,1_Immature-1,val
S2.S1.B.2.JPG,S2,S,S1,Sullaj,1_Immature-1,val
S2.S1.B.20.JPG,S2,S,S1,Sullaj,1_Immature-1,val
S2.S1.B.21.JPG,S2,S,S1,Sullaj,1_Immature-1,val
S2.S1.B.22.JPG,S2,S,S1,Sullaj,1_Immature-1,val
S2.S1.B.23.JPG,S2,S,S1,Sullaj,1_Immature-1,val
S2.S1.B.24.JPG,S2,S,S1,Sullaj,1_Immature-1,val
S2.S1.B.25.JPG,S2,S,S1,Sullaj,1_Immature-1,val
S2.S1.B.26.JPG,S2,S,S1,Sullaj,1_Immature-1,val
S2.S1.B.27.JPG,S2,S,S1,Sullaj,1_Immature-1,val
S2.S1.B.28.JPG,S2,S,S1,Sullaj,1_Immature-1,val
S2.S1.B.29.JPG,S2,S,S1,Sullaj,1_Immature-1,val
S2.S1.B.3.JPG,S2,S,S1,Sullaj,1_Immature-1,val
S2.S1.B.30.JPG,S2,S,S1,Sullaj,1_Immature-1,val
S2.S1.B.31.JPG,S2,S,S1,Sullaj,1_Immature-1,val
S2.S1.B.32.JPG,S2,S,S1,Sullaj,1_Immature-1,val
S2.S1.B.33.JPG,S2,S,S1,Sullaj,1_Immature-1,val
S2.S1.B.34.JPG,S2,S,S1,Sullaj,1_Immature-1,val
S2.S1.B.35.JPG,S2,S,S1,Sullaj,1_Immature-1,val
S2.S1.B.36.JPG,S2,S,S1,Sullaj,1_Immature-1,val
S2.S1.B.37.JPG,S2,S,S1,Sullaj,1_Immature-1,val
S2.S1.B.38.JPG,S2,S,S1,Sullaj,1_Immature-1,val
S2.S1.B.4.JPG,S2,S,S1,Sullaj,1_Immature-1,val
S2.S1.B.5.JPG,S2,S,S1,Sullaj,1_Immature-1,val
S2.S1.B.6.JPG,S2,S,S1,Sullaj,1_Immature-1,val
S2.S1.B.7.JPG,S2,S,S1,Sullaj,1_Immature-1,val
S2.S1.B.8.JPG,S2,S,S1,Sullaj,1_Immature-1,val
S2.S1.B.9.JPG,S2,S,S1,Sullaj,1_Immature-1,val
S2.S2.B.1.JPG,S2,S,S2,Sullaj,2_Immature-2,val
S2.S2.B.10.JPG,S2,S,S2,Sullaj,2_Immature-2,val
S2.S2.B.11.JPG,S2,S,S2,Sullaj,2_Immature-2,val
S2.S2.B.12.JPG,S2,S,S2,Sullaj,2_Immature-2,val
S2.S2.B.13.JPG,S2,S,S2,Sullaj,2_Immature-2,val
S2.S2.B.14.JPG,S2,S,S2,Sullaj,2_Immature-2,val
S2.S2.B.15.JPG,S2,S,S2,Sullaj,2_Immature-2,val
S2.S2.B.16.JPG,S2,S,S2,Sullaj,2_Immature-2,val
S2.S2.B.17.JPG,S2,S,S2,Sullaj,2_Immature-2,val
S2.S2.B.18.JPG,S2,S,S2,Sullaj,2_Immature-2,val
S2.S2.B.19.JPG,S2,S,S2,Sullaj,2_Immature-2,val
S2.S2.B.2.JPG,S2,S,S2,Sullaj,2_Immature-2,val
S2.S2.B.20.JPG,S2,S,S2,Sullaj,2_Immature-2,val
S2.S2.B.21.JPG,S2,S,S2,Sullaj,2_Immature-2,val
S2.S2.B.22.JPG,S2,S,S2,Sullaj,2_Immature-2,val
S2.S2.B.23.JPG,S2,S,S2,Sullaj,2_Immature-2,val
S2.S2.B.24.JPG,S2,S,S2,Sullaj,2_Immature-2,val
S2.S2.B.25.JPG,S2,S,S2,Sullaj,2_Immature-2,val
S2.S2.B.26.JPG,S2,S,S2,Sullaj,2_Immature-2,val
S2.S2.B.27.JPG,S2,S,S2,Sullaj,2_Immature-2,val
S2.S2.B.28.JPG,S2,S,S2,Sullaj,2_Immature-2,val
S2.S2.B.29.JPG,S2,S,S2,Sullaj,2_Immature-2,val
S2.S2.B.3.JPG,S2,S,S2,Sullaj,2_Immature-2,val
S2.S2.B.30.JPG,S2,S,S2,Sullaj,2_Immature-2,val
S2.S2.B.31.JPG,S2,S,S2,Sullaj,2_Immature-2,val
S2.S2.B.32.JPG,S2,S,S2,Sullaj,2_Immature-2,val
S2.S2.B.33.JPG,S2,S,S2,Sullaj,2_Immature-2,val
S2.S2.B.34.JPG,S2,S,S2,Sullaj,2_Immature-2,val
S2.S2.B.35.JPG,S2,S,S2,Sullaj,1_Immature-1,val
S2.S2.B.36.JPG,S2,S,S2,Sullaj,1_Immature-1,val
S2.S2.B.37.JPG,S2,S,S2,Sullaj,2_Immature-2,val
S2.S2.B.38.JPG,S2,S,S2,Sullaj,1_Immature-1,val
S2.S2.B.39.JPG,S2,S,S2,Sullaj,1_Immature-1,val
S2.S2.B.4.JPG,S2,S,S2,Sullaj,2_Immature-2,val
S2.S2.B.40.JPG,S2,S,S2,Sullaj,2_Immature-2,val
S2.S2.B.41.JPG,S2,S,S2,Sullaj,1_Immature-1,val
S2.S2.B.42.JPG,S2,S,S2,Sullaj,1_Immature-1,val
S2.S2.B.43.JPG,S2,S,S2,Sullaj,2_Immature-2,val
S2.S2.B.44.JPG,S2,S,S2,Sullaj,2_Immature-2,val
S2.S2.B.45.JPG,S2,S,S2,Sullaj,2_Immature-2,val
S2.S2.B.46.JPG,S2,S,S2,Sullaj,1_Immature-1,val
S2.S2.B.47.JPG,S2,S,S2,Sullaj,1_Immature-1,val
S2.S2.B.48.JPG,S2,S,S2,Sullaj,2_Immature-2,val
S2.S2.B.5.JPG,S2,S,S2,Sullaj,2_Immature-2,val
S2.S2.B.6.JPG,S2,S,S2,Sullaj,2_Immature-2,val
S2.S2.B.7.JPG,S2,S,S2,Sullaj,2_Immature-2,val
S2.S2.B.8.JPG,S2,S,S2,Sullaj,2_Immature-2,val
S2.S2.B.9.JPG,S2,S,S2,Sullaj,2_Immature-2,val
S2.S3.B.1.JPG,S2,S,S3,Sullaj,,val
S2.S3.B.10.JPG,S2,S,S3,Sullaj,,val
S2.S3.B.11.JPG,S2,S,S3,Sullaj,,val
S2.S3.B.12.JPG,S2,S,S3,Sullaj,,val
S2.S3.B.13.JPG,S2,S,S3,Sullaj,,val
S2.S3.B.14.JPG,S2,S,S3,Sullaj,3_Pre-Khalal,val
S2.S3.B.15.JPG,S2,S,S3,Sullaj,,val
S2.S3.B.16.JPG,S2,S,S3,Sullaj,,val
S2.S3.B.17.JPG,S2,S,S3,Sullaj,,val
S2.S3.B.18.JPG,S2,S,S3,Sullaj,,val
S2.S3.B.19.JPG,S2,S,S3,Sullaj,,val
S2.S3.B.2.JPG,S2,S,S3,Sullaj,,val
S2.S3.B.20.JPG,S2,S,S3,Sullaj,,val
S2.S3.B.21.JPG,S2,S,S3,Sullaj,,val
S2.S3.B.22.JPG,S2,S,S3,Sullaj,,val
S2.S3.B.23.JPG,S2,S,S3,Sullaj,,val
S2.S3.B.24.JPG,S2,S,S3,Sullaj,,val
S2.S3.B.25.JPG,S2,S,S3,Sullaj,,val
S2.S3.B.26.JPG,S2,S,S3,Sullaj,,val
S2.S3.B.27.JPG,S2,S,S3,Sullaj,5_KhalalwithRutab,val
S2.S3.B.28.JPG,S2,S,S3,Sullaj,,val
S2.S3.B.29.JPG,S2,S,S3,Sullaj,,val
S2.S3.B.3.JPG,S2,S,S3,Sullaj,,val
S2.S3.B.30.JPG,S2,S,S3,Sullaj,5_KhalalwithRutab,val
S2.S3.B.31.JPG,S2,S,S3,Sullaj,3_Pre-Khalal,val
S2.S3.B.32.JPG,S2,S,S3,Sullaj,,val
S2.S3.B.33.JPG,S2,S,S3,Sullaj,,val
S2.S3.B.34.JPG,S2,S,S3,Sullaj,,val
S2.S3.B.35.JPG,S2,S,S3,Sullaj,,val
S2.S3.B.36.JPG,S2,S,S3,Sullaj,,val
S2.S3.B.37.JPG,S2,S,S3,Sullaj,,val
S2.S3.B.38.JPG,S2,S,S3,Sullaj,,val
S2.S3.B.39.JPG,S2,S,S3,Sullaj,5_KhalalwithRutab,val
S2.S3.B.4.JPG,S2,S,S3,Sullaj,,val
S2.S3.B.40.JPG,S2,S,S3,Sullaj,,val
S2.S3.B.41.JPG,S2,S,S3,Sullaj,,val
S2.S3.B.42.JPG,S2,S,S3,Sullaj,,val
S2.S3.B.43.JPG,S2,S,S3,Sullaj,5_KhalalwithRutab,val
S2.S3.B.44.JPG,S2,S,S3,Sullaj,5_KhalalwithRutab,val
S2.S3.B.45.JPG,S2,S,S3,Sullaj,5_KhalalwithRutab,val
S2.S3.B.46.JPG,S2,S,S3,Sullaj,,val
S2.S3.B.47.JPG,S2,S,S3,Sullaj,,val
S2.S3.B.48.JPG,S2,S,S3,Sullaj,,val
S2.S3.B.49.JPG,S2,S,S3,Sullaj,,val
S2.S3.B.5.JPG,S2,S,S3,Sullaj,,val
S2.S3.B.50.JPG,S2,S,S3,Sullaj,,val
S2.S3.B.51.JPG,S2,S,S3,Sullaj,5_KhalalwithRutab,val
S2.S3.B.52.JPG,S2,S,S3,Sullaj,5_KhalalwithRutab,val
S2.S3.B.53.JPG,S2,S,S3,Sullaj,,val
S2.S3.B.54.JPG,S2,S,S3,Sullaj,,val
S2.S3.B.55.JPG,S2,S,S3,Sullaj,,val
S2.S3.B.56.JPG,S2,S,S3,Sullaj,,val
S2.S3.B.57.JPG,S2,S,S3,Sullaj,,val
S2.S3.B.58.JPG,S2,S,S3,Sullaj,5_KhalalwithRutab,val
S2.S3.B.59.JPG,S2,S,S3,Sullaj,5_KhalalwithRutab,val
S2.S3.B.6.JPG,S2,S,S3,Sullaj,,val
S2.S3.B.60.JPG,S2,S,S3,Sullaj,5_KhalalwithRutab,val
S2.S3.B.61.JPG,S2,S,S3,Sullaj,,val
S2.S3.B.62.JPG,S2,S,S3,Sullaj,,val
S2.S3.B.63.JPG,S2,S,S3,Sullaj,,val
S2.S3.B.7.JPG,S2,S,S3,Sullaj,,val
S2.S3.B.8.JPG,S2,S,S3,Sullaj,5_KhalalwithRutab,val
S2.S3.B.9.JPG,S2,S,S3,Sullaj,,val
S2.S4.B.1.JPG,S2,S,S4,Sullaj,4_Khalal,val
S2.S4.B.10.JPG,S2,S,S4,Sullaj,4_Khalal,val
S2.S4.B.100.JPG,S2,S,S4,Sullaj,3_Pre-Khalal,val
S2.S4.B.101.JPG,S2,S,S4,Sullaj,3_Pre-Khalal,val
S2.S4.B.102.JPG,S2,S,S4,Sullaj,4_Khalal,val
S2.S4.B.103.JPG,S2,S,S4,Sullaj,,val
S2.S4.B.104.JPG,S2,S,S4,Sullaj,,val
S2.S4.B.105.JPG,S2,S,S4,Sullaj,4_Khalal,val
S2.S4.B.106.JPG,S2,S,S4,Sullaj,4_Khalal,val
S2.S4.B.107.JPG,S2,S,S4,Sullaj,4_Khalal,val
S2.S4.B.108.JPG,S2,S,S4,Sullaj,4_Khalal,val
S2.S4.B.109.JPG,S2,S,S4,Sullaj,4_Khalal,val
S2.S4.B.11.JPG,S2,S,S4,Sullaj,4_Khalal,val
S2.S4.B.110.JPG,S2,S,S4,Sullaj,4_Khalal,val
S2.S4.B.111.JPG,S2,S,S4,Sullaj,4_Khalal,val
S2.S4.B.112.JPG,S2,S,S4,Sullaj,4_Khalal,val
S2.S4.B.113.JPG,S2,S,S4,Sullaj,4_Khalal,val
S2.S4.B.114.JPG,S2,S,S4,Sullaj,4_Khalal,val
S2.S4.B.12.JPG,S2,S,S4,Sullaj,4_Khalal,val
S2.S4.B.13.JPG,S2,S,S4,Sullaj,4_Khalal,val
S2.S4.B.14.JPG,S2,S,S4,Sullaj,4_Khalal,val
S2.S4.B.15.JPG,S2,S,S4,Sullaj,4_Khalal,val
S2.S4.B.16.JPG,S2,S,S4,Sullaj,4_Khalal,val
S2.S4.B.17.JPG,S2,S,S4,Sullaj,4_Khalal,val
S2.S4.B.18.JPG,S2,S,S4,Sullaj,4_Khalal,val
S2.S4.B.19.JPG,S2,S,S4,Sullaj,4_Khalal,val
S2.S4.B.2.JPG,S2,S,S4,Sullaj,4_Khalal,val
S2.S4.B.20.JPG,S2,S,S4,Sullaj,4_Khalal,val
S2.S4.B.21.JPG,S2,S,S4,Sullaj,4_Khalal,val
S2.S4.B.22.JPG,S2,S,S4,Sullaj,4_Khalal,val
S2.S4.B.23.JPG,S2,S,S4,Sullaj,4_Khalal,val
S2.S4.B.24.JPG,S2,S,S4,Sullaj,4_Khalal,val
S2.S4.B.25.JPG,S2,S,S4,Sullaj,4_Khalal,val
S2.S4.B.26.JPG,S2,S,S4,Sullaj,4_Khalal,val
S2.S4.B.27.JPG,S2,S,S4,Sullaj,4_Khalal,val
S2.S4.B.28.JPG,S2,S,S4,Sullaj,4_Khalal,val
S2.S4.B.29.JPG,S2,S,S4,Sullaj,4_Khalal,val
S2.S4.B.3.JPG,S2,S,S4,Sullaj,4_Khalal,val
S2.S4.B.30.JPG,S2,S,S4,Sullaj,4_Khalal,val
S2.S4.B.31.JPG,S2,S,S4,Sullaj,4_Khalal,val
S2.S4.B.32.JPG,S2,S,S4,Sullaj,4_Khalal,val
S2.S4.B.33.JPG,S2,S,S4,Sullaj,4_Khalal,val
S2.S4.B.34.JPG,S2,S,S4,Sullaj,4_Khalal,val
S2.S4.B.35.JPG,S2,S,S4,Sullaj,4_Khalal,val
S2.S4.B.36.JPG,S2,S,S4,Sullaj,4_Khalal,val
S2.S4.B.37.JPG,S2,S,S4,Sullaj,4_Khalal,val
S2.S4.B.38.JPG,S2,S,S4,Sullaj,4_Khalal,val
S2.S4.B.39.JPG,S2,S,S4,Sullaj,4_Khalal,val
S2.S4.B.4.JPG,S2,S,S4,Sullaj,4_Khalal,val
S2.S4.B.40.JPG,S2,S,S4,Sullaj,4_Khalal,val
S2.S4.B.41.JPG,S2,S,S4,Sullaj,4_Khalal,val
S2.S4.B.42.JPG,S2,S,S4,Sullaj,4_Khalal,val
S2.S4.B.43.JPG,S2,S,S4,Sullaj,4_Khalal,val
S2.S4.B.44.JPG,S2,S,S4,Sullaj,4_Khalal,val
S2.S4.B.45.JPG,S2,S,S4,Sullaj,4_Khalal,val
S2.S4.B.46.JPG,S2,S,S4,Sullaj,4_Khalal,val
S2.S4.B.47.JPG,S2,S,S4,Sullaj,4_Khalal,val
S2.S4.B.48.JPG,S2,S,S4,Sullaj,4_Khalal,val
S2.S4.B.49.JPG,S2,S,S4,Sullaj,4_Khalal,val
S2.S4.B.5.JPG,S2,S,S4,Sullaj,4_Khalal,val
S2.S4.B.50.JPG,S2,S,S4,Sullaj,4_Khalal,val
S2.S4.B.51.JPG,S2,S,S4,Sullaj,4_Khalal,val
S2.S4.B.52.JPG,S2,S,S4,Sullaj,4_Khalal,val
S2.S4.B.53.JPG,S2,S,S4,Sullaj,4_Khalal,val
S2.S4.B.54.JPG,S2,S,S4,Sullaj,4_Khalal,val
S2.S4.B.55.JPG,S2,S,S4,Sullaj,4_Khalal,val
S2.S4.B.56.JPG,S2,S,S4,Sullaj,4_Khalal,val
S2.S4.B.57.JPG,S2,S,S4,Sullaj,4_Khalal,val
S2.S4.B.58.JPG,S2,S,S4,Sullaj,4_Khalal,val
S2.S4.B.59.JPG,S2,S,S4,Sullaj,4_Khalal,val
S2.S4.B.6.JPG,S2,S,S4,Sullaj,4_Khalal,val
S2.S4.B.60.JPG,S2,S,S4,Sullaj,4_Khalal,val
S2.S4.B.61.JPG,S2,S,S4,Sullaj,4_Khalal,val
S2.S4.B.62.JPG,S2,S,S4,Sullaj,4_Khalal,val
S2.S4.B.63.JPG,S2,S,S4,Sullaj,4_Khalal,val
S2.S4.B.64.JPG,S2,S,S4,Sullaj,4_Khalal,val
S2.S4.B.65.JPG,S2,S,S4,Sullaj,4_Khalal,val
S2.S4.B.66.JPG,S2,S,S4,Sullaj,4_Khalal,val
S2.S4.B.67.JPG,S2,S,S4,Sullaj,4_Khalal,val
S2.S4.B.68.JPG,S2,S,S4,Sullaj,4_Khalal,val
S2.S4.B.69.JPG,S2,S,S4,Sullaj,4_Khalal,val
S2.S4.B.7.JPG,S2,S,S4,Sullaj,4_Khalal,val
S2.S4.B.70.JPG,S2,S,S4,Sullaj,4_Khalal,val
S2.S4.B.71.JPG,S2,S,S4,Sullaj,4_Khalal,val
S2.S4.B.72.JPG,S2,S,S4,Sullaj,4_Khalal,val
S2.S4.B.73.JPG,S2,S,S4,Sullaj,4_Khalal,val
S2.S4.B.74.JPG,S2,S,S4,Sullaj,4_Khalal,val
S2.S4.B.75.JPG,S2,S,S4,Sullaj,4_Khalal,val
S2.S4.B.76.JPG,S2,S,S4,Sullaj,4_Khalal,val
S2.S4.B.77.JPG,S2,S,S4,Sullaj,4_Khalal,val
S2.S4.B.78.JPG,S2,S,S4,Sullaj,4_Khalal,val
S2.S4.B.79.JPG,S2,S,S4,Sullaj,4_Khalal,val
S2.S4.B.8.JPG,S2,S,S4,Sullaj,4_Khalal,val
S2.S4.B.80.JPG,S2,S,S4,Sullaj,4_Khalal,val
S2.S4.B.81.JPG,S2,S,S4,Sullaj,4_Khalal,val
S2.S4.B.82.JPG,S2,S,S4,Sullaj,,val
S2.S4.B.83.JPG,S2,S,S4,Sullaj,,val
S2.S4.B.84.JPG,S2,S,S4,Sullaj,4_Khalal,val
S2.S4.B.85.JPG,S2,S,S4,Sullaj,4_Khalal,val
S2.S4.B.86.JPG,S2,S,S4,Sullaj,4_Khalal,val
S2.S4.B.87.JPG,S2,S,S4,Sullaj,4_Khalal,val
S2.S4.B.88.JPG,S2,S,S4,Sullaj,4_Khalal,val
S2.S4.B.89.JPG,S2,S,S4,Sullaj,4_Khalal,val
S2.S4.B.9.JPG,S2,S,S4,Sullaj,4_Khalal,val
S2.S4.B.90.JPG,S2,S,S4,Sullaj,4_Khalal,val
S2.S4.B.91.JPG,S2,S,S4,Sullaj,4_Khalal,val
S2.S4.B.92.JPG,S2,S,S4,Sullaj,4_Khalal,val
S2.S4.B.93.JPG,S2,S,S4,Sullaj,4_Khalal,val
S2.S4.B.94.JPG,S2,S,S4,Sullaj,3_Pre-Khalal,val
S2.S4.B.95.JPG,S2,S,S4,Sullaj,4_Khalal,val
S2.S4.B.96.JPG,S2,S,S4,Sullaj,3_Pre-Khalal,val
S2.S4.B.97.JPG,S2,S,S4,Sullaj,4_Khalal,val
S2.S4.B.98.JPG,S2,S,S4,Sullaj,4_Khalal,val
S2.S4.B.99.JPG,S2,S,S4,Sullaj,4_Khalal,val
S2.S5.B.1.JPG,S2,S,S5,Sullaj,,val
S2.S5.B.2.JPG,S2,S,S5,Sullaj,,val
S2.S5.B.3.JPG,S2,S,S5,Sullaj,,val
S2.S5.B.4.JPG,S2,S,S5,Sullaj,,val
S2.S5.B.5.JPG,S2,S,S5,Sullaj,,val
S2.S5.B.6.JPG,S2,S,S5,Sullaj,,val
S2.S6.B.1.JPG,S2,S,S6,Sullaj,7_Tamar,val
S2.S6.B.2.JPG,S2,S,S6,Sullaj,7_Tamar,val
S3.S1.B.1.JPG,S3,S,S1,Sullaj,1_Immature-1,train
S3.S1.B.10.JPG,S3,S,S1,Sullaj,1_Immature-1,train
S3.S1.B.11.JPG,S3,S,S1,Sullaj,1_Immature-1,train
S3.S1.B.12.JPG,S3,S,S1,Sullaj,1_Immature-1,train
S3.S1.B.13.JPG,S3,S,S1,Sullaj,1_Immature-1,train
S3.S1.B.14.JPG,S3,S,S1,Sullaj,1_Immature-1,train
S3.S1.B.15.JPG,S3,S,S1,Sullaj,1_Immature-1,train
S3.S1.B.16.JPG,S3,S,S1,Sullaj,1_Immature-1,train
S3.S1.B.17.JPG,S3,S,S1,Sullaj,1_Immature-1,train
S3.S1.B.18.JPG,S3,S,S1,Sullaj,1_Immature-1,train
S3.S1.B.19.JPG,S3,S,S1,Sullaj,1_Immature-1,train
S3.S1.B.2.JPG,S3,S,S1,Sullaj,1_Immature-1,train
S3.S1.B.20.JPG,S3,S,S1,Sullaj,1_Immature-1,train
S3.S1.B.21.JPG,S3,S,S1,Sullaj,1_Immature-1,train
S3.S1.B.22.JPG,S3,S,S1,Sullaj,1_Immature-1,train
S3.S1.B.23.JPG,S3,S,S1,Sullaj,1_Immature-1,train
S3.S1.B.24.JPG,S3,S,S1,Sullaj,1_Immature-1,train
S3.S1.B.25.JPG,S3,S,S1,Sullaj,1_Immature-1,train
S3.S1.B.26.JPG,S3,S,S1,Sullaj,1_Immature-1,train
S3.S1.B.27.JPG,S3,S,S1,Sullaj,1_Immature-1,train
S3.S1.B.28.JPG,S3,S,S1,Sullaj,1_Immature-1,train
S3.S1.B.3.JPG,S3,S,S1,Sullaj,1_Immature-1,train
S3.S1.B.4.JPG,S3,S,S1,Sullaj,1_Immature-1,train
S3.S1.B.5.JPG,S3,S,S1,Sullaj,1_Immature-1,train
S3.S1.B.6.JPG,S3,S,S1,Sullaj,1_Immature-1,train
S3.S1.B.7.JPG,S3,S,S1,Sullaj,1_Immature-1,train
S3.S1.B.8.JPG,S3,S,S1,Sullaj,1_Immature-1,train
S3.S1.B.9.JPG,S3,S,S1,Sullaj,1_Immature-1,train
S3.S2.B.1.JPG,S3,S,S2,Sullaj,1_Immature-1,train
S3.S2.B.10.JPG,S3,S,S2,Sullaj,1_Immature-1,train
S3.S2.B.11.JPG,S3,S,S2,Sullaj,1_Immature-1,train
S3.S2.B.12.JPG,S3,S,S2,Sullaj,2_Immature-2,train
S3.S2.B.13.JPG,S3,S,S2,Sullaj,2_Immature-2,train
S3.S2.B.14.JPG,S3,S,S2,Sullaj,2_Immature-2,train
S3.S2.B.15.JPG,S3,S,S2,Sullaj,2_Immature-2,train
S3.S2.B.16.JPG,S3,S,S2,Sullaj,2_Immature-2,train
S3.S2.B.17.JPG,S3,S,S2,Sullaj,1_Immature-1,train
S3.S2.B.18.JPG,S3,S,S2,Sullaj,2_Immature-2,train
S3.S2.B.19.JPG,S3,S,S2,Sullaj,2_Immature-2,train
S3.S2.B.2.JPG,S3,S,S2,Sullaj,1_Immature-1,train
S3.S2.B.20.JPG,S3,S,S2,Sullaj,2_Immature-2,train
S3.S2.B.21.JPG,S3,S,S2,Sullaj,2_Immature-2,train
S3.S2.B.22.JPG,S3,S,S2,Sullaj,2_Immature-2,train
S3.S2.B.23.JPG,S3,S,S2,Sullaj,2_Immature-2,train
S3.S2.B.24.JPG,S3,S,S2,Sullaj,2_Immature-2,train
S3.S2.B.25.JPG,S3,S,S2,Sullaj,2_Immature-2,train
S3.S2.B.26.JPG,S3,S,S2,Sullaj,2_Immature-2,train
S3.S2.B.27.JPG,S3,S,S2,Sullaj,2_Immature-2,train
S3.S2.B.28.JPG,S3,S,S2,Sullaj,2_Immature-2,train
S3.S2.B.29.JPG,S3,S,S2,Sullaj,2_Immature-2,train
S3.S2.B.3.JPG,S3,S,S2,Sullaj,2_Immature-2,train
S3.S2.B.30.JPG,S3,S,S2,Sullaj,2_Immature-2,train
S3.S2.B.31.JPG,S3,S,S2,Sullaj,2_Immature-2,train
S3.S2.B.32.JPG,S3,S,S2,Sullaj,2_Immature-2,train
S3.S2.B.33.JPG,S3,S,S2,Sullaj,2_Immature-2,train
S3.S2.B.34.JPG,S3,S,S2,Sullaj,1_Immature-1,train
S3.S2.B.35.JPG,S3,S,S2,Sullaj,1_Immature-1,train
S3.S2.B.36.JPG,S3,S,S2,Sullaj,1_Immature-1,train
S3.S2.B.37.JPG,S3,S,S2,Sullaj,1_Immature-1,train
S3.S2.B.38.JPG,S3,S,S2,Sullaj,1_Immature-1,train
S3.S2.B.39.JPG,S3,S,S2,Sullaj,1_Immature-1,train
S3.S2.B.4.JPG,S3,S,S2,Sullaj,2_Immature-2,train
S3.S2.B.40.JPG,S3,S,S2,Sullaj,1_Immature-1,train
S3.S2.B.41.JPG,S3,S,S2,Sullaj,1_Immature-1,train
S3.S2.B.5.JPG,S3,S,S2,Sullaj,2_Immature-2,train
S3.S2.B.6.JPG,S3,S,S2,Sullaj,2_Immature-2,train
S3.S2.B.7.JPG,S3,S,S2,Sullaj,2_Immature-2,train
S3.S2.B.8.JPG,S3,S,S2,Sullaj,2_Immature-2,train
S3.S2.B.9.JPG,S3,S,S2,Sullaj,2_Immature-2,train
S3.S3.B.1.JPG,S3,S,S3,Sullaj,3_Pre-Khalal,train
S3.S3.B.10.JPG,S3,S,S3,Sullaj,3_Pre-Khalal,train
S3.S3.B.11.JPG,S3,S,S3,Sullaj,3_Pre-Khalal,train
S3.S3.B.12.JPG,S3,S,S3,Sullaj,3_Pre-Khalal,train
S3.S3.B.13.JPG,S3,S,S3,Sullaj,,train
S3.S3.B.14.JPG,S3,S,S3,Sullaj,,train
S3.S3.B.15.JPG,S3,S,S3,Sullaj,,train
S3.S3.B.16.JPG,S3,S,S3,Sullaj,,train
S3.S3.B.17.JPG,S3,S,S3,Sullaj,,train
S3.S3.B.18.JPG,S3,S,S3,Sullaj,,train
S3.S3.B.19.JPG,S3,S,S3,Sullaj,,train
S3.S3.B.2.JPG,S3,S,S3,Sullaj,,train
S3.S3.B.20.JPG,S3,S,S3,Sullaj,,train
S3.S3.B.21.JPG,S3,S,S3,Sullaj,,train
S3.S3.B.22.JPG,S3,S,S3,Sullaj,2_Immature-2,train
S3.S3.B.23.JPG,S3,S,S3,Sullaj,,train
S3.S3.B.24.JPG,S3,S,S3,Sullaj,3_Pre-Khalal,train
S3.S3.B.25.JPG,S3,S,S3,Sullaj,3_Pre-Khalal,train
S3.S3.B.26.JPG,S3,S,S3,Sullaj,4_Khalal,train
S3.S3.B.27.JPG,S3,S,S3,Sullaj,,train
S3.S3.B.28.JPG,S3,S,S3,Sullaj,,train
S3.S3.B.29.JPG,S3,S,S3,Sullaj,,train
S3.S3.B.3.JPG,S3,S,S3,Sullaj,,train
S3.S3.B.30.JPG,S3,S,S3,Sullaj,3_Pre-Khalal,train
S3.S3.B.31.JPG,S3,S,S3,Sullaj,3_Pre-Khalal,train
S3.S3.B.32.JPG,S3,S,S3,Sullaj,,train
S3.S3.B.33.JPG,S3,S,S3,Sullaj,,train
S3.S3.B.34.JPG,S3,S,S3,Sullaj,,train
S3.S3.B.35.JPG,S3,S,S3,Sullaj,3_Pre-Khalal,train
S3.S3.B.36.JPG,S3,S,S3,Sullaj,3_Pre-Khalal,train
S3.S3.B.37.JPG,S3,S,S3,Sullaj,,train
S3.S3.B.38.JPG,S3,S,S3,Sullaj,,train
S3.S3.B.39.JPG,S3,S,S3,Sullaj,,train
S3.S3.B.4.JPG,S3,S,S3,Sullaj,4_Khalal,train
S3.S3.B.40.JPG,S3,S,S3,Sullaj,,train
S3.S3.B.41.JPG,S3,S,S3,Sullaj,,train
S3.S3.B.42.JPG,S3,S,S3,Sullaj,,train
S3.S3.B.43.JPG,S3,S,S3,Sullaj,,train
S3.S3.B.44.JPG,S3,S,S3,Sullaj,,train
S3.S3.B.45.JPG,S3,S,S3,Sullaj,,train
S3.S3.B.46.JPG,S3,S,S3,Sullaj,,train
S3.S3.B.47.JPG,S3,S,S3,Sullaj,3_Pre-Khalal,train
S3.S3.B.48.JPG,S3,S,S3,Sullaj,3_Pre-Khalal,train
S3.S3.B.49.JPG,S3,S,S3,Sullaj,,train
S3.S3.B.5.JPG,S3,S,S3,Sullaj,3_Pre-Khalal,train
S3.S3.B.50.JPG,S3,S,S3,Sullaj,,train
S3.S3.B.51.JPG,S3,S,S3,Sullaj,,train
S3.S3.B.52.JPG,S3,S,S3,Sullaj,,train
S3.S3.B.53.JPG,S3,S,S3,Sullaj,,train
S3.S3.B.54.JPG,S3,S,S3,Sullaj,,train
S3.S3.B.55.JPG,S3,S,S3,Sullaj,,train
S3.S3.B.56.JPG,S3,S,S3,Sullaj,,train
S3.S3.B.57.JPG,S3,S,S3,Sullaj,3_Pre-Khalal,train
S3.S3.B.58.JPG,S3,S,S3,Sullaj,3_Pre-Khalal,train
S3.S3.B.59.JPG,S3,S,S3,Sullaj,3_Pre-Khalal,train
S3.S3.B.6.JPG,S3,S,S3,Sullaj,3_Pre-Khalal,train
S3.S3.B.60.JPG,S3,S,S3,Sullaj,,train
S3.S3.B.61.JPG,S3,S,S3,Sullaj,,train
S3.S3.B.62.JPG,S3,S,S3,Sullaj,,train
S3.S3.B.7.JPG,S3,S,S3,Sullaj,3_Pre-Khalal,train
S3.S3.B.8.JPG,S3,S,S3,Sullaj,3_Pre-Khalal,train
S3.S3.B.9.JPG,S3,S,S3,Sullaj,3_Pre-Khalal,train
S3.S4.B.1.JPG,S3,S,S4,Sullaj,4_Khalal,train
S3.S4.B.10.JPG,S3,S,S4,Sullaj,4_Khalal,train
S3.S4.B.11.JPG,S3,S,S4,Sullaj,4_Khalal,train
S3.S4.B.12.JPG,S3,S,S4,Sullaj,4_Khalal,train
S3.S4.B.13.JPG,S3,S,S4,Sullaj,4_Khalal,train
S3.S4.B.14.JPG,S3,S,S4,Sullaj,4_Khalal,train
S3.S4.B.15.JPG,S3,S,S4,Sullaj,4_Khalal,train
S3.S4.B.16.JPG,S3,S,S4,Sullaj,4_Khalal,train
S3.S4.B.17.JPG,S3,S,S4,Sullaj,4_Khalal,train
S3.S4.B.18.JPG,S3,S,S4,Sullaj,4_Khalal,train
S3.S4.B.19.JPG,S3,S,S4,Sullaj,4_Khalal,train
S3.S4.B.2.JPG,S3,S,S4,Sullaj,4_Khalal,train
S3.S4.B.20.JPG,S3,S,S4,Sullaj,4_Khalal,train
S3.S4.B.21.JPG,S3,S,S4,Sullaj,4_Khalal,train
S3.S4.B.22.JPG,S3,S,S4,Sullaj,4_Khalal,train
S3.S4.B.23.JPG,S3,S,S4,Sullaj,4_Khalal,train
S3.S4.B.24.JPG,S3,S,S4,Sullaj,4_Khalal,train
S3.S4.B.25.JPG,S3,S,S4,Sullaj,4_Khalal,train
S3.S4.B.26.JPG,S3,S,S4,Sullaj,4_Khalal,train
S3.S4.B.27.JPG,S3,S,S4,Sullaj,4_Khalal,train
S3.S4.B.28.JPG,S3,S,S4,Sullaj,4_Khalal,train
S3.S4.B.29.JPG,S3,S,S4,Sullaj,4_Khalal,train
S3.S4.B.3.JPG,S3,S,S4,Sullaj,4_Khalal,train
S3.S4.B.30.JPG,S3,S,S4,Sullaj,4_Khalal,train
S3.S4.B.31.JPG,S3,S,S4,Sullaj,4_Khalal,train
S3.S4.B.32.JPG,S3,S,S4,Sullaj,4_Khalal,train
S3.S4.B.33.JPG,S3,S,S4,Sullaj,4_Khalal,train
S3.S4.B.34.JPG,S3,S,S4,Sullaj,4_Khalal,train
S3.S4.B.35.JPG,S3,S,S4,Sullaj,4_Khalal,train
S3.S4.B.36.JPG,S3,S,S4,Sullaj,4_Khalal,train
S3.S4.B.37.JPG,S3,S,S4,Sullaj,4_Khalal,train
S3.S4.B.38.JPG,S3,S,S4,Sullaj,4_Khalal,train
S3.S4.B.39.JPG,S3,S,S4,Sullaj,4_Khalal,train
S3.S4.B.4.JPG,S3,S,S4,Sullaj,4_Khalal,train
S3.S4.B.40.JPG,S3,S,S4,Sullaj,4_Khalal,train
S3.S4.B.41.JPG,S3,S,S4,Sullaj,4_Khalal,train
S3.S4.B.42.JPG,S3,S,S4,Sullaj,4_Khalal,train
S3.S4.B.43.JPG,S3,S,S4,Sullaj,4_Khalal,train
S3.S4.B.44.JPG,S3,S,S4,Sullaj,4_Khalal,train
S3.S4.B.45.JPG,S3,S,S4,Sullaj,4_Khalal,train
S3.S4.B.46.JPG,S3,S,S4,Sullaj,4_Khalal,train
S3.S4.B.47.JPG,S3,S,S4,Sullaj,4_Khalal,train
S3.S4.B.48.JPG,S3,S,S4,Sullaj,4_Khalal,train
S3.S4.B.49.JPG,S3,S,S4,Sullaj,4_Khalal,train
S3.S4.B.5.JPG,S3,S,S4,Sullaj,4_Khalal,train
S3.S4.B.50.JPG,S3,S,S4,Sullaj,4_Khalal,train
S3.S4.B.51.JPG,S3,S,S4,Sullaj,4_Khalal,train
S3.S4.B.52.JPG,S3,S,S4,Sullaj,4_Khalal,train
S3.S4.B.53.JPG,S3,S,S4,Sullaj,4_Khalal,train
S3.S4.B.54.JPG,S3,S,S4,Sullaj,4_Khalal,train
S3.S4.B.55.JPG,S3,S,S4,Sullaj,4_Khalal,train
S3.S4.B.56.JPG,S3,S,S4,Sullaj,4_Khalal,train
S3.S4.B.57.JPG,S3,S,S4,Sullaj,4_Khalal,train
S3.S4.B.58.JPG,S3,S,S4,Sullaj,4_Khalal,train
S3.S4.B.59.JPG,S3,S,S4,Sullaj,4_Khalal,train
S3.S4.B.6.JPG,S3,S,S4,Sullaj,4_Khalal,train
S3.S4.B.60.JPG,S3,S,S4,Sullaj,4_Khalal,train
S3.S4.B.61.JPG,S3,S,S4,Sullaj,4_Khalal,train
S3.S4.B.62.JPG,S3,S,S4,Sullaj,4_Khalal,train
S3.S4.B.63.JPG,S3,S,S4,Sullaj,4_Khalal,train
S3.S4.B.64.JPG,S3,S,S4,Sullaj,4_Khalal,train
S3.S4.B.65.JPG,S3,S,S4,Sullaj,4_Khalal,train
S3.S4.B.66.JPG,S3,S,S4,Sullaj,4_Khalal,train
S3.S4.B.67.JPG,S3,S,S4,Sullaj,4_Khalal,train
S3.S4.B.68.JPG,S3,S,S4,Sullaj,4_Khalal,train
S3.S4.B.69.JPG,S3,S,S4,Sullaj,4_Khalal,train
S3.S4.B.7.JPG,S3,S,S4,Sullaj,4_Khalal,train
S3.S4.B.70.JPG,S3,S,S4,Sullaj,4_Khalal,train
S3.S4.B.71.JPG,S3,S,S4,Sullaj,4_Khalal,train
S3.S4.B.72.JPG,S3,S,S4,Sullaj,4_Khalal,train
S3.S4.B.73.JPG,S3,S,S4,Sullaj,4_Khalal,train
S3.S4.B.74.JPG,S3,S,S4,Sullaj,4_Khalal,train
S3.S4.B.75.JPG,S3,S,S4,Sullaj,4_Khalal,train
S3.S4.B.76.JPG,S3,S,S4,Sullaj,4_Khalal,train
S3.S4.B.77.JPG,S3,S,S4,Sullaj,4_Khalal,train
S3.S4.B.78.JPG,S3,S,S4,Sullaj,4_Khalal,train
S3.S4.B.79.JPG,S3,S,S4,Sullaj,4_Khalal,train
S3.S4.B.8.JPG,S3,S,S4,Sullaj,4_Khalal,train
S3.S4.B.80.JPG,S3,S,S4,Sullaj,4_Khalal,train
S3.S4.B.81.JPG,S3,S,S4,Sullaj,4_Khalal,train
S3.S4.B.82.JPG,S3,S,S4,Sullaj,4_Khalal,train
S3.S4.B.83.JPG,S3,S,S4,Sullaj,4_Khalal,train
S3.S4.B.84.JPG,S3,S,S4,Sullaj,4_Khalal,train
S3.S4.B.85.JPG,S3,S,S4,Sullaj,4_Khalal,train
S3.S4.B.86.JPG,S3,S,S4,Sullaj,4_Khalal,train
S3.S4.B.87.JPG,S3,S,S4,Sullaj,4_Khalal,train
S3.S4.B.88.JPG,S3,S,S4,Sullaj,4_Khalal,train
S3.S4.B.89.JPG,S3,S,S4,Sullaj,4_Khalal,train
S3.S4.B.9.JPG,S3,S,S4,Sullaj,4_Khalal,train
S3.S4.B.90.JPG,S3,S,S4,Sullaj,4_Khalal,train
S3.S4.B.91.JPG,S3,S,S4,Sullaj,4_Khalal,train
S3.S4.B.92.JPG,S3,S,S4,Sullaj,4_Khalal,train
S3.S4.B.93.JPG,S3,S,S4,Sullaj,4_Khalal,train
S3.S4.B.94.JPG,S3,S,S4,Sullaj,4_Khalal,train
S3.S4.B.95.JPG,S3,S,S4,Sullaj,4_Khalal,train
S3.S4.B.96.JPG,S3,S,S4,Sullaj,4_Khalal,train
S3.S4.B.97.JPG,S3,S,S4,Sullaj,4_Khalal,train
S3.S4.B.98.JPG,S3,S,S4,Sullaj,4_Khalal,train
S3.S4.B.99.JPG,S3,S,S4,Sullaj,4_Khalal,train
S3.S5.B.1.JPG,S3,S,S5,Sullaj,,train
S3.S5.B.2.JPG,S3,S,S5,Sullaj,,train
S3.S5.B.3.JPG,S3,S,S5,Sullaj,,train
S3.S5.B.4.JPG,S3,S,S5,Sullaj,,train
S3.S5.B.5.JPG,S3,S,S5,Sullaj,,train
S3.S5.B.6.JPG,S3,S,S5,Sullaj,,train
S3.S5.B.7.JPG,S3,S,S5,Sullaj,,train
S3.S5.B.8.JPG,S3,S,S5,Sullaj,,train
S3.S6.B.1.JPG,S3,S,S6,Sullaj,7_Tamar,train
S3.S6.B.10.JPG,S3,S,S6,Sullaj,7_Tamar,train
S3.S6.B.11.JPG,S3,S,S6,Sullaj,7_Tamar,train
S3.S6.B.12.JPG,S3,S,S6,Sullaj,7_Tamar,train
S3.S6.B.13.JPG,S3,S,S6,Sullaj,7_Tamar,train
S3.S6.B.14.JPG,S3,S,S6,Sullaj,7_Tamar,train
S3.S6.B.15.JPG,S3,S,S6,Sullaj,7_Tamar,train
S3.S6.B.16.JPG,S3,S,S6,Sullaj,7_Tamar,train
S3.S6.B.17.JPG,S3,S,S6,Sullaj,7_Tamar,train
S3.S6.B.18.JPG,S3,S,S6,Sullaj,7_Tamar,train
S3.S6.B.19.JPG,S3,S,S6,Sullaj,7_Tamar,train
S3.S6.B.2.JPG,S3,S,S6,Sullaj,7_Tamar,train
S3.S6.B.20.JPG,S3,S,S6,Sullaj,7_Tamar,train
S3.S6.B.21.JPG,S3,S,S6,Sullaj,7_Tamar,train
S3.S6.B.3.JPG,S3,S,S6,Sullaj,7_Tamar,train
S3.S6.B.4.JPG,S3,S,S6,Sullaj,7_Tamar,train
S3.S6.B.5.JPG,S3,S,S6,Sullaj,7_Tamar,train
S3.S6.B.6.JPG,S3,S,S6,Sullaj,7_Tamar,train
S3.S6.B.7.JPG,S3,S,S6,Sullaj,7_Tamar,train
S3.S6.B.8.JPG,S3,S,S6,Sullaj,7_Tamar,train
S3.S6.B.9.JPG,S3,S,S6,Sullaj,7_Tamar,train
S4.S1.B.1.JPG,S4,S,S1,Sullaj,1_Immature-1,train
S4.S1.B.10.JPG,S4,S,S1,Sullaj,1_Immature-1,train
S4.S1.B.11.JPG,S4,S,S1,Sullaj,1_Immature-1,train
S4.S1.B.12.JPG,S4,S,S1,Sullaj,1_Immature-1,train
S4.S1.B.13.JPG,S4,S,S1,Sullaj,1_Immature-1,train
S4.S1.B.14.JPG,S4,S,S1,Sullaj,1_Immature-1,train
S4.S1.B.15.JPG,S4,S,S1,Sullaj,1_Immature-1,train
S4.S1.B.16.JPG,S4,S,S1,Sullaj,1_Immature-1,train
S4.S1.B.17.JPG,S4,S,S1,Sullaj,1_Immature-1,train
S4.S1.B.18.JPG,S4,S,S1,Sullaj,1_Immature-1,train
S4.S1.B.19.JPG,S4,S,S1,Sullaj,1_Immature-1,train
S4.S1.B.2.JPG,S4,S,S1,Sullaj,1_Immature-1,train
S4.S1.B.20.JPG,S4,S,S1,Sullaj,1_Immature-1,train
S4.S1.B.21.JPG,S4,S,S1,Sullaj,1_Immature-1,train
S4.S1.B.22.JPG,S4,S,S1,Sullaj,1_Immature-1,train
S4.S1.B.23.JPG,S4,S,S1,Sullaj,1_Immature-1,train
S4.S1.B.24.JPG,S4,S,S1,Sullaj,1_Immature-1,train
S4.S1.B.25.JPG,S4,S,S1,Sullaj,1_Immature-1,train
S4.S1.B.26.JPG,S4,S,S1,Sullaj,1_Immature-1,train
S4.S1.B.27.JPG,S4,S,S1,Sullaj,1_Immature-1,train
S4.S1.B.28.JPG,S4,S,S1,Sullaj,1_Immature-1,train
S4.S1.B.29.JPG,S4,S,S1,Sullaj,1_Immature-1,train
S4.S1.B.3.JPG,S4,S,S1,Sullaj,1_Immature-1,train
S4.S1.B.30.JPG,S4,S,S1,Sullaj,1_Immature-1,train
S4.S1.B.31.JPG,S4,S,S1,Sullaj,1_Immature-1,train
S4.S1.B.32.JPG,S4,S,S1,Sullaj,1_Immature-1,train
S4.S1.B.33.JPG,S4,S,S1,Sullaj,1_Immature-1,train
S4.S1.B.34.JPG,S4,S,S1,Sullaj,1_Immature-1,train
S4.S1.B.35.JPG,S4,S,S1,Sullaj,1_Immature-1,train
S4.S1.B.36.JPG,S4,S,S1,Sullaj,1_Immature-1,train
S4.S1.B.37.JPG,S4,S,S1,Sullaj,1_Immature-1,train
S4.S1.B.4.JPG,S4,S,S1,Sullaj,1_Immature-1,train
S4.S1.B.5.JPG,S4,S,S1,Sullaj,1_Immature-1,train
S4.S1.B.6.JPG,S4,S,S1,Sullaj,1_Immature-1,train
S4.S1.B.7.JPG,S4,S,S1,Sullaj,1_Immature-1,train
S4.S1.B.8.JPG,S4,S,S1,Sullaj,1_Immature-1,train
S4.S1.B.9.JPG,S4,S,S1,Sullaj,1_Immature-1,train
S4.S2.B.1.JPG,S4,S,S2,Sullaj,1_Immature-1,train
S4.S2.B.10.JPG,S4,S,S2,Sullaj,1_Immature-1,train
S4.S2.B.11.JPG,S4,S,S2,Sullaj,2_Immature-2,train
S4.S2.B.12.JPG,S4,S,S2,Sullaj,2_Immature-2,train
S4.S2.B.13.JPG,S4,S,S2,Sullaj,2_Immature-2,train
S4.S2.B.14.JPG,S4,S,S2,Sullaj,2_Immature-2,train
S4.S2.B.15.JPG,S4,S,S2,Sullaj,2_Immature-2,train
S4.S2.B.16.JPG,S4,S,S2,Sullaj,2_Immature-2,train
S4.S2.B.17.JPG,S4,S,S2,Sullaj,1_Immature-1,train
S4.S2.B.18.JPG,S4,S,S2,Sullaj,1_Immature-1,train
S4.S2.B.19.JPG,S4,S,S2,Sullaj,1_Immature-1,train
S4.S2.B.2.JPG,S4,S,S2,Sullaj,1_Immature-1,train
S4.S2.B.20.JPG,S4,S,S2,Sullaj,1_Immature-1,train
S4.S2.B.21.JPG,S4,S,S2,Sullaj,1_Immature-1,train
S4.S2.B.22.JPG,S4,S,S2,Sullaj,2_Immature-2,train
S4.S2.B.23.JPG,S4,S,S2,Sullaj,2_Immature-2,train
S4.S2.B.24.JPG,S4,S,S2,Sullaj,2_Immature-2,train
S4.S2.B.25.JPG,S4,S,S2,Sullaj,2_Immature-2,train
S4.S2.B.26.JPG,S4,S,S2,Sullaj,2_Immature-2,train
S4.S2.B.27.JPG,S4,S,S2,Sullaj,2_Immature-2,train
S4.S2.B.28.JPG,S4,S,S2,Sullaj,2_Immature-2,train
S4.S2.B.29.JPG,S4,S,S2,Sullaj,2_Immature-2,train
S4.S2.B.3.JPG,S4,S,S2,Sullaj,2_Immature-2,train
S4.S2.B.30.JPG,S4,S,S2,Sullaj,2_Immature-2,train
S4.S2.B.31.JPG,S4,S,S2,Sullaj,2_Immature-2,train
S4.S2.B.32.JPG,S4,S,S2,Sullaj,2_Immature-2,train
S4.S2.B.33.JPG,S4,S,S2,Sullaj,2_Immature-2,train
S4.S2.B.34.JPG,S4,S,S2,Sullaj,2_Immature-2,train
S4.S2.B.35.JPG,S4,S,S2,Sullaj,2_Immature-2,train
S4.S2.B.36.JPG,S4,S,S2,Sullaj,1_Immature-1,train
S4.S2.B.37.JPG,S4,S,S2,Sullaj,2_Immature-2,train
S4.S2.B.38.JPG,S4,S,S2,Sullaj,2_Immature-2,train
S4.S2.B.39.JPG,S4,S,S2,Sullaj,2_Immature-2,train
S4.S2.B.4.JPG,S4,S,S2,Sullaj,2_Immature-2,train
S4.S2.B.40.JPG,S4,S,S2,Sullaj,1_Immature-1,train
S4.S2.B.41.JPG,S4,S,S2,Sullaj,1_Immature-1,train
S4.S2.B.42.JPG,S4,S,S2,Sullaj,1_Immature-1,train
S4.S2.B.43.JPG,S4,S,S2,Sullaj,1_Immature-1,train
S4.S2.B.44.JPG,S4,S,S2,Sullaj,1_Immature-1,train
S4.S2.B.45.JPG,S4,S,S2,Sullaj,1_Immature-1,train
S4.S2.B.46.JPG,S4,S,S2,Sullaj,1_Immature-1,train
S4.S2.B.47.JPG,S4,S,S2,Sullaj,1_Immature-1,train
S4.S2.B.48.JPG,S4,S,S2,Sullaj,1_Immature-1,train
S4.S2.B.5.JPG,S4,S,S2,Sullaj,2_Immature-2,train
S4.S2.B.6.JPG,S4,S,S2,Sullaj,2_Immature-2,train
S4.S2.B.7.JPG,S4,S,S2,Sullaj,2_Immature-2,train
S4.S2.B.8.JPG,S4,S,S2,Sullaj,2_Immature-2,train
S4.S2.B.9.JPG,S4,S,S2,Sullaj,1_Immature-1,train
S4.S3.B.1.JPG,S4,S,S3,Sullaj,,train
S4.S3.B.10.JPG,S4,S,S3,Sullaj,,train
S4.S3.B.11.JPG,S4,S,S3,Sullaj,,train
S4.S3.B.12.JPG,S4,S,S3,Sullaj,3_Pre-Khalal,train
S4.S3.B.13.JPG,S4,S,S3,Sullaj,,train
S4.S3.B.14.JPG,S4,S,S3,Sullaj,,train
S4.S3.B.15.JPG,S4,S,S3,Sullaj,,train
S4.S3.B.16.JPG,S4,S,S3,Sullaj,3_Pre-Khalal,train
S4.S3.B.17.JPG,S4,S,S3,Sullaj,,train
S4.S3.B.18.JPG,S4,S,S3,Sullaj,,train
S4.S3.B.19.JPG,S4,S,S3,Sullaj,,train
S4.S3.B.2.JPG,S4,S,S3,Sullaj,4_Khalal,train
S4.S3.B.20.JPG,S4,S,S3,Sullaj,,train
S4.S3.B.21.JPG,S4,S,S3,Sullaj,,train
S4.S3.B.22.JPG,S4,S,S3,Sullaj,2_Immature-2,train
S4.S3.B.23.JPG,S4,S,S3,Sullaj,2_Immature-2,train
S4.S3.B.24.JPG,S4,S,S3,Sullaj,,train
S4.S3.B.25.JPG,S4,S,S3,Sullaj,3_Pre-Khalal,train
S4.S3.B.26.JPG,S4,S,S3,Sullaj,3_Pre-Khalal,train
S4.S3.B.27.JPG,S4,S,S3,Sullaj,,train
S4.S3.B.28.JPG,S4,S,S3,Sullaj,,train
S4.S3.B.29.JPG,S4,S,S3,Sullaj,,train
S4.S3.B.3.JPG,S4,S,S3,Sullaj,3_Pre-Khalal,train
S4.S3.B.30.JPG,S4,S,S3,Sullaj,,train
S4.S3.B.31.JPG,S4,S,S3,Sullaj,,train
S4.S3.B.32.JPG,S4,S,S3,Sullaj,3_Pre-Khalal,train
S4.S3.B.33.JPG,S4,S,S3,Sullaj,,train
S4.S3.B.34.JPG,S4,S,S3,Sullaj,3_Pre-Khalal,train
S4.S3.B.35.JPG,S4,S,S3,Sullaj,3_Pre-Khalal,train
S4.S3.B.36.JPG,S4,S,S3,Sullaj,,train
S4.S3.B.37.JPG,S4,S,S3,Sullaj,,train
S4.S3.B.38.JPG,S4,S,S3,Sullaj,3_Pre-Khalal,train
S4.S3.B.39.JPG,S4,S,S3,Sullaj,,train
S4.S3.B.4.JPG,S4,S,S3,Sullaj,3_Pre-Khalal,train
S4.S3.B.40.JPG,S4,S,S3,Sullaj,,train
S4.S3.B.41.JPG,S4,S,S3,Sullaj,3_Pre-Khalal,train
S4.S3.B.42.JPG,S4,S,S3,Sullaj,3_Pre-Khalal,train
S4.S3.B.43.JPG,S4,S,S3,Sullaj,,train
S4.S3.B.44.JPG,S4,S,S3,Sullaj,3_Pre-Khalal,train
S4.S3.B.45.JPG,S4,S,S3,Sullaj,,train
S4.S3.B.46.JPG,S4,S,S3,Sullaj,,train
S4.S3.B.47.JPG,S4,S,S3,Sullaj,3_Pre-Khalal,train
S4.S3.B.48.JPG,S4,S,S3,Sullaj,,train
S4.S3.B.49.JPG,S4,S,S3,Sullaj,,train
S4.S3.B.5.JPG,S4,S,S3,Sullaj,3_Pre-Khalal,train
S4.S3.B.50.JPG,S4,S,S3,Sullaj,,train
S4.S3.B.51.JPG,S4,S,S3,Sullaj,,train
S4.S3.B.52.JPG,S4,S,S3,Sullaj,3_Pre-Khalal,train
S4.S3.B.53.JPG,S4,S,S3,Sullaj,3_Pre-Khalal,train
S4.S3.B.54.JPG,S4,S,S3,Sullaj,,train
S4.S3.B.55.JPG,S4,S,S3,Sullaj,3_Pre-Khalal,train
S4.S3.B.56.JPG,S4,S,S3,Sullaj,,train
S4.S3.B.57.JPG,S4,S,S3,Sullaj,,train
S4.S3.B.58.JPG,S4,S,S3,Sullaj,3_Pre-Khalal,train
S4.S3.B.6.JPG,S4,S,S3,Sullaj,3_Pre-Khalal,train
S4.S3.B.7.JPG,S4,S,S3,Sullaj,3_Pre-Khalal,train
S4.S3.B.8.JPG,S4,S,S3,Sullaj,3_Pre-Khalal,train
S4.S3.B.9.JPG,S4,S,S3,Sullaj,3_Pre-Khalal,train
S4.S4.B.1.JPG,S4,S,S4,Sullaj,5_KhalalwithRutab,train
S4.S4.B.10.JPG,S4,S,S4,Sullaj,5_KhalalwithRutab,train
S4.S4.B.100.JPG,S4,S,S4,Sullaj,5_KhalalwithRutab,train
S4.S4.B.101.JPG,S4,S,S4,Sullaj,5_KhalalwithRutab,train
S4.S4.B.102.JPG,S4,S,S4,Sullaj,5_KhalalwithRutab,train
S4.S4.B.103.JPG,S4,S,S4,Sullaj,5_KhalalwithRutab,train
S4.S4.B.104.JPG,S4,S,S4,Sullaj,5_KhalalwithRutab,train
S4.S4.B.105.JPG,S4,S,S4,Sullaj,5_KhalalwithRutab,train
S4.S4.B.106.JPG,S4,S,S4,Sullaj,5_KhalalwithRutab,train
S4.S4.B.107.JPG,S4,S,S4,Sullaj,5_KhalalwithRutab,train
S4.S4.B.108.JPG,S4,S,S4,Sullaj,5_KhalalwithRutab,train
S4.S4.B.109.JPG,S4,S,S4,Sullaj,5_KhalalwithRutab,train
S4.S4.B.11.JPG,S4,S,S4,Sullaj,5_KhalalwithRutab,train
S4.S4.B.12.JPG,S4,S,S4,Sullaj,5_KhalalwithRutab,train
S4.S4.B.13.JPG,S4,S,S4,Sullaj,5_KhalalwithRutab,train
S4.S4.B.14.JPG,S4,S,S4,Sullaj,5_KhalalwithRutab,train
S4.S4.B.15.JPG,S4,S,S4,Sullaj,5_KhalalwithRutab,train
S4.S4.B.16.JPG,S4,S,S4,Sullaj,5_KhalalwithRutab,train
S4.S4.B.17.JPG,S4,S,S4,Sullaj,5_KhalalwithRutab,train
S4.S4.B.18.JPG,S4,S,S4,Sullaj,5_KhalalwithRutab,train
S4.S4.B.19.JPG,S4,S,S4,Sullaj,5_KhalalwithRutab,train
S4.S4.B.2.JPG,S4,S,S4,Sullaj,5_KhalalwithRutab,train
S4.S4.B.20.JPG,S4,S,S4,Sullaj,5_KhalalwithRutab,train
S4.S4.B.21.JPG,S4,S,S4,Sullaj,5_KhalalwithRutab,train
S4.S4.B.22.JPG,S4,S,S4,Sullaj,5_KhalalwithRutab,train
S4.S4.B.23.JPG,S4,S,S4,Sullaj,5_KhalalwithRutab,train
S4.S4.B.24.JPG,S4,S,S4,Sullaj,5_KhalalwithRutab,train
S4.S4.B.25.JPG,S4,S,S4,Sullaj,5_KhalalwithRutab,train
S4.S4.B.26.JPG,S4,S,S4,Sullaj,5_KhalalwithRutab,train
S4.S4.B.27.JPG,S4,S,S4,Sullaj,5_KhalalwithRutab,train
S4.S4.B.28.JPG,S4,S,S4,Sullaj,5_KhalalwithRutab,train
S4.S4.B.29.JPG,S4,S,S4,Sullaj,5_KhalalwithRutab,train
S4.S4.B.3.JPG,S4,S,S4,Sullaj,5_KhalalwithRutab,train
S4.S4.B.30.JPG,S4,S,S4,Sullaj,5_KhalalwithRutab,train
S4.S4.B.31.JPG,S4,S,S4,Sullaj,5_KhalalwithRutab,train
S4.S4.B.32.JPG,S4,S,S4,Sullaj,5_KhalalwithRutab,train
S4.S4.B.33.JPG,S4,S,S4,Sullaj,5_KhalalwithRutab,train
S4.S4.B.34.JPG,S4,S,S4,Sullaj,5_KhalalwithRutab,train
S4.S4.B.35.JPG,S4,S,S4,Sullaj,5_KhalalwithRutab,train
S4.S4.B.36.JPG,S4,S,S4,Sullaj,5_KhalalwithRutab,train
S4.S4.B.37.JPG,S4,S,S4,Sullaj,5_KhalalwithRutab,train
S4.S4.B.38.JPG,S4,S,S4,Sullaj,5_KhalalwithRutab,train
S4.S4.B.39.JPG,S4,S,S4,Sullaj,5_KhalalwithRutab,train
S4.S4.B.4.JPG,S4,S,S4,Sullaj,5_KhalalwithRutab,train
S4.S4.B.40.JPG,S4,S,S4,Sullaj,5_KhalalwithRutab,train
S4.S4.B.41.JPG,S4,S,S4,Sullaj,5_KhalalwithRutab,train
S4.S4.B.42.JPG,S4,S,S4,Sullaj,5_KhalalwithRutab,train
S4.S4.B.43.JPG,S4,S,S4,Sullaj,5_KhalalwithRutab,train
S4.S4.B.44.JPG,S4,S,S4,Sullaj,5_KhalalwithRutab,train
S4.S4.B.45.JPG,S4,S,S4,Sullaj,5_KhalalwithRutab,train
S4.S4.B.46.JPG,S4,S,S4,Sullaj,5_KhalalwithRutab,train
S4.S4.B.47.JPG,S4,S,S4,Sullaj,5_KhalalwithRutab,train
S4.S4.B.48.JPG,S4,S,S4,Sullaj,5_KhalalwithRutab,train
S4.S4.B.49.JPG,S4,S,S4,Sullaj,5_KhalalwithRutab,train
S4.S4.B.5.JPG,S4,S,S4,Sullaj,5_KhalalwithRutab,train
S4.S4.B.50.JPG,S4,S,S4,Sullaj,5_KhalalwithRutab,train
S4.S4.B.51.JPG,S4,S,S4,Sullaj,5_KhalalwithRutab,train
S4.S4.B.52.JPG,S4,S,S4,Sullaj,5_KhalalwithRutab,train
S4.S4.B.53.JPG,S4,S,S4,Sullaj,5_KhalalwithRutab,train
S4.S4.B.54.JPG,S4,S,S4,Sullaj,5_KhalalwithRutab,train
S4.S4.B.55.JPG,S4,S,S4,Sullaj,5_KhalalwithRutab,train
S4.S4.B.56.JPG,S4,S,S4,Sullaj,5_KhalalwithRutab,train
S4.S4.B.57.JPG,S4,S,S4,Sullaj,5_KhalalwithRutab,train
S4.S4.B.58.JPG,S4,S,S4,Sullaj,5_KhalalwithRutab,train
S4.S4.B.59.JPG,S4,S,S4,Sullaj,5_KhalalwithRutab,train
S4.S4.B.6.JPG,S4,S,S4,Sullaj,5_KhalalwithRutab,train
S4.S4.B.60.JPG,S4,S,S4,Sullaj,5_KhalalwithRutab,train
S4.S4.B.61.JPG,S4,S,S4,Sullaj,5_KhalalwithRutab,train
S4.S4.B.62.JPG,S4,S,S4,Sullaj,5_KhalalwithRutab,train
S4.S4.B.63.JPG,S4,S,S4,Sullaj,5_KhalalwithRutab,train
S4.S4.B.64.JPG,S4,S,S4,Sullaj,5_KhalalwithRutab,train
S4.S4.B.65.JPG,S4,S,S4,Sullaj,5_KhalalwithRutab,train
S4.S4.B.66.JPG,S4,S,S4,Sullaj,5_KhalalwithRutab,train
S4.S4.B.67.JPG,S4,S,S4,Sullaj,5_KhalalwithRutab,train
S4.S4.B.68.JPG,S4,S,S4,Sullaj,5_KhalalwithRutab,train
S4.S4.B.69.JPG,S4,S,S4,Sullaj,5_KhalalwithRutab,train
S4.S4.B.7.JPG,S4,S,S4,Sullaj,5_KhalalwithRutab,train
S4.S4.B.70.JPG,S4,S,S4,Sullaj,5_KhalalwithRutab,train
S4.S4.B.71.JPG,S4,S,S4,Sullaj,5_KhalalwithRutab,train
S4.S4.B.72.JPG,S4,S,S4,Sullaj,5_KhalalwithRutab,train
S4.S4.B.73.JPG,S4,S,S4,Sullaj,5_KhalalwithRutab,train
S4.S4.B.74.JPG,S4,S,S4,Sullaj,5_KhalalwithRutab,train
S4.S4.B.75.JPG,S4,S,S4,Sullaj,5_KhalalwithRutab,train
S4.S4.B.76.JPG,S4,S,S4,Sullaj,5_KhalalwithRutab,train
S4.S4.B.77.JPG,S4,S,S4,Sullaj,5_KhalalwithRutab,train
S4.S4.B.78.JPG,S4,S,S4,Sullaj,5_KhalalwithRutab,train
S4.S4.B.79.JPG,S4,S,S4,Sullaj,5_KhalalwithRutab,train
S4.S4.B.8.JPG,S4,S,S4,Sullaj,5_KhalalwithRutab,train
S4.S4.B.80.JPG,S4,S,S4,Sullaj,5_KhalalwithRutab,train
S4.S4.B.81.JPG,S4,S,S4,Sullaj,5_KhalalwithRutab,train
S4.S4.B.82.JPG,S4,S,S4,Sullaj,5_KhalalwithRutab,train
S4.S4.B.83.JPG,S4,S,S4,Sullaj,5_KhalalwithRutab,train
S4.S4.B.84.JPG,S4,S,S4,Sullaj,5_KhalalwithRutab,train
S4.S4.B.85.JPG,S4,S,S4,Sullaj,5_KhalalwithRutab,train
S4.S4.B.86.JPG,S4,S,S4,Sullaj,5_KhalalwithRutab,train
S4.S4.B.87.JPG,S4,S,S4,Sullaj,5_KhalalwithRutab,train
S4.S4.B.88.JPG,S4,S,S4,Sullaj,5_KhalalwithRutab,train
S4.S4.B.89.JPG,S4,S,S4,Sullaj,5_KhalalwithRutab,train
S4.S4.B.9.JPG,S4,S,S4,Sullaj,5_KhalalwithRutab,train
S4.S4.B.90.JPG,S4,S,S4,Sullaj,5_KhalalwithRutab,train
S4.S4.B.91.JPG,S4,S,S4,Sullaj,5_KhalalwithRutab,train
S4.S4.B.92.JPG,S4,S,S4,Sullaj,5_KhalalwithRutab,train
S4.S4.B.93.JPG,S4,S,S4,Sullaj,5_KhalalwithRutab,train
S4.S4.B.94.JPG,S4,S,S4,Sullaj,5_KhalalwithRutab,train
S4.S4.B.95.JPG,S4,S,S4,Sullaj,5_KhalalwithRutab,train
S4.S4.B.96.JPG,S4,S,S4,Sullaj,5_KhalalwithRutab,train
S4.S4.B.97.JPG,S4,S,S4,Sullaj,5_KhalalwithRutab,train
S4.S4.B.98.JPG,S4,S,S4,Sullaj,5_KhalalwithRutab,train
S4.S4.B.99.JPG,S4,S,S4,Sullaj,5_KhalalwithRutab,train
S4.S4_2.B.1.JPG,S4,S,S4_2,Sullaj,5_KhalalwithRutab,train
S4.S4_2.B.10.JPG,S4,S,S4_2,Sullaj,5_KhalalwithRutab,train
S4.S4_2.B.100.JPG,S4,S,S4_2,Sullaj,5_KhalalwithRutab,train
S4.S4_2.B.101.JPG,S4,S,S4_2,Sullaj,5_KhalalwithRutab,train
S4.S4_2.B.102.JPG,S4,S,S4_2,Sullaj,5_KhalalwithRutab,train
S4.S4_2.B.103.JPG,S4,S,S4_2,Sullaj,5_KhalalwithRutab,train
S4.S4_2.B.104.JPG,S4,S,S4_2,Sullaj,5_KhalalwithRutab,train
S4.S4_2.B.105.JPG,S4,S,S4_2,Sullaj,5_KhalalwithRutab,train
S4.S4_2.B.106.JPG,S4,S,S4_2,Sullaj,5_KhalalwithRutab,train
S4.S4_2.B.107.JPG,S4,S,S4_2,Sullaj,5_KhalalwithRutab,train
S4.S4_2.B.108.JPG,S4,S,S4_2,Sullaj,5_KhalalwithRutab,train
S4.S4_2.B.109.JPG,S4,S,S4_2,Sullaj,5_KhalalwithRutab,train
S4.S4_2.B.11.JPG,S4,S,S4_2,Sullaj,5_KhalalwithRutab,train
S4.S4_2.B.110.JPG,S4,S,S4_2,Sullaj,5_KhalalwithRutab,train
S4.S4_2.B.111.JPG,S4,S,S4_2,Sullaj,5_KhalalwithRutab,train
S4.S4_2.B.112.JPG,S4,S,S4_2,Sullaj,5_KhalalwithRutab,train
S4.S4_2.B.113.JPG,S4,S,S4_2,Sullaj,5_KhalalwithRutab,train
S4.S4_2.B.114.JPG,S4,S,S4_2,Sullaj,5_KhalalwithRutab,train
S4.S4_2.B.115.JPG,S4,S,S4_2,Sullaj,5_KhalalwithRutab,train
S4.S4_2.B.116.JPG,S4,S,S4_2,Sullaj,5_KhalalwithRutab,train
S4.S4_2.B.117.JPG,S4,S,S4_2,Sullaj,5_KhalalwithRutab,train
S4.S4_2.B.118.JPG,S4,S,S4_2,Sullaj,5_KhalalwithRutab,train
S4.S4_2.B.119.JPG,S4,S,S4_2,Sullaj,5_KhalalwithRutab,train
S4.S4_2.B.12.JPG,S4,S,S4_2,Sullaj,5_KhalalwithRutab,train
S4.S4_2.B.120.JPG,S4,S,S4_2,Sullaj,5_KhalalwithRutab,train
S4.S4_2.B.121.JPG,S4,S,S4_2,Sullaj,5_KhalalwithRutab,train
S4.S4_2.B.122.JPG,S4,S,S4_2,Sullaj,5_KhalalwithRutab,train
S4.S4_2.B.123.JPG,S4,S,S4_2,Sullaj,5_KhalalwithRutab,train
S4.S4_2.B.124.JPG,S4,S,S4_2,Sullaj,5_KhalalwithRutab,train
S4.S4_2.B.125.JPG,S4,S,S4_2,Sullaj,5_KhalalwithRutab,train
S4.S4_2.B.126.JPG,S4,S,S4_2,Sullaj,5_KhalalwithRutab,train
S4.S4_2.B.127.JPG,S4,S,S4_2,Sullaj,5_KhalalwithRutab,train
S4.S4_2.B.128.JPG,S4,S,S4_2,Sullaj,5_KhalalwithRutab,train
S4.S4_2.B.129.JPG,S4,S,S4_2,Sullaj,5_KhalalwithRutab,train
S4.S4_2.B.13.JPG,S4,S,S4_2,Sullaj,5_KhalalwithRutab,train
S4.S4_2.B.14.JPG,S4,S,S4_2,Sullaj,5_KhalalwithRutab,train
S4.S4_2.B.15.JPG,S4,S,S4_2,Sullaj,5_KhalalwithRutab,train
S4.S4_2.B.16.JPG,S4,S,S4_2,Sullaj,5_KhalalwithRutab,train
S4.S4_2.B.17.JPG,S4,S,S4_2,Sullaj,5_KhalalwithRutab,train
S4.S4_2.B.18.JPG,S4,S,S4_2,Sullaj,5_KhalalwithRutab,train
S4.S4_2.B.19.JPG,S4,S,S4_2,Sullaj,5_KhalalwithRutab,train
S4.S4_2.B.2.JPG,S4,S,S4_2,Sullaj,5_KhalalwithRutab,train
S4.S4_2.B.20.JPG,S4,S,S4_2,Sullaj,5_KhalalwithRutab,train
S4.S4_2.B.21.JPG,S4,S,S4_2,Sullaj,5_KhalalwithRutab,train
S4.S4_2.B.22.JPG,S4,S,S4_2,Sullaj,5_KhalalwithRutab,train
S4.S4_2.B.23.JPG,S4,S,S4_2,Sullaj,5_KhalalwithRutab,train
S4.S4_2.B.24.JPG,S4,S,S4_2,Sullaj,5_KhalalwithRutab,train
S4.S4_2.B.25.JPG,S4,S,S4_2,Sullaj,5_KhalalwithRutab,train
S4.S4_2.B.26.JPG,S4,S,S4_2,Sullaj,5_KhalalwithRutab,train
S4.S4_2.B.27.JPG,S4,S,S4_2,Sullaj,5_KhalalwithRutab,train
S4.S4_2.B.28.JPG,S4,S,S4_2,Sullaj,5_KhalalwithRutab,train
S4.S4_2.B.29.JPG,S4,S,S4_2,Sullaj,5_KhalalwithRutab,train
S4.S4_2.B.3.JPG,S4,S,S4_2,Sullaj,5_KhalalwithRutab,train
S4.S4_2.B.30.JPG,S4,S,S4_2,Sullaj,5_KhalalwithRutab,train
S4.S4_2.B.31.JPG,S4,S,S4_2,Sullaj,5_KhalalwithRutab,train
S4.S4_2.B.32.JPG,S4,S,S4_2,Sullaj,5_KhalalwithRutab,train
S4.S4_2.B.33.JPG,S4,S,S4_2,Sullaj,5_KhalalwithRutab,train
S4.S4_2.B.34.JPG,S4,S,S4_2,Sullaj,5_KhalalwithRutab,train
S4.S4_2.B.35.JPG,S4,S,S4_2,Sullaj,5_KhalalwithRutab,train
S4.S4_2.B.36.JPG,S4,S,S4_2,Sullaj,5_KhalalwithRutab,train
S4.S4_2.B.37.JPG,S4,S,S4_2,Sullaj,5_KhalalwithRutab,train
S4.S4_2.B.38.JPG,S4,S,S4_2,Sullaj,5_KhalalwithRutab,train
S4.S4_2.B.39.JPG,S4,S,S4_2,Sullaj,5_KhalalwithRutab,train
S4.S4_2.B.4.JPG,S4,S,S4_2,Sullaj,5_KhalalwithRutab,train
S4.S4_2.B.40.JPG,S4,S,S4_2,Sullaj,5_KhalalwithRutab,train
S4.S4_2.B.41.JPG,S4,S,S4_2,Sullaj,5_KhalalwithRutab,train
S4.S4_2.B.42.JPG,S4,S,S4_2,Sullaj,5_KhalalwithRutab,train
S4.S4_2.B.43.JPG,S4,S,S4_2,Sullaj,5_KhalalwithRutab,train
S4.S4_2.B.44.JPG,S4,S,S4_2,Sullaj,5_KhalalwithRutab,train
S4.S4_2.B.45.JPG,S4,S,S4_2,Sullaj,5_KhalalwithRutab,train
S4.S4_2.B.46.JPG,S4,S,S4_2,Sullaj,5_KhalalwithRutab,train
S4.S4_2.B.47.JPG,S4,S,S4_2,Sullaj,5_KhalalwithRutab,train
S4.S4_2.B.48.JPG,S4,S,S4_2,Sullaj,5_KhalalwithRutab,train
S4.S4_2.B.49.JPG,S4,S,S4_2,Sullaj,5_KhalalwithRutab,train
S4.S4_2.B.5.JPG,S4,S,S4_2,Sullaj,5_KhalalwithRutab,train
S4.S4_2.B.50.JPG,S4,S,S4_2,Sullaj,5_KhalalwithRutab,train
S4.S4_2.B.51.JPG,S4,S,S4_2,Sullaj,5_KhalalwithRutab,train
S4.S4_2.B.52.JPG,S4,S,S4_2,Sullaj,5_KhalalwithRutab,train
S4.S4_2.B.53.JPG,S4,S,S4_2,Sullaj,5_KhalalwithRutab,train
S4.S4_2.B.54.JPG,S4,S,S4_2,Sullaj,5_KhalalwithRutab,train
S4.S4_2.B.55.JPG,S4,S,S4_2,Sullaj,5_KhalalwithRutab,train
S4.S4_2.B.56.JPG,S4,S,S4_2,Sullaj,5_KhalalwithRutab,train
S4.S4_2.B.57.JPG,S4,S,S4_2,Sullaj,5_KhalalwithRutab,train
S4.S4_2.B.58.JPG,S4,S,S4_2,Sullaj,5_KhalalwithRutab,train
S4.S4_2.B.59.JPG,S4,S,S4_2,Sullaj,5_KhalalwithRutab,train
S4.S4_2.B.6.JPG,S4,S,S4_2,Sullaj,5_KhalalwithRutab,train
S4.S4_2.B.60.JPG,S4,S,S4_2,Sullaj,5_KhalalwithRutab,train
S4.S4_2.B.61.JPG,S4,S,S4_2,Sullaj,5_KhalalwithRutab,train
S4.S4_2.B.62.JPG,S4,S,S4_2,Sullaj,5_KhalalwithRutab,train
S4.S4_2.B.63.JPG,S4,S,S4_2,Sullaj,5_KhalalwithRutab,train
S4.S4_2.B.64.JPG,S4,S,S4_2,Sullaj,5_KhalalwithRutab,train
S4.S4_2.B.65.JPG,S4,S,S4_2,Sullaj,5_KhalalwithRutab,train
S4.S4_2.B.66.JPG,S4,S,S4_2,Sullaj,5_KhalalwithRutab,train
S4.S4_2.B.67.JPG,S4,S,S4_2,Sullaj,5_KhalalwithRutab,train
S4.S4_2.B.68.JPG,S4,S,S4_2,Sullaj,5_KhalalwithRutab,train
S4.S4_2.B.69.JPG,S4,S,S4_2,Sullaj,5_KhalalwithRutab,train
S4.S4_2.B.7.JPG,S4,S,S4_2,Sullaj,5_KhalalwithRutab,train
S4.S4_2.B.70.JPG,S4,S,S4_2,Sullaj,5_KhalalwithRutab,train
S4.S4_2.B.71.JPG,S4,S,S4_2,Sullaj,5_KhalalwithRutab,train
S4.S4_2.B.72.JPG,S4,S,S4_2,Sullaj,5_KhalalwithRutab,train
S4.S4_2.B.73.JPG,S4,S,S4_2,Sullaj,5_KhalalwithRutab,train
S4.S4_2.B.74.JPG,S4,S,S4_2,Sullaj,5_KhalalwithRutab,train
S4.S4_2.B.75.JPG,S4,S,S4_2,Sullaj,5_KhalalwithRutab,train
S4.S4_2.B.76.JPG,S4,S,S4_2,Sullaj,5_KhalalwithRutab,train
S4.S4_2.B.77.JPG,S4,S,S4_2,Sullaj,5_KhalalwithRutab,train
S4.S4_2.B.78.JPG,S4,S,S4_2,Sullaj,5_KhalalwithRutab,train
S4.S4_2.B.79.JPG,S4,S,S4_2,Sullaj,5_KhalalwithRutab,train
S4.S4_2.B.8.JPG,S4,S,S4_2,Sullaj,5_KhalalwithRutab,train
S4.S4_2.B.80.JPG,S4,S,S4_2,Sullaj,5_KhalalwithRutab,train
S4.S4_2.B.81.JPG,S4,S,S4_2,Sullaj,5_KhalalwithRutab,train
S4.S4_2.B.82.JPG,S4,S,S4_2,Sullaj,5_KhalalwithRutab,train
S4.S4_2.B.83.JPG,S4,S,S4_2,Sullaj,5_KhalalwithRutab,train
S4.S4_2.B.84.JPG,S4,S,S4_2,Sullaj,5_KhalalwithRutab,train
S4.S4_2.B.85.JPG,S4,S,S4_2,Sullaj,5_KhalalwithRutab,train
S4.S4_2.B.86.JPG,S4,S,S4_2,Sullaj,5_KhalalwithRutab,train
S4.S4_2.B.87.JPG,S4,S,S4_2,Sullaj,5_KhalalwithRutab,train
S4.S4_2.B.88.JPG,S4,S,S4_2,Sullaj,5_KhalalwithRutab,train
S4.S4_2.B.89.JPG,S4,S,S4_2,Sullaj,5_KhalalwithRutab,train
S4.S4_2.B.9.JPG,S4,S,S4_2,Sullaj,5_KhalalwithRutab,train
S4.S4_2.B.90.JPG,S4,S,S4_2,Sullaj,5_KhalalwithRutab,train
S4.S4_2.B.91.JPG,S4,S,S4_2,Sullaj,5_KhalalwithRutab,train
S4.S4_2.B.92.JPG,S4,S,S4_2,Sullaj,5_KhalalwithRutab,train
S4.S4_2.B.93.JPG,S4,S,S4_2,Sullaj,5_KhalalwithRutab,train
S4.S4_2.B.94.JPG,S4,S,S4_2,Sullaj,5_KhalalwithRutab,train
S4.S4_2.B.95.JPG,S4,S,S4_2,Sullaj,5_KhalalwithRutab,train
S4.S4_2.B.96.JPG,S4,S,S4_2,Sullaj,5_KhalalwithRutab,train
S4.S4_2.B.97.JPG,S4,S,S4_2,Sullaj,5_KhalalwithRutab,train
S4.S4_2.B.98.JPG,S4,S,S4_2,Sullaj,5_KhalalwithRutab,train
S4.S4_2.B.99.JPG,S4,S,S4_2,Sullaj,5_KhalalwithRutab,train
S4.S5.B.1.JPG,S4,S,S5,Sullaj,7_Tamar,train
S4.S5.B.10.JPG,S4,S,S5,Sullaj,7_Tamar,train
S4.S5.B.2.JPG,S4,S,S5,Sullaj,7_Tamar,train
S4.S5.B.3.JPG,S4,S,S5,Sullaj,7_Tamar,train
S4.S5.B.4.JPG,S4,S,S5,Sullaj,7_Tamar,train
S4.S5.B.5.JPG,S4,S,S5,Sullaj,7_Tamar,train
S4.S5.B.6.JPG,S4,S,S5,Sullaj,7_Tamar,train
S4.S5.B.7.JPG,S4,S,S5,Sullaj,7_Tamar,train
S4.S5.B.8.JPG,S4,S,S5,Sullaj,7_Tamar,train
S4.S5.B.9.JPG,S4,S,S5,Sullaj,7_Tamar,train
S4.S6.B.1.JPG,S4,S,S6,Sullaj,7_Tamar,train
S4.S6.B.10.JPG,S4,S,S6,Sullaj,7_Tamar,train
S4.S6.B.11.JPG,S4,S,S6,Sullaj,7_Tamar,train
S4.S6.B.12.JPG,S4,S,S6,Sullaj,7_Tamar,train
S4.S6.B.13.JPG,S4,S,S6,Sullaj,7_Tamar,train
S4.S6.B.14.JPG,S4,S,S6,Sullaj,7_Tamar,train
S4.S6.B.15.JPG,S4,S,S6,Sullaj,7_Tamar,train
S4.S6.B.16.JPG,S4,S,S6,Sullaj,7_Tamar,train
S4.S6.B.17.JPG,S4,S,S6,Sullaj,7_Tamar,train
S4.S6.B.18.JPG,S4,S,S6,Sullaj,7_Tamar,train
S4.S6.B.19.JPG,S4,S,S6,Sullaj,7_Tamar,train
S4.S6.B.2.JPG,S4,S,S6,Sullaj,7_Tamar,train
S4.S6.B.20.JPG,S4,S,S6,Sullaj,7_Tamar,train
S4.S6.B.21.JPG,S4,S,S6,Sullaj,7_Tamar,train
S4.S6.B.22.JPG,S4,S,S6,Sullaj,7_Tamar,train
S4.S6.B.23.JPG,S4,S,S6,Sullaj,7_Tamar,train
S4.S6.B.3.JPG,S4,S,S6,Sullaj,7_Tamar,train
S4.S6.B.4.JPG,S4,S,S6,Sullaj,7_Tamar,train
S4.S6.B.5.JPG,S4,S,S6,Sullaj,7_Tamar,train
S4.S6.B.6.JPG,S4,S,S6,Sullaj,7_Tamar,train
S4.S6.B.7.JPG,S4,S,S6,Sullaj,7_Tamar,train
S4.S6.B.8.JPG,S4,S,S6,Sullaj,7_Tamar,train
S4.S6.B.9.JPG,S4,S,S6,Sullaj,7_Tamar,train
S5.S1.B.1.JPG,S5,S,S1,Sullaj,1_Immature-1,train
S5.S1.B.10.JPG,S5,S,S1,Sullaj,1_Immature-1,train
S5.S1.B.11.JPG,S5,S,S1,Sullaj,1_Immature-1,train
S5.S1.B.12.JPG,S5,S,S1,Sullaj,1_Immature-1,train
S5.S1.B.13.JPG,S5,S,S1,Sullaj,1_Immature-1,train
S5.S1.B.14.JPG,S5,S,S1,Sullaj,1_Immature-1,train
S5.S1.B.15.JPG,S5,S,S1,Sullaj,1_Immature-1,train
S5.S1.B.16.JPG,S5,S,S1,Sullaj,1_Immature-1,train
S5.S1.B.17.JPG,S5,S,S1,Sullaj,1_Immature-1,train
S5.S1.B.18.JPG,S5,S,S1,Sullaj,1_Immature-1,train
S5.S1.B.19.JPG,S5,S,S1,Sullaj,1_Immature-1,train
S5.S1.B.2.JPG,S5,S,S1,Sullaj,1_Immature-1,train
S5.S1.B.20.JPG,S5,S,S1,Sullaj,1_Immature-1,train
S5.S1.B.21.JPG,S5,S,S1,Sullaj,1_Immature-1,train
S5.S1.B.22.JPG,S5,S,S1,Sullaj,1_Immature-1,train
S5.S1.B.23.JPG,S5,S,S1,Sullaj,1_Immature-1,train
S5.S1.B.24.JPG,S5,S,S1,Sullaj,1_Immature-1,train
S5.S1.B.25.JPG,S5,S,S1,Sullaj,1_Immature-1,train
S5.S1.B.26.JPG,S5,S,S1,Sullaj,1_Immature-1,train
S5.S1.B.27.JPG,S5,S,S1,Sullaj,1_Immature-1,train
S5.S1.B.28.JPG,S5,S,S1,Sullaj,1_Immature-1,train
S5.S1.B.29.JPG,S5,S,S1,Sullaj,1_Immature-1,train
S5.S1.B.3.JPG,S5,S,S1,Sullaj,1_Immature-1,train
S5.S1.B.30.JPG,S5,S,S1,Sullaj,1_Immature-1,train
S5.S1.B.31.JPG,S5,S,S1,Sullaj,1_Immature-1,train
S5.S1.B.32.JPG,S5,S,S1,Sullaj,1_Immature-1,train
S5.S1.B.33.JPG,S5,S,S1,Sullaj,1_Immature-1,train
S5.S1.B.34.JPG,S5,S,S1,Sullaj,1_Immature-1,train
S5.S1.B.35.JPG,S5,S,S1,Sullaj,1_Immature-1,train
S5.S1.B.36.JPG,S5,S,S1,Sullaj,1_Immature-1,train
S5.S1.B.37.JPG,S5,S,S1,Sullaj,1_Immature-1,train
S5.S1.B.38.JPG,S5,S,S1,Sullaj,1_Immature-1,train
S5.S1.B.39.JPG,S5,S,S1,Sullaj,1_Immature-1,train
S5.S1.B.4.JPG,S5,S,S1,Sullaj,1_Immature-1,train
S5.S1.B.40.JPG,S5,S,S1,Sullaj,1_Immature-1,train
S5.S1.B.41.JPG,S5,S,S1,Sullaj,1_Immature-1,train
S5.S1.B.42.JPG,S5,S,S1,Sullaj,1_Immature-1,train
S5.S1.B.43.JPG,S5,S,S1,Sullaj,1_Immature-1,train
S5.S1.B.44.JPG,S5,S,S1,Sullaj,1_Immature-1,train
S5.S1.B.5.JPG,S5,S,S1,Sullaj,1_Immature-1,train
S5.S1.B.6.JPG,S5,S,S1,Sullaj,1_Immature-1,train
S5.S1.B.7.JPG,S5,S,S1,Sullaj,1_Immature-1,train
S5.S1.B.8.JPG,S5,S,S1,Sullaj,1_Immature-1,train
S5.S1.B.9.JPG,S5,S,S1,Sullaj,1_Immature-1,train
S5.S2.B.1.JPG,S5,S,S2,Sullaj,1_Immature-1,train
S5.S2.B.10.JPG,S5,S,S2,Sullaj,1_Immature-1,train
S5.S2.B.11.JPG,S5,S,S2,Sullaj,2_Immature-2,train
S5.S2.B.12.JPG,S5,S,S2,Sullaj,2_Immature-2,train
S5.S2.B.13.JPG,S5,S,S2,Sullaj,2_Immature-2,train
S5.S2.B.14.JPG,S5,S,S2,Sullaj,2_Immature-2,train
S5.S2.B.15.JPG,S5,S,S2,Sullaj,2_Immature-2,train
S5.S2.B.16.JPG,S5,S,S2,Sullaj,2_Immature-2,train
S5.S2.B.17.JPG,S5,S,S2,Sullaj,2_Immature-2,train
S5.S2.B.18.JPG,S5,S,S2,Sullaj,1_Immature-1,train
S5.S2.B.19.JPG,S5,S,S2,Sullaj,1_Immature-1,train
S5.S2.B.2.JPG,S5,S,S2,Sullaj,1_Immature-1,train
S5.S2.B.20.JPG,S5,S,S2,Sullaj,1_Immature-1,train
S5.S2.B.21.JPG,S5,S,S2,Sullaj,1_Immature-1,train
S5.S2.B.22.JPG,S5,S,S2,Sullaj,2_Immature-2,train
S5.S2.B.23.JPG,S5,S,S2,Sullaj,2_Immature-2,train
S5.S2.B.24.JPG,S5,S,S2,Sullaj,2_Immature-2,train
S5.S2.B.25.JPG,S5,S,S2,Sullaj,2_Immature-2,train
S5.S2.B.26.JPG,S5,S,S2,Sullaj,1_Immature-1,train
S5.S2.B.27.JPG,S5,S,S2,Sullaj,1_Immature-1,train
S5.S2.B.28.JPG,S5,S,S2,Sullaj,1_Immature-1,train
S5.S2.B.29.JPG,S5,S,S2,Sullaj,1_Immature-1,train
S5.S2.B.3.JPG,S5,S,S2,Sullaj,2_Immature-2,train
S5.S2.B.30.JPG,S5,S,S2,Sullaj,1_Immature-1,train
S5.S2.B.31.JPG,S5,S,S2,Sullaj,2_Immature-2,train
S5.S2.B.32.JPG,S5,S,S2,Sullaj,2_Immature-2,train
S5.S2.B.33.JPG,S5,S,S2,Sullaj,2_Immature-2,train
S5.S2.B.34.JPG,S5,S,S2,Sullaj,2_Immature-2,train
S5.S2.B.35.JPG,S5,S,S2,Sullaj,2_Immature-2,train
S5.S2.B.36.JPG,S5,S,S2,Sullaj,2_Immature-2,train
S5.S2.B.37.JPG,S5,S,S2,Sullaj,2_Immature-2,train
S5.S2.B.38.JPG,S5,S,S2,Sullaj,2_Immature-2,train
S5.S2.B.39.JPG,S5,S,S2,Sullaj,2_Immature-2,train
S5.S2.B.4.JPG,S5,S,S2,Sullaj,2_Immature-2,train
S5.S2.B.40.JPG,S5,S,S2,Sullaj,2_Immature-2,train
S5.S2.B.41.JPG,S5,S,S2,Sullaj,2_Immature-2,train
S5.S2.B.42.JPG,S5,S,S2,Sullaj,1_Immature-1,train
S5.S2.B.43.JPG,S5,S,S2,Sullaj,2_Immature-2,train
S5.S2.B.44.JPG,S5,S,S2,Sullaj,2_Immature-2,train
S5.S2.B.45.JPG,S5,S,S2,Sullaj,2_Immature-2,train
S5.S2.B.46.JPG,S5,S,S2,Sullaj,1_Immature-1,train
S5.S2.B.47.JPG,S5,S,S2,Sullaj,2_Immature-2,train
S5.S2.B.48.JPG,S5,S,S2,Sullaj,2_Immature-2,train
S5.S2.B.49.JPG,S5,S,S2,Sullaj,2_Immature-2,train
S5.S2.B.5.JPG,S5,S,S2,Sullaj,2_Immature-2,train
S5.S2.B.50.JPG,S5,S,S2,Sullaj,2_Immature-2,train
S5.S2.B.51.JPG,S5,S,S2,Sullaj,2_Immature-2,train
S5.S2.B.52.JPG,S5,S,S2,Sullaj,2_Immature-2,train
S5.S2.B.53.JPG,S5,S,S2,Sullaj,2_Immature-2,train
S5.S2.B.54.JPG,S5,S,S2,Sullaj,2_Immature-2,train
S5.S2.B.55.JPG,S5,S,S2,Sullaj,2_Immature-2,train
S5.S2.B.56.JPG,S5,S,S2,Sullaj,2_Immature-2,train
S5.S2.B.57.JPG,S5,S,S2,Sullaj,2_Immature-2,train
S5.S2.B.58.JPG,S5,S,S2,Sullaj,2_Immature-2,train
S5.S2.B.59.JPG,S5,S,S2,Sullaj,2_Immature-2,train
S5.S2.B.6.JPG,S5,S,S2,Sullaj,2_Immature-2,train
S5.S2.B.60.JPG,S5,S,S2,Sullaj,2_Immature-2,train
S5.S2.B.61.JPG,S5,S,S2,Sullaj,2_Immature-2,train
S5.S2.B.62.JPG,S5,S,S2,Sullaj,2_Immature-2,train
S5.S2.B.63.JPG,S5,S,S2,Sullaj,2_Immature-2,train
S5.S2.B.64.JPG,S5,S,S2,Sullaj,2_Immature-2,train
S5.S2.B.65.JPG,S5,S,S2,Sullaj,2_Immature-2,train
S5.S2.B.66.JPG,S5,S,S2,Sullaj,2_Immature-2,train
S5.S2.B.67.JPG,S5,S,S2,Sullaj,1_Immature-1,train
S5.S2.B.68.JPG,S5,S,S2,Sullaj,1_Immature-1,train
S5.S2.B.69.JPG,S5,S,S2,Sullaj,1_Immature-1,train
S5.S2.B.7.JPG,S5,S,S2,Sullaj,2_Immature-2,train
S5.S2.B.70.JPG,S5,S,S2,Sullaj,1_Immature-1,train
S5.S2.B.71.JPG,S5,S,S2,Sullaj,1_Immature-1,train
S5.S2.B.72.JPG,S5,S,S2,Sullaj,1_Immature-1,train
S5.S2.B.73.JPG,S5,S,S2,Sullaj,1_Immature-1,train
S5.S2.B.74.JPG,S5,S,S2,Sullaj,1_Immature-1,train
S5.S2.B.75.JPG,S5,S,S2,Sullaj,1_Immature-1,train
S5.S2.B.76.JPG,S5,S,S2,Sullaj,1_Immature-1,train
S5.S2.B.77.JPG,S5,S,S2,Sullaj,1_Immature-1,train
S5.S2.B.78.JPG,S5,S,S2,Sullaj,1_Immature-1,train
S5.S2.B.79.JPG,S5,S,S2,Sullaj,1_Immature-1,train
S5.S2.B.8.JPG,S5,S,S2,Sullaj,2_Immature-2,train
S5.S2.B.9.JPG,S5,S,S2,Sullaj,1_Immature-1,train
S5.S3.B.1.JPG,S5,S,S3,Sullaj,,train
S5.S3.B.10.JPG,S5,S,S3,Sullaj,3_Pre-Khalal,train
S5.S3.B.11.JPG,S5,S,S3,Sullaj,,train
S5.S3.B.12.JPG,S5,S,S3,Sullaj,,train
S5.S3.B.13.JPG,S5,S,S3,Sullaj,3_Pre-Khalal,train
S5.S3.B.14.JPG,S5,S,S3,Sullaj,,train
S5.S3.B.15.JPG,S5,S,S3,Sullaj,3_Pre-Khalal,train
S5.S3.B.16.JPG,S5,S,S3,Sullaj,3_Pre-Khalal,train
S5.S3.B.17.JPG,S5,S,S3,Sullaj,3_Pre-Khalal,train
S5.S3.B.18.JPG,S5,S,S3,Sullaj,3_Pre-Khalal,train
S5.S3.B.19.JPG,S5,S,S3,Sullaj,,train
S5.S3.B.2.JPG,S5,S,S3,Sullaj,,train
S5.S3.B.20.JPG,S5,S,S3,Sullaj,3_Pre-Khalal,train
S5.S3.B.21.JPG,S5,S,S3,Sullaj,3_Pre-Khalal,train
S5.S3.B.22.JPG,S5,S,S3,Sullaj,,train
S5.S3.B.23.JPG,S5,S,S3,Sullaj,3_Pre-Khalal,train
S5.S3.B.24.JPG,S5,S,S3,Sullaj,3_Pre-Khalal,train
S5.S3.B.25.JPG,S5,S,S3,Sullaj,,train
S5.S3.B.26.JPG,S5,S,S3,Sullaj,,train
S5.S3.B.27.JPG,S5,S,S3,Sullaj,3_Pre-Khalal,train
S5.S3.B.28.JPG,S5,S,S3,Sullaj,,train
S5.S3.B.29.JPG,S5,S,S3,Sullaj,,train
S5.S3.B.3.JPG,S5,S,S3,Sullaj,,train
S5.S3.B.30.JPG,S5,S,S3,Sullaj,,train
S5.S3.B.31.JPG,S5,S,S3,Sullaj,,train
S5.S3.B.32.JPG,S5,S,S3,Sullaj,3_Pre-Khalal,train
S5.S3.B.33.JPG,S5,S,S3,Sullaj,3_Pre-Khalal,train
S5.S3.B.34.JPG,S5,S,S3,Sullaj,3_Pre-Khalal,train
S5.S3.B.35.JPG,S5,S,S3,Sullaj,3_Pre-Khalal,train
S5.S3.B.36.JPG,S5,S,S3,Sullaj,3_Pre-Khalal,train
S5.S3.B.37.JPG,S5,S,S3,Sullaj,3_Pre-Khalal,train
S5.S3.B.38.JPG,S5,S,S3,Sullaj,3_Pre-Khalal,train
S5.S3.B.39.JPG,S5,S,S3,Sullaj,3_Pre-Khalal,train
S5.S3.B.4.JPG,S5,S,S3,Sullaj,,train
S5.S3.B.40.JPG,S5,S,S3,Sullaj,3_Pre-Khalal,train
S5.S3.B.41.JPG,S5,S,S3,Sullaj,3_Pre-Khalal,train
S5.S3.B.42.JPG,S5,S,S3,Sullaj,3_Pre-Khalal,train
S5.S3.B.43.JPG,S5,S,S3,Sullaj,3_Pre-Khalal,train
S5.S3.B.44.JPG,S5,S,S3,Sullaj,3_Pre-Khalal,train
S5.S3.B.45.JPG,S5,S,S3,Sullaj,3_Pre-Khalal,train
S5.S3.B.46.JPG,S5,S,S3,Sullaj,3_Pre-Khalal,train
S5.S3.B.47.JPG,S5,S,S3,Sullaj,3_Pre-Khalal,train
S5.S3.B.48.JPG,S5,S,S3,Sullaj,3_Pre-Khalal,train
S5.S3.B.49.JPG,S5,S,S3,Sullaj,3_Pre-Khalal,train
S5.S3.B.5.JPG,S5,S,S3,Sullaj,,train
S5.S3.B.50.JPG,S5,S,S3,Sullaj,3_Pre-Khalal,train
S5.S3.B.51.JPG,S5,S,S3,Sullaj,3_Pre-Khalal,train
S5.S3.B.52.JPG,S5,S,S3,Sullaj,3_Pre-Khalal,train
S5.S3.B.53.JPG,S5,S,S3,Sullaj,3_Pre-Khalal,train
S5.S3.B.54.JPG,S5,S,S3,Sullaj,3_Pre-Khalal,train
S5.S3.B.55.JPG,S5,S,S3,Sullaj,3_Pre-Khalal,train
S5.S3.B.56.JPG,S5,S,S3,Sullaj,3_Pre-Khalal,train
S5.S3.B.57.JPG,S5,S,S3,Sullaj,3_Pre-Khalal,train
S5.S3.B.58.JPG,S5,S,S3,Sullaj,3_Pre-Khalal,train
S5.S3.B.59.JPG,S5,S,S3,Sullaj,3_Pre-Khalal,train
S5.S3.B.6.JPG,S5,S,S3,Sullaj,,train
S5.S3.B.60.JPG,S5,S,S3,Sullaj,3_Pre-Khalal,train
S5.S3.B.61.JPG,S5,S,S3,Sullaj,3_Pre-Khalal,train
S5.S3.B.62.JPG,S5,S,S3,Sullaj,3_Pre-Khalal,train
S5.S3.B.63.JPG,S5,S,S3,Sullaj,3_Pre-Khalal,train
S5.S3.B.64.JPG,S5,S,S3,Sullaj,3_Pre-Khalal,train
S5.S3.B.65.JPG,S5,S,S3,Sullaj,3_Pre-Khalal,train
S5.S3.B.66.JPG,S5,S,S3,Sullaj,3_Pre-Khalal,train
S5.S3.B.67.JPG,S5,S,S3,Sullaj,3_Pre-Khalal,train
S5.S3.B.68.JPG,S5,S,S3,Sullaj,3_Pre-Khalal,train
S5.S3.B.69.JPG,S5,S,S3,Sullaj,3_Pre-Khalal,train
S5.S3.B.7.JPG,S5,S,S3,Sullaj,,train
S5.S3.B.70.JPG,S5,S,S3,Sullaj,3_Pre-Khalal,train
S5.S3.B.71.JPG,S5,S,S3,Sullaj,3_Pre-Khalal,train
S5.S3.B.72.JPG,S5,S,S3,Sullaj,3_Pre-Khalal,train
S5.S3.B.73.JPG,S5,S,S3,Sullaj,3_Pre-Khalal,train
S5.S3.B.74.JPG,S5,S,S3,Sullaj,3_Pre-Khalal,train
S5.S3.B.75.JPG,S5,S,S3,Sullaj,3_Pre-Khalal,train
S5.S3.B.76.JPG,S5,S,S3,Sullaj,3_Pre-Khalal,train
S5.S3.B.77.JPG,S5,S,S3,Sullaj,3_Pre-Khalal,train
S5.S3.B.78.JPG,S5,S,S3,Sullaj,3_Pre-Khalal,train
S5.S3.B.79.JPG,S5,S,S3,Sullaj,3_Pre-Khalal,train
S5.S3.B.8.JPG,S5,S,S3,Sullaj,,train
S5.S3.B.80.JPG,S5,S,S3,Sullaj,3_Pre-Khalal,train
S5.S3.B.81.JPG,S5,S,S3,Sullaj,3_Pre-Khalal,train
S5.S3.B.82.JPG,S5,S,S3,Sullaj,3_Pre-Khalal,train
S5.S3.B.83.JPG,S5,S,S3,Sullaj,3_Pre-Khalal,train
S5.S3.B.84.JPG,S5,S,S3,Sullaj,3_Pre-Khalal,train
S5.S3.B.85.JPG,S5,S,S3,Sullaj,3_Pre-Khalal,train
S5.S3.B.86.JPG,S5,S,S3,Sullaj,3_Pre-Khalal,train
S5.S3.B.87.JPG,S5,S,S3,Sullaj,3_Pre-Khalal,train
S5.S3.B.88.JPG,S5,S,S3,Sullaj,3_Pre-Khalal,train
S5.S3.B.89.JPG,S5,S,S3,Sullaj,3_Pre-Khalal,train
S5.S3.B.9.JPG,S5,S,S3,Sullaj,,train
S5.S3.B.90.JPG,S5,S,S3,Sullaj,3_Pre-Khalal,train
S5.S4.B.1.JPG,S5,S,S4,Sullaj,5_KhalalwithRutab,train
S5.S4.B.10.JPG,S5,S,S4,Sullaj,5_KhalalwithRutab,train
S5.S4.B.100.JPG,S5,S,S4,Sullaj,5_KhalalwithRutab,train
S5.S4.B.101.JPG,S5,S,S4,Sullaj,,train
S5.S4.B.102.JPG,S5,S,S4,Sullaj,,train
S5.S4.B.103.JPG,S5,S,S4,Sullaj,,train
S5.S4.B.104.JPG,S5,S,S4,Sullaj,,train
S5.S4.B.11.JPG,S5,S,S4,Sullaj,5_KhalalwithRutab,train
S5.S4.B.12.JPG,S5,S,S4,Sullaj,5_KhalalwithRutab,train
S5.S4.B.13.JPG,S5,S,S4,Sullaj,,train
S5.S4.B.14.JPG,S5,S,S4,Sullaj,,train
S5.S4.B.15.JPG,S5,S,S4,Sullaj,5_KhalalwithRutab,train
S5.S4.B.16.JPG,S5,S,S4,Sullaj,5_KhalalwithRutab,train
S5.S4.B.17.JPG,S5,S,S4,Sullaj,5_KhalalwithRutab,train
S5.S4.B.18.JPG,S5,S,S4,Sullaj,5_KhalalwithRutab,train
S5.S4.B.19.JPG,S5,S,S4,Sullaj,5_KhalalwithRutab,train
S5.S4.B.2.JPG,S5,S,S4,Sullaj,5_KhalalwithRutab,train
S5.S4.B.20.JPG,S5,S,S4,Sullaj,5_KhalalwithRutab,train
S5.S4.B.21.JPG,S5,S,S4,Sullaj,5_KhalalwithRutab,train
S5.S4.B.22.JPG,S5,S,S4,Sullaj,5_KhalalwithRutab,train
S5.S4.B.23.JPG,S5,S,S4,Sullaj,5_KhalalwithRutab,train
S5.S4.B.24.JPG,S5,S,S4,Sullaj,5_KhalalwithRutab,train
S5.S4.B.25.JPG,S5,S,S4,Sullaj,5_KhalalwithRutab,train
S5.S4.B.26.JPG,S5,S,S4,Sullaj,5_KhalalwithRutab,train
S5.S4.B.27.JPG,S5,S,S4,Sullaj,5_KhalalwithRutab,train
S5.S4.B.28.JPG,S5,S,S4,Sullaj,5_KhalalwithRutab,train
S5.S4.B.29.JPG,S5,S,S4,Sullaj,5_KhalalwithRutab,train
S5.S4.B.3.JPG,S5,S,S4,Sullaj,5_KhalalwithRutab,train
S5.S4.B.30.JPG,S5,S,S4,Sullaj,5_KhalalwithRutab,train
S5.S4.B.31.JPG,S5,S,S4,Sullaj,5_KhalalwithRutab,train
S5.S4.B.32.JPG,S5,S,S4,Sullaj,5_KhalalwithRutab,train
S5.S4.B.33.JPG,S5,S,S4,Sullaj,5_KhalalwithRutab,train
S5.S4.B.34.JPG,S5,S,S4,Sullaj,5_KhalalwithRutab,train
S5.S4.B.35.JPG,S5,S,S4,Sullaj,5_KhalalwithRutab,train
S5.S4.B.36.JPG,S5,S,S4,Sullaj,5_KhalalwithRutab,train
S5.S4.B.37.JPG,S5,S,S4,Sullaj,5_KhalalwithRutab,train
S5.S4.B.38.JPG,S5,S,S4,Sullaj,5_KhalalwithRutab,train
S5.S4.B.39.JPG,S5,S,S4,Sullaj,5_KhalalwithRutab,train
S5.S4.B.4.JPG,S5,S,S4,Sullaj,5_KhalalwithRutab,train
S5.S4.B.40.JPG,S5,S,S4,Sullaj,5_KhalalwithRutab,train
S5.S4.B.41.JPG,S5,S,S4,Sullaj,5_KhalalwithRutab,train
S5.S4.B.42.JPG,S5,S,S4,Sullaj,5_KhalalwithRutab,train
S5.S4.B.43.JPG,S5,S,S4,Sullaj,5_KhalalwithRutab,train
S5.S4.B.44.JPG,S5,S,S4,Sullaj,5_KhalalwithRutab,train
S5.S4.B.45.JPG,S5,S,S4,Sullaj,5_KhalalwithRutab,train
S5.S4.B.46.JPG,S5,S,S4,Sullaj,5_KhalalwithRutab,train
S5.S4.B.47.JPG,S5,S,S4,Sullaj,5_KhalalwithRutab,train
S5.S4.B.48.JPG,S5,S,S4,Sullaj,5_KhalalwithRutab,train
S5.S4.B.49.JPG,S5,S,S4,Sullaj,5_KhalalwithRutab,train
S5.S4.B.5.JPG,S5,S,S4,Sullaj,5_KhalalwithRutab,train
S5.S4.B.50.JPG,S5,S,S4,Sullaj,5_KhalalwithRutab,train
S5.S4.B.51.JPG,S5,S,S4,Sullaj,5_KhalalwithRutab,train
S5.S4.B.52.JPG,S5,S,S4,Sullaj,5_KhalalwithRutab,train
S5.S4.B.53.JPG,S5,S,S4,Sullaj,5_KhalalwithRutab,train
S5.S4.B.54.JPG,S5,S,S4,Sullaj,5_KhalalwithRutab,train
S5.S4.B.55.JPG,S5,S,S4,Sullaj,5_KhalalwithRutab,train
S5.S4.B.56.JPG,S5,S,S4,Sullaj,5_KhalalwithRutab,train
S5.S4.B.57.JPG,S5,S,S4,Sullaj,,train
S5.S4.B.58.JPG,S5,S,S4,Sullaj,,train
S5.S4.B.59.JPG,S5,S,S4,Sullaj,5_KhalalwithRutab,train
S5.S4.B.6.JPG,S5,S,S4,Sullaj,5_KhalalwithRutab,train
S5.S4.B.60.JPG,S5,S,S4,Sullaj,5_KhalalwithRutab,train
S5.S4.B.61.JPG,S5,S,S4,Sullaj,5_KhalalwithRutab,train
S5.S4.B.62.JPG,S5,S,S4,Sullaj,5_KhalalwithRutab,train
S5.S4.B.63.JPG,S5,S,S4,Sullaj,5_KhalalwithRutab,train
S5.S4.B.64.JPG,S5,S,S4,Sullaj,,train
S5.S4.B.65.JPG,S5,S,S4,Sullaj,,train
S5.S4.B.66.JPG,S5,S,S4,Sullaj,,train
S5.S4.B.67.JPG,S5,S,S4,Sullaj,,train
S5.S4.B.68.JPG,S5,S,S4,Sullaj,5_KhalalwithRutab,train
S5.S4.B.69.JPG,S5,S,S4,Sullaj,5_KhalalwithRutab,train
S5.S4.B.7.JPG,S5,S,S4,Sullaj,5_KhalalwithRutab,train
S5.S4.B.70.JPG,S5,S,S4,Sullaj,5_KhalalwithRutab,train
S5.S4.B.71.JPG,S5,S,S4,Sullaj,5_KhalalwithRutab,train
S5.S4.B.72.JPG,S5,S,S4,Sullaj,5_KhalalwithRutab,train
S5.S4.B.73.JPG,S5,S,S4,Sullaj,5_KhalalwithRutab,train
S5.S4.B.74.JPG,S5,S,S4,Sullaj,5_KhalalwithRutab,train
S5.S4.B.75.JPG,S5,S,S4,Sullaj,5_KhalalwithRutab,train
S5.S4.B.76.JPG,S5,S,S4,Sullaj,5_KhalalwithRutab,train
S5.S4.B.77.JPG,S5,S,S4,Sullaj,5_KhalalwithRutab,train
S5.S4.B.78.JPG,S5,S,S4,Sullaj,5_KhalalwithRutab,train
S5.S4.B.79.JPG,S5,S,S4,Sullaj,5_KhalalwithRutab,train
S5.S4.B.8.JPG,S5,S,S4,Sullaj,5_KhalalwithRutab,train
S5.S4.B.80.JPG,S5,S,S4,Sullaj,5_KhalalwithRutab,train
S5.S4.B.81.JPG,S5,S,S4,Sullaj,5_KhalalwithRutab,train
S5.S4.B.82.JPG,S5,S,S4,Sullaj,5_KhalalwithRutab,train
S5.S4.B.83.JPG,S5,S,S4,Sullaj,5_KhalalwithRutab,train
S5.S4.B.84.JPG,S5,S,S4,Sullaj,5_KhalalwithRutab,train
S5.S4.B.85.JPG,S5,S,S4,Sullaj,5_KhalalwithRutab,train
S5.S4.B.86.JPG,S5,S,S4,Sullaj,,train
S5.S4.B.87.JPG,S5,S,S4,Sullaj,,train
S5.S4.B.88.JPG,S5,S,S4,Sullaj,,train
S5.S4.B.89.JPG,S5,S,S4,Sullaj,,train
S5.S4.B.9.JPG,S5,S,S4,Sullaj,5_KhalalwithRutab,train
S5.S4.B.90.JPG,S5,S,S4,Sullaj,,train
S5.S4.B.91.JPG,S5,S,S4,Sullaj,,train
S5.S4.B.92.JPG,S5,S,S4,Sullaj,,train
S5.S4.B.93.JPG,S5,S,S4,Sullaj,,train
S5.S4.B.94.JPG,S5,S,S4,Sullaj,,train
S5.S4.B.95.JPG,S5,S,S4,Sullaj,,train
S5.S4.B.96.JPG,S5,S,S4,Sullaj,,train
S5.S4.B.97.JPG,S5,S,S4,Sullaj,5_KhalalwithRutab,train
S5.S4.B.98.JPG,S5,S,S4,Sullaj,5_KhalalwithRutab,train
S5.S4.B.99.JPG,S5,S,S4,Sullaj,5_KhalalwithRutab,train
S5.S4_2.B.1.JPG,S5,S,S4_2,Sullaj,5_KhalalwithRutab,train
S5.S4_2.B.10.JPG,S5,S,S4_2,Sullaj,5_KhalalwithRutab,train
S5.S4_2.B.100.JPG,S5,S,S4_2,Sullaj,5_KhalalwithRutab,train
S5.S4_2.B.101.JPG,S5,S,S4_2,Sullaj,5_KhalalwithRutab,train
S5.S4_2.B.102.JPG,S5,S,S4_2,Sullaj,5_KhalalwithRutab,train
S5.S4_2.B.103.JPG,S5,S,S4_2,Sullaj,5_KhalalwithRutab,train
S5.S4_2.B.104.JPG,S5,S,S4_2,Sullaj,5_KhalalwithRutab,train
S5.S4_2.B.105.JPG,S5,S,S4_2,Sullaj,5_KhalalwithRutab,train
S5.S4_2.B.106.JPG,S5,S,S4_2,Sullaj,5_KhalalwithRutab,train
S5.S4_2.B.11.JPG,S5,S,S4_2,Sullaj,5_KhalalwithRutab,train
S5.S4_2.B.12.JPG,S5,S,S4_2,Sullaj,5_KhalalwithRutab,train
S5.S4_2.B.13.JPG,S5,S,S4_2,Sullaj,5_KhalalwithRutab,train
S5.S4_2.B.14.JPG,S5,S,S4_2,Sullaj,5_KhalalwithRutab,train
S5.S4_2.B.15.JPG,S5,S,S4_2,Sullaj,5_KhalalwithRutab,train
S5.S4_2.B.16.JPG,S5,S,S4_2,Sullaj,5_KhalalwithRutab,train
S5.S4_2.B.17.JPG,S5,S,S4_2,Sullaj,5_KhalalwithRutab,train
S5.S4_2.B.18.JPG,S5,S,S4_2,Sullaj,5_KhalalwithRutab,train
S5.S4_2.B.19.JPG,S5,S,S4_2,Sullaj,5_KhalalwithRutab,train
S5.S4_2.B.2.JPG,S5,S,S4_2,Sullaj,5_KhalalwithRutab,train
S5.S4_2.B.20.JPG,S5,S,S4_2,Sullaj,5_KhalalwithRutab,train
S5.S4_2.B.21.JPG,S5,S,S4_2,Sullaj,5_KhalalwithRutab,train
S5.S4_2.B.22.JPG,S5,S,S4_2,Sullaj,5_KhalalwithRutab,train
S5.S4_2.B.23.JPG,S5,S,S4_2,Sullaj,5_KhalalwithRutab,train
S5.S4_2.B.24.JPG,S5,S,S4_2,Sullaj,5_KhalalwithRutab,train
S5.S4_2.B.25.JPG,S5,S,S4_2,Sullaj,5_KhalalwithRutab,train
S5.S4_2.B.26.JPG,S5,S,S4_2,Sullaj,5_KhalalwithRutab,train
S5.S4_2.B.27.JPG,S5,S,S4_2,Sullaj,5_KhalalwithRutab,train
S5.S4_2.B.28.JPG,S5,S,S4_2,Sullaj,5_KhalalwithRutab,train
S5.S4_2.B.29.JPG,S5,S,S4_2,Sullaj,5_KhalalwithRutab,train
S5.S4_2.B.3.JPG,S5,S,S4_2,Sullaj,5_KhalalwithRutab,train
S5.S4_2.B.30.JPG,S5,S,S4_2,Sullaj,5_KhalalwithRutab,train
S5.S4_2.B.31.JPG,S5,S,S4_2,Sullaj,5_KhalalwithRutab,train
S5.S4_2.B.32.JPG,S5,S,S4_2,Sullaj,5_KhalalwithRutab,train
S5.S4_2.B.33.JPG,S5,S,S4_2,Sullaj,5_KhalalwithRutab,train
S5.S4_2.B.34.JPG,S5,S,S4_2,Sullaj,5_KhalalwithRutab,train
S5.S4_2.B.35.JPG,S5,S,S4_2,Sullaj,5_KhalalwithRutab,train
S5.S4_2.B.36.JPG,S5,S,S4_2,Sullaj,5_KhalalwithRutab,train
S5.S4_2.B.37.JPG,S5,S,S4_2,Sullaj,5_KhalalwithRutab,train
S5.S4_2.B.38.JPG,S5,S,S4_2,Sullaj,5_KhalalwithRutab,train
S5.S4_2.B.39.JPG,S5,S,S4_2,Sullaj,5_KhalalwithRutab,train
S5.S4_2.B.4.JPG,S5,S,S4_2,Sullaj,5_KhalalwithRutab,train
S5.S4_2.B.40.JPG,S5,S,S4_2,Sullaj,5_KhalalwithRutab,train
S5.S4_2.B.41.JPG,S5,S,S4_2,Sullaj,5_KhalalwithRutab,train
S5.S4_2.B.42.JPG,S5,S,S4_2,Sullaj,5_KhalalwithRutab,train
S5.S4_2.B.43.JPG,S5,S,S4_2,Sullaj,5_KhalalwithRutab,train
S5.S4_2.B.44.JPG,S5,S,S4_2,Sullaj,5_KhalalwithRutab,train
S5.S4_2.B.45.JPG,S5,S,S4_2,Sullaj,5_KhalalwithRutab,train
S5.S4_2.B.46.JPG,S5,S,S4_2,Sullaj,5_KhalalwithRutab,train
S5.S4_2.B.47.JPG,S5,S,S4_2,Sullaj,5_KhalalwithRutab,train
S5.S4_2.B.48.JPG,S5,S,S4_2,Sullaj,5_KhalalwithRutab,train
S5.S4_2.B.49.JPG,S5,S,S4_2,Sullaj,5_KhalalwithRutab,train
S5.S4_2.B.5.JPG,S5,S,S4_2,Sullaj,5_KhalalwithRutab,train
S5.S4_2.B.50.JPG,S5,S,S4_2,Sullaj,5_KhalalwithRutab,train
S5.S4_2.B.51.JPG,S5,S,S4_2,Sullaj,5_KhalalwithRutab,train
S5.S4_2.B.52.JPG,S5,S,S4_2,Sullaj,5_KhalalwithRutab,train
S5.S4_2.B.53.JPG,S5,S,S4_2,Sullaj,5_KhalalwithRutab,train
S5.S4_2.B.54.JPG,S5,S,S4_2,Sullaj,5_KhalalwithRutab,train
S5.S4_2.B.55.JPG,S5,S,S4_2,Sullaj,5_KhalalwithRutab,train
S5.S4_2.B.56.JPG,S5,S,S4_2,Sullaj,5_KhalalwithRutab,train
S5.S4_2.B.57.JPG,S5,S,S4_2,Sullaj,5_KhalalwithRutab,train
S5.S4_2.B.58.JPG,S5,S,S4_2,Sullaj,5_KhalalwithRutab,train
S5.S4_2.B.59.JPG,S5,S,S4_2,Sullaj,5_KhalalwithRutab,train
S5.S4_2.B.6.JPG,S5,S,S4_2,Sullaj,5_KhalalwithRutab,train
S5.S4_2.B.60.JPG,S5,S,S4_2,Sullaj,5_KhalalwithRutab,train
S5.S4_2.B.61.JPG,S5,S,S4_2,Sullaj,5_KhalalwithRutab,train
S5.S4_2.B.62.JPG,S5,S,S4_2,Sullaj,5_KhalalwithRutab,train
S5.S4_2.B.63.JPG,S5,S,S4_2,Sullaj,5_KhalalwithRutab,train
S5.S4_2.B.64.JPG,S5,S,S4_2,Sullaj,5_KhalalwithRutab,train
S5.S4_2.B.65.JPG,S5,S,S4_2,Sullaj,5_KhalalwithRutab,train
S5.S4_2.B.66.JPG,S5,S,S4_2,Sullaj,5_KhalalwithRutab,train
S5.S4_2.B.67.JPG,S5,S,S4_2,Sullaj,5_KhalalwithRutab,train
S5.S4_2.B.68.JPG,S5,S,S4_2,Sullaj,5_KhalalwithRutab,train
S5.S4_2.B.69.JPG,S5,S,S4_2,Sullaj,5_KhalalwithRutab,train
S5.S4_2.B.7.JPG,S5,S,S4_2,Sullaj,5_KhalalwithRutab,train
S5.S4_2.B.70.JPG,S5,S,S4_2,Sullaj,5_KhalalwithRutab,train
S5.S4_2.B.71.JPG,S5,S,S4_2,Sullaj,5_KhalalwithRutab,train
S5.S4_2.B.72.JPG,S5,S,S4_2,Sullaj,5_KhalalwithRutab,train
S5.S4_2.B.73.JPG,S5,S,S4_2,Sullaj,5_KhalalwithRutab,train
S5.S4_2.B.74.JPG,S5,S,S4_2,Sullaj,5_KhalalwithRutab,train
S5.S4_2.B.75.JPG,S5,S,S4_2,Sullaj,5_KhalalwithRutab,train
S5.S4_2.B.76.JPG,S5,S,S4_2,Sullaj,5_KhalalwithRutab,train
S5.S4_2.B.77.JPG,S5,S,S4_2,Sullaj,5_KhalalwithRutab,train
S5.S4_2.B.78.JPG,S5,S,S4_2,Sullaj,5_KhalalwithRutab,train
S5.S4_2.B.79.JPG,S5,S,S4_2,Sullaj,5_KhalalwithRutab,train
S5.S4_2.B.8.JPG,S5,S,S4_2,Sullaj,5_KhalalwithRutab,train
S5.S4_2.B.80.JPG,S5,S,S4_2,Sullaj,5_KhalalwithRutab,train
S5.S4_2.B.81.JPG,S5,S,S4_2,Sullaj,5_KhalalwithRutab,train
S5.S4_2.B.82.JPG,S5,S,S4_2,Sullaj,5_KhalalwithRutab,train
S5.S4_2.B.83.JPG,S5,S,S4_2,Sullaj,5_KhalalwithRutab,train
S5.S4_2.B.84.JPG,S5,S,S4_2,Sullaj,5_KhalalwithRutab,train
S5.S4_2.B.85.JPG,S5,S,S4_2,Sullaj,5_KhalalwithRutab,train
S5.S4_2.B.86.JPG,S5,S,S4_2,Sullaj,5_KhalalwithRutab,train
S5.S4_2.B.87.JPG,S5,S,S4_2,Sullaj,5_KhalalwithRutab,train
S5.S4_2.B.88.JPG,S5,S,S4_2,Sullaj,5_KhalalwithRutab,train
S5.S4_2.B.89.JPG,S5,S,S4_2,Sullaj,5_KhalalwithRutab,train
S5.S4_2.B.9.JPG,S5,S,S4_2,Sullaj,5_KhalalwithRutab,train
S5.S4_2.B.90.JPG,S5,S,S4_2,Sullaj,5_KhalalwithRutab,train
S5.S4_2.B.91.JPG,S5,S,S4_2,Sullaj,5_KhalalwithRutab,train
S5.S4_2.B.92.JPG,S5,S,S4_2,Sullaj,5_KhalalwithRutab,train
S5.S4_2.B.93.JPG,S5,S,S4_2,Sullaj,5_KhalalwithRutab,train
S5.S4_2.B.94.JPG,S5,S,S4_2,Sullaj,5_KhalalwithRutab,train
S5.S4_2.B.95.JPG,S5,S,S4_2,Sullaj,5_KhalalwithRutab,train
S5.S4_2.B.96.JPG,S5,S,S4_2,Sullaj,5_KhalalwithRutab,train
S5.S4_2.B.97.JPG,S5,S,S4_2,Sullaj,5_KhalalwithRutab,train
S5.S4_2.B.98.JPG,S5,S,S4_2,Sullaj,5_KhalalwithRutab,train
S5.S4_2.B.99.JPG,S5,S,S4_2,Sullaj,5_KhalalwithRutab,train
S5.S5.B.1.JPG,S5,S,S5,Sullaj,7_Tamar,train
S5.S5.B.10.JPG,S5,S,S5,Sullaj,7_Tamar,train
S5.S5.B.11.JPG,S5,S,S5,Sullaj,7_Tamar,train
S5.S5.B.12.JPG,S5,S,S5,Sullaj,7_Tamar,train
S5.S5.B.13.JPG,S5,S,S5,Sullaj,7_Tamar,train
S5.S5.B.14.JPG,S5,S,S5,Sullaj,7_Tamar,train
S5.S5.B.15.JPG,S5,S,S5,Sullaj,7_Tamar,train
S5.S5.B.16.JPG,S5,S,S5,Sullaj,7_Tamar,train
S5.S5.B.2.JPG,S5,S,S5,Sullaj,7_Tamar,train
S5.S5.B.3.JPG,S5,S,S5,Sullaj,7_Tamar,train
S5.S5.B.4.JPG,S5,S,S5,Sullaj,7_Tamar,train
S5.S5.B.5.JPG,S5,S,S5,Sullaj,7_Tamar,train
S5.S5.B.6.JPG,S5,S,S5,Sullaj,7_Tamar,train
S5.S5.B.7.JPG,S5,S,S5,Sullaj,7_Tamar,train
S5.S5.B.8.JPG,S5,S,S5,Sullaj,7_Tamar,train
S5.S5.B.9.JPG,S5,S,S5,Sullaj,7_Tamar,train
S5.S6.B.1.JPG,S5,S,S6,Sullaj,7_Tamar,train
S5.S6.B.10.JPG,S5,S,S6,Sullaj,7_Tamar,train
S5.S6.B.11.JPG,S5,S,S6,Sullaj,7_Tamar,train
S5.S6.B.2.JPG,S5,S,S6,Sullaj,7_Tamar,train
S5.S6.B.3.JPG,S5,S,S6,Sullaj,7_Tamar,train
S5.S6.B.4.JPG,S5,S,S6,Sullaj,7_Tamar,train
S5.S6.B.5.JPG,S5,S,S6,Sullaj,7_Tamar,train
S5.S6.B.6.JPG,S5,S,S6,Sullaj,7_Tamar,train
S5.S6.B.7.JPG,S5,S,S6,Sullaj,7_Tamar,train
S5.S6.B.8.JPG,S5,S,S6,Sullaj,7_Tamar,train
S5.S6.B.9.JPG,S5,S,S6,Sullaj,7_Tamar,train
S6.S4_2.B.1.JPG,S6,S,S4_2,Sullaj,5_KhalalwithRutab,test
S6.S4_2.B.10.JPG,S6,S,S4_2,Sullaj,5_KhalalwithRutab,test
S6.S4_2.B.11.JPG,S6,S,S4_2,Sullaj,5_KhalalwithRutab,test
S6.S4_2.B.12.JPG,S6,S,S4_2,Sullaj,5_KhalalwithRutab,test
S6.S4_2.B.13.JPG,S6,S,S4_2,Sullaj,5_KhalalwithRutab,test
S6.S4_2.B.14.JPG,S6,S,S4_2,Sullaj,5_KhalalwithRutab,test
S6.S4_2.B.15.JPG,S6,S,S4_2,Sullaj,5_KhalalwithRutab,test
S6.S4_2.B.16.JPG,S6,S,S4_2,Sullaj,5_KhalalwithRutab,test
S6.S4_2.B.17.JPG,S6,S,S4_2,Sullaj,5_KhalalwithRutab,test
S6.S4_2.B.18.JPG,S6,S,S4_2,Sullaj,5_KhalalwithRutab,test
S6.S4_2.B.19.JPG,S6,S,S4_2,Sullaj,5_KhalalwithRutab,test
S6.S4_2.B.2.JPG,S6,S,S4_2,Sullaj,5_KhalalwithRutab,test
S6.S4_2.B.20.JPG,S6,S,S4_2,Sullaj,5_KhalalwithRutab,test
S6.S4_2.B.21.JPG,S6,S,S4_2,Sullaj,5_KhalalwithRutab,test
S6.S4_2.B.22.JPG,S6,S,S4_2,Sullaj,5_KhalalwithRutab,test
S6.S4_2.B.23.JPG,S6,S,S4_2,Sullaj,5_KhalalwithRutab,test
S6.S4_2.B.24.JPG,S6,S,S4_2,Sullaj,5_KhalalwithRutab,test
S6.S4_2.B.25.JPG,S6,S,S4_2,Sullaj,5_KhalalwithRutab,test
S6.S4_2.B.26.JPG,S6,S,S4_2,Sullaj,5_KhalalwithRutab,test
S6.S4_2.B.27.JPG,S6,S,S4_2,Sullaj,5_KhalalwithRutab,test
S6.S4_2.B.28.JPG,S6,S,S4_2,Sullaj,5_KhalalwithRutab,test
S6.S4_2.B.29.JPG,S6,S,S4_2,Sullaj,5_KhalalwithRutab,test
S6.S4_2.B.3.JPG,S6,S,S4_2,Sullaj,5_KhalalwithRutab,test
S6.S4_2.B.30.JPG,S6,S,S4_2,Sullaj,5_KhalalwithRutab,test
S6.S4_2.B.31.JPG,S6,S,S4_2,Sullaj,5_KhalalwithRutab,test
S6.S4_2.B.32.JPG,S6,S,S4_2,Sullaj,5_KhalalwithRutab,test
S6.S4_2.B.33.JPG,S6,S,S4_2,Sullaj,5_KhalalwithRutab,test
S6.S4_2.B.34.JPG,S6,S,S4_2,Sullaj,5_KhalalwithRutab,test
S6.S4_2.B.35.JPG,S6,S,S4_2,Sullaj,5_KhalalwithRutab,test
S6.S4_2.B.36.JPG,S6,S,S4_2,Sullaj,5_KhalalwithRutab,test
S6.S4_2.B.37.JPG,S6,S,S4_2,Sullaj,5_KhalalwithRutab,test
S6.S4_2.B.38.JPG,S6,S,S4_2,Sullaj,5_KhalalwithRutab,test
S6.S4_2.B.39.JPG,S6,S,S4_2,Sullaj,5_KhalalwithRutab,test
S6.S4_2.B.4.JPG,S6,S,S4_2,Sullaj,5_KhalalwithRutab,test
S6.S4_2.B.40.JPG,S6,S,S4_2,Sullaj,5_KhalalwithRutab,test
S6.S4_2.B.41.JPG,S6,S,S4_2,Sullaj,5_KhalalwithRutab,test
S6.S4_2.B.42.JPG,S6,S,S4_2,Sullaj,5_KhalalwithRutab,test
S6.S4_2.B.43.JPG,S6,S,S4_2,Sullaj,5_KhalalwithRutab,test
S6.S4_2.B.44.JPG,S6,S,S4_2,Sullaj,5_KhalalwithRutab,test
S6.S4_2.B.45.JPG,S6,S,S4_2,Sullaj,5_KhalalwithRutab,test
S6.S4_2.B.46.JPG,S6,S,S4_2,Sullaj,5_KhalalwithRutab,test
S6.S4_2.B.47.JPG,S6,S,S4_2,Sullaj,5_KhalalwithRutab,test
S6.S4_2.B.48.JPG,S6,S,S4_2,Sullaj,5_KhalalwithRutab,test
S6.S4_2.B.49.JPG,S6,S,S4_2,Sullaj,5_KhalalwithRutab,test
S6.S4_2.B.5.JPG,S6,S,S4_2,Sullaj,5_KhalalwithRutab,test
S6.S4_2.B.50.JPG,S6,S,S4_2,Sullaj,5_KhalalwithRutab,test
S6.S4_2.B.51.JPG,S6,S,S4_2,Sullaj,5_KhalalwithRutab,test
S6.S4_2.B.52.JPG,S6,S,S4_2,Sullaj,5_KhalalwithRutab,test
S6.S4_2.B.53.JPG,S6,S,S4_2,Sullaj,5_KhalalwithRutab,test
S6.S4_2.B.54.JPG,S6,S,S4_2,Sullaj,5_KhalalwithRutab,test
S6.S4_2.B.55.JPG,S6,S,S4_2,Sullaj,5_KhalalwithRutab,test
S6.S4_2.B.56.JPG,S6,S,S4_2,Sullaj,5_KhalalwithRutab,test
S6.S4_2.B.57.JPG,S6,S,S4_2,Sullaj,5_KhalalwithRutab,test
S6.S4_2.B.58.JPG,S6,S,S4_2,Sullaj,5_KhalalwithRutab,test
S6.S4_2.B.59.JPG,S6,S,S4_2,Sullaj,5_KhalalwithRutab,test
S6.S4_2.B.6.JPG,S6,S,S4_2,Sullaj,5_KhalalwithRutab,test
S6.S4_2.B.60.JPG,S6,S,S4_2,Sullaj,5_KhalalwithRutab,test
S6.S4_2.B.61.JPG,S6,S,S4_2,Sullaj,5_KhalalwithRutab,test
S6.S4_2.B.62.JPG,S6,S,S4_2,Sullaj,5_KhalalwithRutab,test
S6.S4_2.B.7.JPG,S6,S,S4_2,Sullaj,5_KhalalwithRutab,test
S6.S4_2.B.8.JPG,S6,S,S4_2,Sullaj,5_KhalalwithRutab,test
S6.S4_2.B.9.JPG,S6,S,S4_2,Sullaj,5_KhalalwithRutab,test
S6.S5.B.1.JPG,S6,S,S5,Sullaj,7_Tamar,test
S6.S5.B.10.JPG,S6,S,S5,Sullaj,7_Tamar,test
S6.S5.B.11.JPG,S6,S,S5,Sullaj,7_Tamar,test
S6.S5.B.12.JPG,S6,S,S5,Sullaj,7_Tamar,test
S6.S5.B.13.JPG,S6,S,S5,Sullaj,7_Tamar,test
S6.S5.B.14.JPG,S6,S,S5,Sullaj,7_Tamar,test
S6.S5.B.15.JPG,S6,S,S5,Sullaj,7_Tamar,test
S6.S5.B.16.JPG,S6,S,S5,Sullaj,7_Tamar,test
S6.S5.B.17.JPG,S6,S,S5,Sullaj,7_Tamar,test
S6.S5.B.18.JPG,S6,S,S5,Sullaj,7_Tamar,test
S6.S5.B.19.JPG,S6,S,S5,Sullaj,7_Tamar,test
S6.S5.B.2.JPG,S6,S,S5,Sullaj,7_Tamar,test
S6.S5.B.20.JPG,S6,S,S5,Sullaj,7_Tamar,test
S6.S5.B.21.JPG,S6,S,S5,Sullaj,7_Tamar,test
S6.S5.B.22.JPG,S6,S,S5,Sullaj,7_Tamar,test
S6.S5.B.23.JPG,S6,S,S5,Sullaj,7_Tamar,test
S6.S5.B.24.JPG,S6,S,S5,Sullaj,7_Tamar,test
S6.S5.B.25.JPG,S6,S,S5,Sullaj,7_Tamar,test
S6.S5.B.26.JPG,S6,S,S5,Sullaj,7_Tamar,test
S6.S5.B.27.JPG,S6,S,S5,Sullaj,7_Tamar,test
S6.S5.B.28.JPG,S6,S,S5,Sullaj,7_Tamar,test
S6.S5.B.29.JPG,S6,S,S5,Sullaj,7_Tamar,test
S6.S5.B.3.JPG,S6,S,S5,Sullaj,7_Tamar,test
S6.S5.B.30.JPG,S6,S,S5,Sullaj,7_Tamar,test
S6.S5.B.31.JPG,S6,S,S5,Sullaj,7_Tamar,test
S6.S5.B.32.JPG,S6,S,S5,Sullaj,7_Tamar,test
S6.S5.B.33.JPG,S6,S,S5,Sullaj,7_Tamar,test
S6.S5.B.34.JPG,S6,S,S5,Sullaj,7_Tamar,test
S6.S5.B.35.JPG,S6,S,S5,Sullaj,7_Tamar,test
S6.S5.B.36.JPG,S6,S,S5,Sullaj,7_Tamar,test
S6.S5.B.37.JPG,S6,S,S5,Sullaj,7_Tamar,test
S6.S5.B.38.JPG,S6,S,S5,Sullaj,7_Tamar,test
S6.S5.B.39.JPG,S6,S,S5,Sullaj,7_Tamar,test
S6.S5.B.4.JPG,S6,S,S5,Sullaj,7_Tamar,test
S6.S5.B.40.JPG,S6,S,S5,Sullaj,7_Tamar,test
S6.S5.B.41.JPG,S6,S,S5,Sullaj,7_Tamar,test
S6.S5.B.42.JPG,S6,S,S5,Sullaj,7_Tamar,test
S6.S5.B.43.JPG,S6,S,S5,Sullaj,7_Tamar,test
S6.S5.B.44.JPG,S6,S,S5,Sullaj,7_Tamar,test
S6.S5.B.5.JPG,S6,S,S5,Sullaj,7_Tamar,test
S6.S5.B.6.JPG,S6,S,S5,Sullaj,7_Tamar,test
S6.S5.B.7.JPG,S6,S,S5,Sullaj,7_Tamar,test
S6.S5.B.8.JPG,S6,S,S5,Sullaj,7_Tamar,test
S6.S5.B.9.JPG,S6,S,S5,Sullaj,7_Tamar,test
S6.S6.B.1.JPG,S6,S,S6,Sullaj,7_Tamar,test
S6.S6.B.10.JPG,S6,S,S6,Sullaj,7_Tamar,test
S6.S6.B.11.JPG,S6,S,S6,Sullaj,7_Tamar,test
S6.S6.B.12.JPG,S6,S,S6,Sullaj,7_Tamar,test
S6.S6.B.13.JPG,S6,S,S6,Sullaj,7_Tamar,test
S6.S6.B.14.JPG,S6,S,S6,Sullaj,7_Tamar,test
S6.S6.B.15.JPG,S6,S,S6,Sullaj,7_Tamar,test
S6.S6.B.16.JPG,S6,S,S6,Sullaj,7_Tamar,test
S6.S6.B.2.JPG,S6,S,S6,Sullaj,7_Tamar,test
S6.S6.B.3.JPG,S6,S,S6,Sullaj,7_Tamar,test
S6.S6.B.4.JPG,S6,S,S6,Sullaj,7_Tamar,test
S6.S6.B.5.JPG,S6,S,S6,Sullaj,7_Tamar,test
S6.S6.B.6.JPG,S6,S,S6,Sullaj,7_Tamar,test
S6.S6.B.7.JPG,S6,S,S6,Sullaj,7_Tamar,test
S6.S6.B.8.JPG,S6,S,S6,Sullaj,7_Tamar,test
S6.S6.B.9.JPG,S6,S,S6,Sullaj,7_Tamar,test
S7.S4_2.B.1.JPG,S7,S,S4_2,Sullaj,6_Pre-Tamar,train
S7.S4_2.B.10.JPG,S7,S,S4_2,Sullaj,,train
S7.S4_2.B.11.JPG,S7,S,S4_2,Sullaj,6_Pre-Tamar,train
S7.S4_2.B.12.JPG,S7,S,S4_2,Sullaj,6_Pre-Tamar,train
S7.S4_2.B.13.JPG,S7,S,S4_2,Sullaj,,train
S7.S4_2.B.14.JPG,S7,S,S4_2,Sullaj,,train
S7.S4_2.B.15.JPG,S7,S,S4_2,Sullaj,,train
S7.S4_2.B.16.JPG,S7,S,S4_2,Sullaj,,train
S7.S4_2.B.17.JPG,S7,S,S4_2,Sullaj,,train
S7.S4_2.B.18.JPG,S7,S,S4_2,Sullaj,,train
S7.S4_2.B.19.JPG,S7,S,S4_2,Sullaj,,train
S7.S4_2.B.2.JPG,S7,S,S4_2,Sullaj,6_Pre-Tamar,train
S7.S4_2.B.20.JPG,S7,S,S4_2,Sullaj,,train
S7.S4_2.B.21.JPG,S7,S,S4_2,Sullaj,,train
S7.S4_2.B.22.JPG,S7,S,S4_2,Sullaj,,train
S7.S4_2.B.23.JPG,S7,S,S4_2,Sullaj,,train
S7.S4_2.B.24.JPG,S7,S,S4_2,Sullaj,,train
S7.S4_2.B.25.JPG,S7,S,S4_2,Sullaj,6_Pre-Tamar,train
S7.S4_2.B.26.JPG,S7,S,S4_2,Sullaj,6_Pre-Tamar,train
S7.S4_2.B.27.JPG,S7,S,S4_2,Sullaj,6_Pre-Tamar,train
S7.S4_2.B.28.JPG,S7,S,S4_2,Sullaj,6_Pre-Tamar,train
S7.S4_2.B.29.JPG,S7,S,S4_2,Sullaj,6_Pre-Tamar,train
S7.S4_2.B.3.JPG,S7,S,S4_2,Sullaj,6_Pre-Tamar,train
S7.S4_2.B.30.JPG,S7,S,S4_2,Sullaj,6_Pre-Tamar,train
S7.S4_2.B.31.JPG,S7,S,S4_2,Sullaj,6_Pre-Tamar,train
S7.S4_2.B.32.JPG,S7,S,S4_2,Sullaj,6_Pre-Tamar,train
S7.S4_2.B.33.JPG,S7,S,S4_2,Sullaj,6_Pre-Tamar,train
S7.S4_2.B.34.JPG,S7,S,S4_2,Sullaj,6_Pre-Tamar,train
S7.S4_2.B.35.JPG,S7,S,S4_2,Sullaj,6_Pre-Tamar,train
S7.S4_2.B.36.JPG,S7,S,S4_2,Sullaj,6_Pre-Tamar,train
S7.S4_2.B.37.JPG,S7,S,S4_2,Sullaj,6_Pre-Tamar,train
S7.S4_2.B.38.JPG,S7,S,S4_2,Sullaj,6_Pre-Tamar,train
S7.S4_2.B.39.JPG,S7,S,S4_2,Sullaj,6_Pre-Tamar,train
S7.S4_2.B.4.JPG,S7,S,S4_2,Sullaj,6_Pre-Tamar,train
S7.S4_2.B.40.JPG,S7,S,S4_2,Sullaj,6_Pre-Tamar,train
S7.S4_2.B.41.JPG,S7,S,S4_2,Sullaj,6_Pre-Tamar,train
S7.S4_2.B.42.JPG,S7,S,S4_2,Sullaj,6_Pre-Tamar,train
S7.S4_2.B.43.JPG,S7,S,S4_2,Sullaj,6_Pre-Tamar,train
S7.S4_2.B.44.JPG,S7,S,S4_2,Sullaj,6_Pre-Tamar,train
S7.S4_2.B.45.JPG,S7,S,S4_2,Sullaj,6_Pre-Tamar,train
S7.S4_2.B.46.JPG,S7,S,S4_2,Sullaj,6_Pre-Tamar,train
S7.S4_2.B.47.JPG,S7,S,S4_2,Sullaj,6_Pre-Tamar,train
S7.S4_2.B.48.JPG,S7,S,S4_2,Sullaj,6_Pre-Tamar,train
S7.S4_2.B.49.JPG,S7,S,S4_2,Sullaj,6_Pre-Tamar,train
S7.S4_2.B.5.JPG,S7,S,S4_2,Sullaj,6_Pre-Tamar,train
S7.S4_2.B.50.JPG,S7,S,S4_2,Sullaj,6_Pre-Tamar,train
S7.S4_2.B.51.JPG,S7,S,S4_2,Sullaj,6_Pre-Tamar,train
S7.S4_2.B.6.JPG,S7,S,S4_2,Sullaj,6_Pre-Tamar,train
S7.S4_2.B.7.JPG,S7,S,S4_2,Sullaj,6_Pre-Tamar,train
S7.S4_2.B.8.JPG,S7,S,S4_2,Sullaj,6_Pre-Tamar,train
S7.S4_2.B.9.JPG,S7,S,S4_2,Sullaj,6_Pre-Tamar,train
S7.S5.B.1.JPG,S7,S,S5,Sullaj,7_Tamar,train
S7.S5.B.10.JPG,S7,S,S5,Sullaj,7_Tamar,train
S7.S5.B.11.JPG,S7,S,S5,Sullaj,7_Tamar,train
S7.S5.B.12.JPG,S7,S,S5,Sullaj,7_Tamar,train
S7.S5.B.13.JPG,S7,S,S5,Sullaj,7_Tamar,train
S7.S5.B.14.JPG,S7,S,S5,Sullaj,7_Tamar,train
S7.S5.B.15.JPG,S7,S,S5,Sullaj,7_Tamar,train
S7.S5.B.16.JPG,S7,S,S5,Sullaj,7_Tamar,train
S7.S5.B.17.JPG,S7,S,S5,Sullaj,7_Tamar,train
S7.S5.B.18.JPG,S7,S,S5,Sullaj,7_Tamar,train
S7.S5.B.19.JPG,S7,S,S5,Sullaj,7_Tamar,train
S7.S5.B.2.JPG,S7,S,S5,Sullaj,7_Tamar,train
S7.S5.B.20.JPG,S7,S,S5,Sullaj,7_Tamar,train
S7.S5.B.21.JPG,S7,S,S5,Sullaj,7_Tamar,train
S7.S5.B.22.JPG,S7,S,S5,Sullaj,7_Tamar,train
S7.S5.B.23.JPG,S7,S,S5,Sullaj,7_Tamar,train
S7.S5.B.24.JPG,S7,S,S5,Sullaj,7_Tamar,train
S7.S5.B.25.JPG,S7,S,S5,Sullaj,7_Tamar,train
S7.S5.B.26.JPG,S7,S,S5,Sullaj,7_Tamar,train
S7.S5.B.27.JPG,S7,S,S5,Sullaj,7_Tamar,train
S7.S5.B.28.JPG,S7,S,S5,Sullaj,7_Tamar,train
S7.S5.B.29.JPG,S7,S,S5,Sullaj,7_Tamar,train
S7.S5.B.3.JPG,S7,S,S5,Sullaj,7_Tamar,train
S7.S5.B.30.JPG,S7,S,S5,Sullaj,7_Tamar,train
S7.S5.B.31.JPG,S7,S,S5,Sullaj,7_Tamar,train
S7.S5.B.32.JPG,S7,S,S5,Sullaj,7_Tamar,train
S7.S5.B.33.JPG,S7,S,S5,Sullaj,7_Tamar,train
S7.S5.B.34.JPG,S7,S,S5,Sullaj,7_Tamar,train
S7.S5.B.35.JPG,S7,S,S5,Sullaj,7_Tamar,train
S7.S5.B.36.JPG,S7,S,S5,Sullaj,7_Tamar,train
S7.S5.B.37.JPG,S7,S,S5,Sullaj,7_Tamar,train
S7.S5.B.38.JPG,S7,S,S5,Sullaj,7_Tamar,train
S7.S5.B.39.JPG,S7,S,S5,Sullaj,7_Tamar,train
S7.S5.B.4.JPG,S7,S,S5,Sullaj,7_Tamar,train
S7.S5.B.40.JPG,S7,S,S5,Sullaj,7_Tamar,train
S7.S5.B.41.JPG,S7,S,S5,Sullaj,7_Tamar,train
S7.S5.B.5.JPG,S7,S,S5,Sullaj,7_Tamar,train
S7.S5.B.6.JPG,S7,S,S5,Sullaj,7_Tamar,train
S7.S5.B.7.JPG,S7,S,S5,Sullaj,7_Tamar,train
S7.S5.B.8.JPG,S7,S,S5,Sullaj,7_Tamar,train
S7.S5.B.9.JPG,S7,S,S5,Sullaj,7_Tamar,train
S7.S6.B.1.JPG,S7,S,S6,Sullaj,7_Tamar,train
S7.S6.B.10.JPG,S7,S,S6,Sullaj,7_Tamar,train
S7.S6.B.11.JPG,S7,S,S6,Sullaj,7_Tamar,train
S7.S6.B.12.JPG,S7,S,S6,Sullaj,7_Tamar,train
S7.S6.B.13.JPG,S7,S,S6,Sullaj,7_Tamar,train
S7.S6.B.14.JPG,S7,S,S6,Sullaj,7_Tamar,train
S7.S6.B.15.JPG,S7,S,S6,Sullaj,7_Tamar,train
S7.S6.B.16.JPG,S7,S,S6,Sullaj,7_Tamar,train
S7.S6.B.17.JPG,S7,S,S6,Sullaj,7_Tamar,train
S7.S6.B.18.JPG,S7,S,S6,Sullaj,7_Tamar,train
S7.S6.B.19.JPG,S7,S,S6,Sullaj,7_Tamar,train
S7.S6.B.2.JPG,S7,S,S6,Sullaj,7_Tamar,train
S7.S6.B.20.JPG,S7,S,S6,Sullaj,7_Tamar,train
S7.S6.B.21.JPG,S7,S,S6,Sullaj,7_Tamar,train
S7.S6.B.22.JPG,S7,S,S6,Sullaj,7_Tamar,train
S7.S6.B.23.JPG,S7,S,S6,Sullaj,7_Tamar,train
S7.S6.B.3.JPG,S7,S,S6,Sullaj,7_Tamar,train
S7.S6.B.4.JPG,S7,S,S6,Sullaj,7_Tamar,train
S7.S6.B.5.JPG,S7,S,S6,Sullaj,7_Tamar,train
S7.S6.B.6.JPG,S7,S,S6,Sullaj,7_Tamar,train
S7.S6.B.7.JPG,S7,S,S6,Sullaj,7_Tamar,train
S7.S6.B.8.JPG,S7,S,S6,Sullaj,7_Tamar,train
S7.S6.B.9.JPG,S7,S,S6,Sullaj,7_Tamar,train
S8.S4_2.B.1.JPG,S8,S,S4_2,Sullaj,6_Pre-Tamar,train
S8.S4_2.B.10.JPG,S8,S,S4_2,Sullaj,6_Pre-Tamar,train
S8.S4_2.B.11.JPG,S8,S,S4_2,Sullaj,6_Pre-Tamar,train
S8.S4_2.B.12.JPG,S8,S,S4_2,Sullaj,6_Pre-Tamar,train
S8.S4_2.B.13.JPG,S8,S,S4_2,Sullaj,6_Pre-Tamar,train
S8.S4_2.B.14.JPG,S8,S,S4_2,Sullaj,6_Pre-Tamar,train
S8.S4_2.B.15.JPG,S8,S,S4_2,Sullaj,6_Pre-Tamar,train
S8.S4_2.B.16.JPG,S8,S,S4_2,Sullaj,6_Pre-Tamar,train
S8.S4_2.B.17.JPG,S8,S,S4_2,Sullaj,6_Pre-Tamar,train
S8.S4_2.B.18.JPG,S8,S,S4_2,Sullaj,6_Pre-Tamar,train
S8.S4_2.B.19.JPG,S8,S,S4_2,Sullaj,6_Pre-Tamar,train
S8.S4_2.B.2.JPG,S8,S,S4_2,Sullaj,6_Pre-Tamar,train
S8.S4_2.B.20.JPG,S8,S,S4_2,Sullaj,6_Pre-Tamar,train
S8.S4_2.B.21.JPG,S8,S,S4_2,Sullaj,6_Pre-Tamar,train
S8.S4_2.B.22.JPG,S8,S,S4_2,Sullaj,6_Pre-Tamar,train
S8.S4_2.B.23.JPG,S8,S,S4_2,Sullaj,6_Pre-Tamar,train
S8.S4_2.B.24.JPG,S8,S,S4_2,Sullaj,6_Pre-Tamar,train
S8.S4_2.B.25.JPG,S8,S,S4_2,Sullaj,6_Pre-Tamar,train
S8.S4_2.B.26.JPG,S8,S,S4_2,Sullaj,6_Pre-Tamar,train
S8.S4_2.B.27.JPG,S8,S,S4_2,Sullaj,6_Pre-Tamar,train
S8.S4_2.B.28.JPG,S8,S,S4_2,Sullaj,6_Pre-Tamar,train
S8.S4_2.B.29.JPG,S8,S,S4_2,Sullaj,6_Pre-Tamar,train
S8.S4_2.B.3.JPG,S8,S,S4_2,Sullaj,6_Pre-Tamar,train
S8.S4_2.B.30.JPG,S8,S,S4_2,Sullaj,6_Pre-Tamar,train
S8.S4_2.B.4.JPG,S8,S,S4_2,Sullaj,6_Pre-Tamar,train
S8.S4_2.B.5.JPG,S8,S,S4_2,Sullaj,6_Pre-Tamar,train
S8.S4_2.B.6.JPG,S8,S,S4_2,Sullaj,6_Pre-Tamar,train
S8.S4_2.B.7.JPG,S8,S,S4_2,Sullaj,6_Pre-Tamar,train
S8.S4_2.B.8.JPG,S8,S,S4_2,Sullaj,6_Pre-Tamar,train
S8.S4_2.B.9.JPG,S8,S,S4_2,Sullaj,6_Pre-Tamar,train
S8.S5.B.1.JPG,S8,S,S5,Sullaj,7_Tamar,train
S8.S5.B.10.JPG,S8,S,S5,Sullaj,7_Tamar,train
S8.S5.B.11.JPG,S8,S,S5,Sullaj,7_Tamar,train
S8.S5.B.12.JPG,S8,S,S5,Sullaj,7_Tamar,train
S8.S5.B.13.JPG,S8,S,S5,Sullaj,7_Tamar,train
S8.S5.B.14.JPG,S8,S,S5,Sullaj,7_Tamar,train
S8.S5.B.15.JPG,S8,S,S5,Sullaj,7_Tamar,train
S8.S5.B.16.JPG,S8,S,S5,Sullaj,7_Tamar,train
S8.S5.B.17.JPG,S8,S,S5,Sullaj,7_Tamar,train
S8.S5.B.18.JPG,S8,S,S5,Sullaj,7_Tamar,train
S8.S5.B.19.JPG,S8,S,S5,Sullaj,7_Tamar,train
S8.S5.B.2.JPG,S8,S,S5,Sullaj,7_Tamar,train
S8.S5.B.20.JPG,S8,S,S5,Sullaj,7_Tamar,train
S8.S5.B.21.JPG,S8,S,S5,Sullaj,7_Tamar,train
S8.S5.B.22.JPG,S8,S,S5,Sullaj,7_Tamar,train
S8.S5.B.23.JPG,S8,S,S5,Sullaj,7_Tamar,train
S8.S5.B.24.JPG,S8,S,S5,Sullaj,7_Tamar,train
S8.S5.B.25.JPG,S8,S,S5,Sullaj,7_Tamar,train
S8.S5.B.26.JPG,S8,S,S5,Sullaj,7_Tamar,train
S8.S5.B.27.JPG,S8,S,S5,Sullaj,7_Tamar,train
S8.S5.B.28.JPG,S8,S,S5,Sullaj,7_Tamar,train
S8.S5.B.29.JPG,S8,S,S5,Sullaj,7_Tamar,train
S8.S5.B.3.JPG,S8,S,S5,Sullaj,7_Tamar,train
S8.S5.B.30.JPG,S8,S,S5,Sullaj,7_Tamar,train
S8.S5.B.31.JPG,S8,S,S5,Sullaj,7_Tamar,train
S8.S5.B.32.JPG,S8,S,S5,Sullaj,7_Tamar,train
S8.S5.B.33.JPG,S8,S,S5,Sullaj,7_Tamar,train
S8.S5.B.34.JPG,S8,S,S5,Sullaj,7_Tamar,train
S8.S5.B.35.JPG,S8,S,S5,Sullaj,7_Tamar,train
S8.S5.B.36.JPG,S8,S,S5,Sullaj,7_Tamar,train
S8.S5.B.37.JPG,S8,S,S5,Sullaj,7_Tamar,train
S8.S5.B.38.JPG,S8,S,S5,Sullaj,7_Tamar,train
S8.S5.B.39.JPG,S8,S,S5,Sullaj,7_Tamar,train
S8.S5.B.4.JPG,S8,S,S5,Sullaj,7_Tamar,train
S8.S5.B.40.JPG,S8,S,S5,Sullaj,7_Tamar,train
S8.S5.B.41.JPG,S8,S,S5,Sullaj,7_Tamar,train
S8.S5.B.42.JPG,S8,S,S5,Sullaj,7_Tamar,train
S8.S5.B.43.JPG,S8,S,S5,Sullaj,7_Tamar,train
S8.S5.B.44.JPG,S8,S,S5,Sullaj,7_Tamar,train
S8.S5.B.45.JPG,S8,S,S5,Sullaj,7_Tamar,train
S8.S5.B.46.JPG,S8,S,S5,Sullaj,7_Tamar,train
S8.S5.B.47.JPG,S8,S,S5,Sullaj,7_Tamar,train
S8.S5.B.48.JPG,S8,S,S5,Sullaj,7_Tamar,train
S8.S5.B.49.JPG,S8,S,S5,Sullaj,7_Tamar,train
S8.S5.B.5.JPG,S8,S,S5,Sullaj,7_Tamar,train
S8.S5.B.50.JPG,S8,S,S5,Sullaj,7_Tamar,train
S8.S5.B.51.JPG,S8,S,S5,Sullaj,7_Tamar,train
S8.S5.B.52.JPG,S8,S,S5,Sullaj,7_Tamar,train
S8.S5.B.53.JPG,S8,S,S5,Sullaj,7_Tamar,train
S8.S5.B.6.JPG,S8,S,S5,Sullaj,7_Tamar,train
S8.S5.B.7.JPG,S8,S,S5,Sullaj,7_Tamar,train
S8.S5.B.8.JPG,S8,S,S5,Sullaj,7_Tamar,train
S8.S5.B.9.JPG,S8,S,S5,Sullaj,7_Tamar,train
S8.S6.B.1.JPG,S8,S,S6,Sullaj,7_Tamar,train
S8.S6.B.10.JPG,S8,S,S6,Sullaj,7_Tamar,train
S8.S6.B.11.JPG,S8,S,S6,Sullaj,7_Tamar,train
S8.S6.B.12.JPG,S8,S,S6,Sullaj,7_Tamar,train
S8.S6.B.13.JPG,S8,S,S6,Sullaj,7_Tamar,train
S8.S6.B.14.JPG,S8,S,S6,Sullaj,7_Tamar,train
S8.S6.B.15.JPG,S8,S,S6,Sullaj,7_Tamar,train
S8.S6.B.16.JPG,S8,S,S6,Sullaj,7_Tamar,train
S8.S6.B.17.JPG,S8,S,S6,Sullaj,7_Tamar,train
S8.S6.B.18.JPG,S8,S,S6,Sullaj,7_Tamar,train
S8.S6.B.19.JPG,S8,S,S6,Sullaj,7_Tamar,train
S8.S6.B.2.JPG,S8,S,S6,Sullaj,7_Tamar,train
S8.S6.B.20.JPG,S8,S,S6,Sullaj,7_Tamar,train
S8.S6.B.21.JPG,S8,S,S6,Sullaj,7_Tamar,train
S8.S6.B.22.JPG,S8,S,S6,Sullaj,7_Tamar,train
S8.S6.B.23.JPG,S8,S,S6,Sullaj,7_Tamar,train
S8.S6.B.24.JPG,S8,S,S6,Sullaj,7_Tamar,train
S8.S6.B.25.JPG,S8,S,S6,Sullaj,7_Tamar,train
S8.S6.B.26.JPG,S8,S,S6,Sullaj,7_Tamar,train
S8.S6.B.3.JPG,S8,S,S6,Sullaj,7_Tamar,train
S8.S6.B.4.JPG,S8,S,S6,Sullaj,7_Tamar,train
S8.S6.B.5.JPG,S8,S,S6,Sullaj,7_Tamar,train
S8.S6.B.6.JPG,S8,S,S6,Sullaj,7_Tamar,train
S8.S6.B.7.JPG,S8,S,S6,Sullaj,7_Tamar,train
S8.S6.B.8.JPG,S8,S,S6,Sullaj,7_Tamar,train
S8.S6.B.9.JPG,S8,S,S6,Sullaj,7_Tamar,train
S9.S4_2.B.1.JPG,S9,S,S4_2,Sullaj,6_Pre-Tamar,train
S9.S4_2.B.10.JPG,S9,S,S4_2,Sullaj,,train
S9.S4_2.B.11.JPG,S9,S,S4_2,Sullaj,,train
S9.S4_2.B.12.JPG,S9,S,S4_2,Sullaj,,train
S9.S4_2.B.13.JPG,S9,S,S4_2,Sullaj,,train
S9.S4_2.B.14.JPG,S9,S,S4_2,Sullaj,,train
S9.S4_2.B.15.JPG,S9,S,S4_2,Sullaj,,train
S9.S4_2.B.16.JPG,S9,S,S4_2,Sullaj,,train
S9.S4_2.B.17.JPG,S9,S,S4_2,Sullaj,,train
S9.S4_2.B.18.JPG,S9,S,S4_2,Sullaj,,train
S9.S4_2.B.19.JPG,S9,S,S4_2,Sullaj,6_Pre-Tamar,train
S9.S4_2.B.2.JPG,S9,S,S4_2,Sullaj,6_Pre-Tamar,train
S9.S4_2.B.20.JPG,S9,S,S4_2,Sullaj,6_Pre-Tamar,train
S9.S4_2.B.21.JPG,S9,S,S4_2,Sullaj,6_Pre-Tamar,train
S9.S4_2.B.22.JPG,S9,S,S4_2,Sullaj,6_Pre-Tamar,train
S9.S4_2.B.23.JPG,S9,S,S4_2,Sullaj,6_Pre-Tamar,train
S9.S4_2.B.24.JPG,S9,S,S4_2,Sullaj,,train
S9.S4_2.B.25.JPG,S9,S,S4_2,Sullaj,,train
S9.S4_2.B.26.JPG,S9,S,S4_2,Sullaj,,train
S9.S4_2.B.27.JPG,S9,S,S4_2,Sullaj,,train
S9.S4_2.B.28.JPG,S9,S,S4_2,Sullaj,,train
S9.S4_2.B.29.JPG,S9,S,S4_2,Sullaj,,train
S9.S4_2.B.3.JPG,S9,S,S4_2,Sullaj,6_Pre-Tamar,train
S9.S4_2.B.30.JPG,S9,S,S4_2,Sullaj,,train
S9.S4_2.B.31.JPG,S9,S,S4_2,Sullaj,,train
S9.S4_2.B.32.JPG,S9,S,S4_2,Sullaj,,train
S9.S4_2.B.33.JPG,S9,S,S4_2,Sullaj,,train
S9.S4_2.B.34.JPG,S9,S,S4_2,Sullaj,,train
S9.S4_2.B.35.JPG,S9,S,S4_2,Sullaj,,train
S9.S4_2.B.36.JPG,S9,S,S4_2,Sullaj,,train
S9.S4_2.B.37.JPG,S9,S,S4_2,Sullaj,,train
S9.S4_2.B.38.JPG,S9,S,S4_2,Sullaj,,train
S9.S4_2.B.39.JPG,S9,S,S4_2,Sullaj,,train
S9.S4_2.B.4.JPG,S9,S,S4_2,Sullaj,6_Pre-Tamar,train
S9.S4_2.B.40.JPG,S9,S,S4_2,Sullaj,6_Pre-Tamar,train
S9.S4_2.B.41.JPG,S9,S,S4_2,Sullaj,6_Pre-Tamar,train
S9.S4_2.B.42.JPG,S9,S,S4_2,Sullaj,6_Pre-Tamar,train
S9.S4_2.B.43.JPG,S9,S,S4_2,Sullaj,6_Pre-Tamar,train
S9.S4_2.B.44.JPG,S9,S,S4_2,Sullaj,6_Pre-Tamar,train
S9.S4_2.B.45.JPG,S9,S,S4_2,Sullaj,6_Pre-Tamar,train
S9.S4_2.B.46.JPG,S9,S,S4_2,Sullaj,,train
S9.S4_2.B.47.JPG,S9,S,S4_2,Sullaj,,train
S9.S4_2.B.48.JPG,S9,S,S4_2,Sullaj,,train
S9.S4_2.B.49.JPG,S9,S,S4_2,Sullaj,6_Pre-Tamar,train
S9.S4_2.B.5.JPG,S9,S,S4_2,Sullaj,6_Pre-Tamar,train
S9.S4_2.B.50.JPG,S9,S,S4_2,Sullaj,6_Pre-Tamar,train
S9.S4_2.B.51.JPG,S9,S,S4_2,Sullaj,6_Pre-Tamar,train
S9.S4_2.B.52.JPG,S9,S,S4_2,Sullaj,6_Pre-Tamar,train
S9.S4_2.B.53.JPG,S9,S,S4_2,Sullaj,6_Pre-Tamar,train
S9.S4_2.B.54.JPG,S9,S,S4_2,Sullaj,6_Pre-Tamar,train
S9.S4_2.B.55.JPG,S9,S,S4_2,Sullaj,6_Pre-Tamar,train
S9.S4_2.B.56.JPG,S9,S,S4_2,Sullaj,,train
S9.S4_2.B.57.JPG,S9,S,S4_2,Sullaj,,train
S9.S4_2.B.58.JPG,S9,S,S4_2,Sullaj,,train
S9.S4_2.B.59.JPG,S9,S,S4_2,Sullaj,6_Pre-Tamar,train
S9.S4_2.B.6.JPG,S9,S,S4_2,Sullaj,6_Pre-Tamar,train
S9.S4_2.B.60.JPG,S9,S,S4_2,Sullaj,6_Pre-Tamar,train
S9.S4_2.B.61.JPG,S9,S,S4_2,Sullaj,6_Pre-Tamar,train
S9.S4_2.B.62.JPG,S9,S,S4_2,Sullaj,6_Pre-Tamar,train
S9.S4_2.B.63.JPG,S9,S,S4_2,Sullaj,6_Pre-Tamar,train
S9.S4_2.B.64.JPG,S9,S,S4_2,Sullaj,6_Pre-Tamar,train
S9.S4_2.B.65.JPG,S9,S,S4_2,Sullaj,6_Pre-Tamar,train
S9.S4_2.B.66.JPG,S9,S,S4_2,Sullaj,6_Pre-Tamar,train
S9.S4_2.B.67.JPG,S9,S,S4_2,Sullaj,6_Pre-Tamar,train
S9.S4_2.B.68.JPG,S9,S,S4_2,Sullaj,6_Pre-Tamar,train
S9.S4_2.B.69.JPG,S9,S,S4_2,Sullaj,6_Pre-Tamar,train
S9.S4_2.B.7.JPG,S9,S,S4_2,Sullaj,,train
S9.S4_2.B.70.JPG,S9,S,S4_2,Sullaj,6_Pre-Tamar,train
S9.S4_2.B.71.JPG,S9,S,S4_2,Sullaj,6_Pre-Tamar,train
S9.S4_2.B.72.JPG,S9,S,S4_2,Sullaj,6_Pre-Tamar,train
S9.S4_2.B.73.JPG,S9,S,S4_2,Sullaj,6_Pre-Tamar,train
S9.S4_2.B.74.JPG,S9,S,S4_2,Sullaj,6_Pre-Tamar,train
S9.S4_2.B.75.JPG,S9,S,S4_2,Sullaj,6_Pre-Tamar,train
S9.S4_2.B.8.JPG,S9,S,S4_2,Sullaj,,train
S9.S4_2.B.9.JPG,S9,S,S4_2,Sullaj,,train
S9.S5.B.1.JPG,S9,S,S5,Sullaj,7_Tamar,train
S9.S5.B.10.JPG,S9,S,S5,Sullaj,7_Tamar,train
S9.S5.B.11.JPG,S9,S,S5,Sullaj,7_Tamar,train
S9.S5.B.12.JPG,S9,S,S5,Sullaj,7_Tamar,train
S9.S5.B.13.JPG,S9,S,S5,Sullaj,7_Tamar,train
S9.S5.B.14.JPG,S9,S,S5,Sullaj,7_Tamar,train
S9.S5.B.15.JPG,S9,S,S5,Sullaj,7_Tamar,train
S9.S5.B.16.JPG,S9,S,S5,Sullaj,7_Tamar,train
S9.S5.B.17.JPG,S9,S,S5,Sullaj,7_Tamar,train
S9.S5.B.18.JPG,S9,S,S5,Sullaj,7_Tamar,train
S9.S5.B.19.JPG,S9,S,S5,Sullaj,7_Tamar,train
S9.S5.B.2.JPG,S9,S,S5,Sullaj,7_Tamar,train
S9.S5.B.20.JPG,S9,S,S5,Sullaj,7_Tamar,train
S9.S5.B.21.JPG,S9,S,S5,Sullaj,7_Tamar,train
S9.S5.B.22.JPG,S9,S,S5,Sullaj,7_Tamar,train
S9.S5.B.23.JPG,S9,S,S5,Sullaj,7_Tamar,train
S9.S5.B.24.JPG,S9,S,S5,Sullaj,7_Tamar,train
S9.S5.B.25.JPG,S9,S,S5,Sullaj,7_Tamar,train
S9.S5.B.26.JPG,S9,S,S5,Sullaj,7_Tamar,train
S9.S5.B.27.JPG,S9,S,S5,Sullaj,7_Tamar,train
S9.S5.B.28.JPG,S9,S,S5,Sullaj,7_Tamar,train
S9.S5.B.29.JPG,S9,S,S5,Sullaj,7_Tamar,train
S9.S5.B.3.JPG,S9,S,S5,Sullaj,7_Tamar,train
S9.S5.B.30.JPG,S9,S,S5,Sullaj,7_Tamar,train
S9.S5.B.31.JPG,S9,S,S5,Sullaj,7_Tamar,train
S9.S5.B.32.JPG,S9,S,S5,Sullaj,7_Tamar,train
S9.S5.B.33.JPG,S9,S,S5,Sullaj,7_Tamar,train
S9.S5.B.34.JPG,S9,S,S5,Sullaj,7_Tamar,train
S9.S5.B.35.JPG,S9,S,S5,Sullaj,7_Tamar,train
S9.S5.B.36.JPG,S9,S,S5,Sullaj,7_Tamar,train
S9.S5.B.37.JPG,S9,S,S5,Sullaj,7_Tamar,train
S9.S5.B.38.JPG,S9,S,S5,Sullaj,7_Tamar,train
S9.S5.B.39.JPG,S9,S,S5,Sullaj,7_Tamar,train
S9.S5.B.4.JPG,S9,S,S5,Sullaj,7_Tamar,train
S9.S5.B.40.JPG,S9,S,S5,Sullaj,7_Tamar,train
S9.S5.B.41.JPG,S9,S,S5,Sullaj,7_Tamar,train
S9.S5.B.42.JPG,S9,S,S5,Sullaj,7_Tamar,train
S9.S5.B.43.JPG,S9,S,S5,Sullaj,7_Tamar,train
S9.S5.B.44.JPG,S9,S,S5,Sullaj,7_Tamar,train
S9.S5.B.45.JPG,S9,S,S5,Sullaj,7_Tamar,train
S9.S5.B.46.JPG,S9,S,S5,Sullaj,7_Tamar,train
S9.S5.B.47.JPG,S9,S,S5,Sullaj,7_Tamar,train
S9.S5.B.48.JPG,S9,S,S5,Sullaj,7_Tamar,train
S9.S5.B.5.JPG,S9,S,S5,Sullaj,7_Tamar,train
S9.S5.B.6.JPG,S9,S,S5,Sullaj,7_Tamar,train
S9.S5.B.7.JPG,S9,S,S5,Sullaj,7_Tamar,train
S9.S5.B.8.JPG,S9,S,S5,Sullaj,7_Tamar,train
S9.S5.B.9.JPG,S9,S,S5,Sullaj,7_Tamar,train
S9.S6.B.1.JPG,S9,S,S6,Sullaj,7_Tamar,train
S9.S6.B.10.JPG,S9,S,S6,Sullaj,7_Tamar,train
S9.S6.B.11.JPG,S9,S,S6,Sullaj,7_Tamar,train
S9.S6.B.12.JPG,S9,S,S6,Sullaj,7_Tamar,train
S9.S6.B.13.JPG,S9,S,S6,Sullaj,7_Tamar,train
S9.S6.B.14.JPG,S9,S,S6,Sullaj,7_Tamar,train
S9.S6.B.15.JPG,S9,S,S6,Sullaj,7_Tamar,train
S9.S6.B.16.JPG,S9,S,S6,Sullaj,7_Tamar,train
S9.S6.B.17.JPG,S9,S,S6,Sullaj,7_Tamar,train
S9.S6.B.2.JPG,S9,S,S6,Sullaj,7_Tamar,train
S9.S6.B.3.JPG,S9,S,S6,Sullaj,7_Tamar,train
S9.S6.B.4.JPG,S9,S,S6,Sullaj,7_Tamar,train
S9.S6.B.5.JPG,S9,S,S6,Sullaj,7_Tamar,train
S9.S6.B.6.JPG,S9,S,S6,Sullaj,7_Tamar,train
S9.S6.B.7.JPG,S9,S,S6,Sullaj,7_Tamar,train
S9.S6.B.8.JPG,S9,S,S6,Sullaj,7_Tamar,train
S9.S6.B.9.JPG,S9,S,S6,Sullaj,7_Tamar,train
